arm,armless,art,artless,11
arm,armless,bone,boneless,11
arm,armless,breath,breathless,11
arm,armless,carbon,carbonless,11
arm,armless,child,childless,11
arm,armless,collar,collarless,11
arm,armless,death,deathless,11
arm,armless,defence,defenceless,11
arm,armless,effort,effortless,11
arm,armless,ego,egoless,11
arm,armless,emotion,emotionless,11
arm,armless,error,errorless,11
arm,armless,expression,expressionless,11
arm,armless,faith,faithless,11
arm,armless,friction,frictionless,11
arm,armless,friend,friendless,11
arm,armless,gender,genderless,11
arm,armless,goal,goalless,11
arm,armless,god,godless,11
arm,armless,guile,guileless,11
arm,armless,guilt,guiltless,11
arm,armless,hair,hairless,11
arm,armless,heart,heartless,11
arm,armless,heir,heirless,11
arm,armless,home,homeless,11
arm,armless,law,lawless,11
arm,armless,leg,legless,11
arm,armless,life,lifeless,11
arm,armless,luck,luckless,11
arm,armless,meat,meatless,11
arm,armless,mirth,mirthless,11
arm,armless,money,moneyless,11
arm,armless,odor,odorless,11
arm,armless,passion,passionless,11
arm,armless,path,pathless,11
arm,armless,penny,penniless,11
arm,armless,remorse,remorseless,11
arm,armless,ruth,ruthless,11
arm,armless,sleeve,sleeveless,11
arm,armless,soul,soulless,11
arm,armless,speech,speechless,11
arm,armless,spine,spineless,11
arm,armless,tact,tactless,11
arm,armless,talent,talentless,11
arm,armless,thought,thoughtless,11
arm,armless,tooth,toothless,11
arm,armless,window,windowless,11
arm,armless,wit,witless,11
art,artless,bone,boneless,11
art,artless,breath,breathless,11
art,artless,carbon,carbonless,11
art,artless,child,childless,11
art,artless,collar,collarless,11
art,artless,death,deathless,11
art,artless,defence,defenceless,11
art,artless,effort,effortless,11
art,artless,ego,egoless,11
art,artless,emotion,emotionless,11
art,artless,error,errorless,11
art,artless,expression,expressionless,11
art,artless,faith,faithless,11
art,artless,friction,frictionless,11
art,artless,friend,friendless,11
art,artless,gender,genderless,11
art,artless,goal,goalless,11
art,artless,god,godless,11
art,artless,guile,guileless,11
art,artless,guilt,guiltless,11
art,artless,hair,hairless,11
art,artless,heart,heartless,11
art,artless,heir,heirless,11
art,artless,home,homeless,11
art,artless,law,lawless,11
art,artless,leg,legless,11
art,artless,life,lifeless,11
art,artless,luck,luckless,11
art,artless,meat,meatless,11
art,artless,mirth,mirthless,11
art,artless,money,moneyless,11
art,artless,odor,odorless,11
art,artless,passion,passionless,11
art,artless,path,pathless,11
art,artless,penny,penniless,11
art,artless,remorse,remorseless,11
art,artless,ruth,ruthless,11
art,artless,sleeve,sleeveless,11
art,artless,soul,soulless,11
art,artless,speech,speechless,11
art,artless,spine,spineless,11
art,artless,tact,tactless,11
art,artless,talent,talentless,11
art,artless,thought,thoughtless,11
art,artless,tooth,toothless,11
art,artless,window,windowless,11
art,artless,wit,witless,11
bone,boneless,breath,breathless,11
bone,boneless,carbon,carbonless,11
bone,boneless,child,childless,11
bone,boneless,collar,collarless,11
bone,boneless,death,deathless,11
bone,boneless,defence,defenceless,11
bone,boneless,effort,effortless,11
bone,boneless,ego,egoless,11
bone,boneless,emotion,emotionless,11
bone,boneless,error,errorless,11
bone,boneless,expression,expressionless,11
bone,boneless,faith,faithless,11
bone,boneless,friction,frictionless,11
bone,boneless,friend,friendless,11
bone,boneless,gender,genderless,11
bone,boneless,goal,goalless,11
bone,boneless,god,godless,11
bone,boneless,guile,guileless,11
bone,boneless,guilt,guiltless,11
bone,boneless,hair,hairless,11
bone,boneless,heart,heartless,11
bone,boneless,heir,heirless,11
bone,boneless,home,homeless,11
bone,boneless,law,lawless,11
bone,boneless,leg,legless,11
bone,boneless,life,lifeless,11
bone,boneless,luck,luckless,11
bone,boneless,meat,meatless,11
bone,boneless,mirth,mirthless,11
bone,boneless,money,moneyless,11
bone,boneless,odor,odorless,11
bone,boneless,passion,passionless,11
bone,boneless,path,pathless,11
bone,boneless,penny,penniless,11
bone,boneless,remorse,remorseless,11
bone,boneless,ruth,ruthless,11
bone,boneless,sleeve,sleeveless,11
bone,boneless,soul,soulless,11
bone,boneless,speech,speechless,11
bone,boneless,spine,spineless,11
bone,boneless,tact,tactless,11
bone,boneless,talent,talentless,11
bone,boneless,thought,thoughtless,11
bone,boneless,tooth,toothless,11
bone,boneless,window,windowless,11
bone,boneless,wit,witless,11
breath,breathless,carbon,carbonless,11
breath,breathless,child,childless,11
breath,breathless,collar,collarless,11
breath,breathless,death,deathless,11
breath,breathless,defence,defenceless,11
breath,breathless,effort,effortless,11
breath,breathless,ego,egoless,11
breath,breathless,emotion,emotionless,11
breath,breathless,error,errorless,11
breath,breathless,expression,expressionless,11
breath,breathless,faith,faithless,11
breath,breathless,friction,frictionless,11
breath,breathless,friend,friendless,11
breath,breathless,gender,genderless,11
breath,breathless,goal,goalless,11
breath,breathless,god,godless,11
breath,breathless,guile,guileless,11
breath,breathless,guilt,guiltless,11
breath,breathless,hair,hairless,11
breath,breathless,heart,heartless,11
breath,breathless,heir,heirless,11
breath,breathless,home,homeless,11
breath,breathless,law,lawless,11
breath,breathless,leg,legless,11
breath,breathless,life,lifeless,11
breath,breathless,luck,luckless,11
breath,breathless,meat,meatless,11
breath,breathless,mirth,mirthless,11
breath,breathless,money,moneyless,11
breath,breathless,odor,odorless,11
breath,breathless,passion,passionless,11
breath,breathless,path,pathless,11
breath,breathless,penny,penniless,11
breath,breathless,remorse,remorseless,11
breath,breathless,ruth,ruthless,11
breath,breathless,sleeve,sleeveless,11
breath,breathless,soul,soulless,11
breath,breathless,speech,speechless,11
breath,breathless,spine,spineless,11
breath,breathless,tact,tactless,11
breath,breathless,talent,talentless,11
breath,breathless,thought,thoughtless,11
breath,breathless,tooth,toothless,11
breath,breathless,window,windowless,11
breath,breathless,wit,witless,11
carbon,carbonless,child,childless,11
carbon,carbonless,collar,collarless,11
carbon,carbonless,death,deathless,11
carbon,carbonless,defence,defenceless,11
carbon,carbonless,effort,effortless,11
carbon,carbonless,ego,egoless,11
carbon,carbonless,emotion,emotionless,11
carbon,carbonless,error,errorless,11
carbon,carbonless,expression,expressionless,11
carbon,carbonless,faith,faithless,11
carbon,carbonless,friction,frictionless,11
carbon,carbonless,friend,friendless,11
carbon,carbonless,gender,genderless,11
carbon,carbonless,goal,goalless,11
carbon,carbonless,god,godless,11
carbon,carbonless,guile,guileless,11
carbon,carbonless,guilt,guiltless,11
carbon,carbonless,hair,hairless,11
carbon,carbonless,heart,heartless,11
carbon,carbonless,heir,heirless,11
carbon,carbonless,home,homeless,11
carbon,carbonless,law,lawless,11
carbon,carbonless,leg,legless,11
carbon,carbonless,life,lifeless,11
carbon,carbonless,luck,luckless,11
carbon,carbonless,meat,meatless,11
carbon,carbonless,mirth,mirthless,11
carbon,carbonless,money,moneyless,11
carbon,carbonless,odor,odorless,11
carbon,carbonless,passion,passionless,11
carbon,carbonless,path,pathless,11
carbon,carbonless,penny,penniless,11
carbon,carbonless,remorse,remorseless,11
carbon,carbonless,ruth,ruthless,11
carbon,carbonless,sleeve,sleeveless,11
carbon,carbonless,soul,soulless,11
carbon,carbonless,speech,speechless,11
carbon,carbonless,spine,spineless,11
carbon,carbonless,tact,tactless,11
carbon,carbonless,talent,talentless,11
carbon,carbonless,thought,thoughtless,11
carbon,carbonless,tooth,toothless,11
carbon,carbonless,window,windowless,11
carbon,carbonless,wit,witless,11
child,childless,collar,collarless,11
child,childless,death,deathless,11
child,childless,defence,defenceless,11
child,childless,effort,effortless,11
child,childless,ego,egoless,11
child,childless,emotion,emotionless,11
child,childless,error,errorless,11
child,childless,expression,expressionless,11
child,childless,faith,faithless,11
child,childless,friction,frictionless,11
child,childless,friend,friendless,11
child,childless,gender,genderless,11
child,childless,goal,goalless,11
child,childless,god,godless,11
child,childless,guile,guileless,11
child,childless,guilt,guiltless,11
child,childless,hair,hairless,11
child,childless,heart,heartless,11
child,childless,heir,heirless,11
child,childless,home,homeless,11
child,childless,law,lawless,11
child,childless,leg,legless,11
child,childless,life,lifeless,11
child,childless,luck,luckless,11
child,childless,meat,meatless,11
child,childless,mirth,mirthless,11
child,childless,money,moneyless,11
child,childless,odor,odorless,11
child,childless,passion,passionless,11
child,childless,path,pathless,11
child,childless,penny,penniless,11
child,childless,remorse,remorseless,11
child,childless,ruth,ruthless,11
child,childless,sleeve,sleeveless,11
child,childless,soul,soulless,11
child,childless,speech,speechless,11
child,childless,spine,spineless,11
child,childless,tact,tactless,11
child,childless,talent,talentless,11
child,childless,thought,thoughtless,11
child,childless,tooth,toothless,11
child,childless,window,windowless,11
child,childless,wit,witless,11
collar,collarless,death,deathless,11
collar,collarless,defence,defenceless,11
collar,collarless,effort,effortless,11
collar,collarless,ego,egoless,11
collar,collarless,emotion,emotionless,11
collar,collarless,error,errorless,11
collar,collarless,expression,expressionless,11
collar,collarless,faith,faithless,11
collar,collarless,friction,frictionless,11
collar,collarless,friend,friendless,11
collar,collarless,gender,genderless,11
collar,collarless,goal,goalless,11
collar,collarless,god,godless,11
collar,collarless,guile,guileless,11
collar,collarless,guilt,guiltless,11
collar,collarless,hair,hairless,11
collar,collarless,heart,heartless,11
collar,collarless,heir,heirless,11
collar,collarless,home,homeless,11
collar,collarless,law,lawless,11
collar,collarless,leg,legless,11
collar,collarless,life,lifeless,11
collar,collarless,luck,luckless,11
collar,collarless,meat,meatless,11
collar,collarless,mirth,mirthless,11
collar,collarless,money,moneyless,11
collar,collarless,odor,odorless,11
collar,collarless,passion,passionless,11
collar,collarless,path,pathless,11
collar,collarless,penny,penniless,11
collar,collarless,remorse,remorseless,11
collar,collarless,ruth,ruthless,11
collar,collarless,sleeve,sleeveless,11
collar,collarless,soul,soulless,11
collar,collarless,speech,speechless,11
collar,collarless,spine,spineless,11
collar,collarless,tact,tactless,11
collar,collarless,talent,talentless,11
collar,collarless,thought,thoughtless,11
collar,collarless,tooth,toothless,11
collar,collarless,window,windowless,11
collar,collarless,wit,witless,11
death,deathless,defence,defenceless,11
death,deathless,effort,effortless,11
death,deathless,ego,egoless,11
death,deathless,emotion,emotionless,11
death,deathless,error,errorless,11
death,deathless,expression,expressionless,11
death,deathless,faith,faithless,11
death,deathless,friction,frictionless,11
death,deathless,friend,friendless,11
death,deathless,gender,genderless,11
death,deathless,goal,goalless,11
death,deathless,god,godless,11
death,deathless,guile,guileless,11
death,deathless,guilt,guiltless,11
death,deathless,hair,hairless,11
death,deathless,heart,heartless,11
death,deathless,heir,heirless,11
death,deathless,home,homeless,11
death,deathless,law,lawless,11
death,deathless,leg,legless,11
death,deathless,life,lifeless,11
death,deathless,luck,luckless,11
death,deathless,meat,meatless,11
death,deathless,mirth,mirthless,11
death,deathless,money,moneyless,11
death,deathless,odor,odorless,11
death,deathless,passion,passionless,11
death,deathless,path,pathless,11
death,deathless,penny,penniless,11
death,deathless,remorse,remorseless,11
death,deathless,ruth,ruthless,11
death,deathless,sleeve,sleeveless,11
death,deathless,soul,soulless,11
death,deathless,speech,speechless,11
death,deathless,spine,spineless,11
death,deathless,tact,tactless,11
death,deathless,talent,talentless,11
death,deathless,thought,thoughtless,11
death,deathless,tooth,toothless,11
death,deathless,window,windowless,11
death,deathless,wit,witless,11
defence,defenceless,effort,effortless,11
defence,defenceless,ego,egoless,11
defence,defenceless,emotion,emotionless,11
defence,defenceless,error,errorless,11
defence,defenceless,expression,expressionless,11
defence,defenceless,faith,faithless,11
defence,defenceless,friction,frictionless,11
defence,defenceless,friend,friendless,11
defence,defenceless,gender,genderless,11
defence,defenceless,goal,goalless,11
defence,defenceless,god,godless,11
defence,defenceless,guile,guileless,11
defence,defenceless,guilt,guiltless,11
defence,defenceless,hair,hairless,11
defence,defenceless,heart,heartless,11
defence,defenceless,heir,heirless,11
defence,defenceless,home,homeless,11
defence,defenceless,law,lawless,11
defence,defenceless,leg,legless,11
defence,defenceless,life,lifeless,11
defence,defenceless,luck,luckless,11
defence,defenceless,meat,meatless,11
defence,defenceless,mirth,mirthless,11
defence,defenceless,money,moneyless,11
defence,defenceless,odor,odorless,11
defence,defenceless,passion,passionless,11
defence,defenceless,path,pathless,11
defence,defenceless,penny,penniless,11
defence,defenceless,remorse,remorseless,11
defence,defenceless,ruth,ruthless,11
defence,defenceless,sleeve,sleeveless,11
defence,defenceless,soul,soulless,11
defence,defenceless,speech,speechless,11
defence,defenceless,spine,spineless,11
defence,defenceless,tact,tactless,11
defence,defenceless,talent,talentless,11
defence,defenceless,thought,thoughtless,11
defence,defenceless,tooth,toothless,11
defence,defenceless,window,windowless,11
defence,defenceless,wit,witless,11
effort,effortless,ego,egoless,11
effort,effortless,emotion,emotionless,11
effort,effortless,error,errorless,11
effort,effortless,expression,expressionless,11
effort,effortless,faith,faithless,11
effort,effortless,friction,frictionless,11
effort,effortless,friend,friendless,11
effort,effortless,gender,genderless,11
effort,effortless,goal,goalless,11
effort,effortless,god,godless,11
effort,effortless,guile,guileless,11
effort,effortless,guilt,guiltless,11
effort,effortless,hair,hairless,11
effort,effortless,heart,heartless,11
effort,effortless,heir,heirless,11
effort,effortless,home,homeless,11
effort,effortless,law,lawless,11
effort,effortless,leg,legless,11
effort,effortless,life,lifeless,11
effort,effortless,luck,luckless,11
effort,effortless,meat,meatless,11
effort,effortless,mirth,mirthless,11
effort,effortless,money,moneyless,11
effort,effortless,odor,odorless,11
effort,effortless,passion,passionless,11
effort,effortless,path,pathless,11
effort,effortless,penny,penniless,11
effort,effortless,remorse,remorseless,11
effort,effortless,ruth,ruthless,11
effort,effortless,sleeve,sleeveless,11
effort,effortless,soul,soulless,11
effort,effortless,speech,speechless,11
effort,effortless,spine,spineless,11
effort,effortless,tact,tactless,11
effort,effortless,talent,talentless,11
effort,effortless,thought,thoughtless,11
effort,effortless,tooth,toothless,11
effort,effortless,window,windowless,11
effort,effortless,wit,witless,11
ego,egoless,emotion,emotionless,11
ego,egoless,error,errorless,11
ego,egoless,expression,expressionless,11
ego,egoless,faith,faithless,11
ego,egoless,friction,frictionless,11
ego,egoless,friend,friendless,11
ego,egoless,gender,genderless,11
ego,egoless,goal,goalless,11
ego,egoless,god,godless,11
ego,egoless,guile,guileless,11
ego,egoless,guilt,guiltless,11
ego,egoless,hair,hairless,11
ego,egoless,heart,heartless,11
ego,egoless,heir,heirless,11
ego,egoless,home,homeless,11
ego,egoless,law,lawless,11
ego,egoless,leg,legless,11
ego,egoless,life,lifeless,11
ego,egoless,luck,luckless,11
ego,egoless,meat,meatless,11
ego,egoless,mirth,mirthless,11
ego,egoless,money,moneyless,11
ego,egoless,odor,odorless,11
ego,egoless,passion,passionless,11
ego,egoless,path,pathless,11
ego,egoless,penny,penniless,11
ego,egoless,remorse,remorseless,11
ego,egoless,ruth,ruthless,11
ego,egoless,sleeve,sleeveless,11
ego,egoless,soul,soulless,11
ego,egoless,speech,speechless,11
ego,egoless,spine,spineless,11
ego,egoless,tact,tactless,11
ego,egoless,talent,talentless,11
ego,egoless,thought,thoughtless,11
ego,egoless,tooth,toothless,11
ego,egoless,window,windowless,11
ego,egoless,wit,witless,11
emotion,emotionless,error,errorless,11
emotion,emotionless,expression,expressionless,11
emotion,emotionless,faith,faithless,11
emotion,emotionless,friction,frictionless,11
emotion,emotionless,friend,friendless,11
emotion,emotionless,gender,genderless,11
emotion,emotionless,goal,goalless,11
emotion,emotionless,god,godless,11
emotion,emotionless,guile,guileless,11
emotion,emotionless,guilt,guiltless,11
emotion,emotionless,hair,hairless,11
emotion,emotionless,heart,heartless,11
emotion,emotionless,heir,heirless,11
emotion,emotionless,home,homeless,11
emotion,emotionless,law,lawless,11
emotion,emotionless,leg,legless,11
emotion,emotionless,life,lifeless,11
emotion,emotionless,luck,luckless,11
emotion,emotionless,meat,meatless,11
emotion,emotionless,mirth,mirthless,11
emotion,emotionless,money,moneyless,11
emotion,emotionless,odor,odorless,11
emotion,emotionless,passion,passionless,11
emotion,emotionless,path,pathless,11
emotion,emotionless,penny,penniless,11
emotion,emotionless,remorse,remorseless,11
emotion,emotionless,ruth,ruthless,11
emotion,emotionless,sleeve,sleeveless,11
emotion,emotionless,soul,soulless,11
emotion,emotionless,speech,speechless,11
emotion,emotionless,spine,spineless,11
emotion,emotionless,tact,tactless,11
emotion,emotionless,talent,talentless,11
emotion,emotionless,thought,thoughtless,11
emotion,emotionless,tooth,toothless,11
emotion,emotionless,window,windowless,11
emotion,emotionless,wit,witless,11
error,errorless,expression,expressionless,11
error,errorless,faith,faithless,11
error,errorless,friction,frictionless,11
error,errorless,friend,friendless,11
error,errorless,gender,genderless,11
error,errorless,goal,goalless,11
error,errorless,god,godless,11
error,errorless,guile,guileless,11
error,errorless,guilt,guiltless,11
error,errorless,hair,hairless,11
error,errorless,heart,heartless,11
error,errorless,heir,heirless,11
error,errorless,home,homeless,11
error,errorless,law,lawless,11
error,errorless,leg,legless,11
error,errorless,life,lifeless,11
error,errorless,luck,luckless,11
error,errorless,meat,meatless,11
error,errorless,mirth,mirthless,11
error,errorless,money,moneyless,11
error,errorless,odor,odorless,11
error,errorless,passion,passionless,11
error,errorless,path,pathless,11
error,errorless,penny,penniless,11
error,errorless,remorse,remorseless,11
error,errorless,ruth,ruthless,11
error,errorless,sleeve,sleeveless,11
error,errorless,soul,soulless,11
error,errorless,speech,speechless,11
error,errorless,spine,spineless,11
error,errorless,tact,tactless,11
error,errorless,talent,talentless,11
error,errorless,thought,thoughtless,11
error,errorless,tooth,toothless,11
error,errorless,window,windowless,11
error,errorless,wit,witless,11
expression,expressionless,faith,faithless,11
expression,expressionless,friction,frictionless,11
expression,expressionless,friend,friendless,11
expression,expressionless,gender,genderless,11
expression,expressionless,goal,goalless,11
expression,expressionless,god,godless,11
expression,expressionless,guile,guileless,11
expression,expressionless,guilt,guiltless,11
expression,expressionless,hair,hairless,11
expression,expressionless,heart,heartless,11
expression,expressionless,heir,heirless,11
expression,expressionless,home,homeless,11
expression,expressionless,law,lawless,11
expression,expressionless,leg,legless,11
expression,expressionless,life,lifeless,11
expression,expressionless,luck,luckless,11
expression,expressionless,meat,meatless,11
expression,expressionless,mirth,mirthless,11
expression,expressionless,money,moneyless,11
expression,expressionless,odor,odorless,11
expression,expressionless,passion,passionless,11
expression,expressionless,path,pathless,11
expression,expressionless,penny,penniless,11
expression,expressionless,remorse,remorseless,11
expression,expressionless,ruth,ruthless,11
expression,expressionless,sleeve,sleeveless,11
expression,expressionless,soul,soulless,11
expression,expressionless,speech,speechless,11
expression,expressionless,spine,spineless,11
expression,expressionless,tact,tactless,11
expression,expressionless,talent,talentless,11
expression,expressionless,thought,thoughtless,11
expression,expressionless,tooth,toothless,11
expression,expressionless,window,windowless,11
expression,expressionless,wit,witless,11
faith,faithless,friction,frictionless,11
faith,faithless,friend,friendless,11
faith,faithless,gender,genderless,11
faith,faithless,goal,goalless,11
faith,faithless,god,godless,11
faith,faithless,guile,guileless,11
faith,faithless,guilt,guiltless,11
faith,faithless,hair,hairless,11
faith,faithless,heart,heartless,11
faith,faithless,heir,heirless,11
faith,faithless,home,homeless,11
faith,faithless,law,lawless,11
faith,faithless,leg,legless,11
faith,faithless,life,lifeless,11
faith,faithless,luck,luckless,11
faith,faithless,meat,meatless,11
faith,faithless,mirth,mirthless,11
faith,faithless,money,moneyless,11
faith,faithless,odor,odorless,11
faith,faithless,passion,passionless,11
faith,faithless,path,pathless,11
faith,faithless,penny,penniless,11
faith,faithless,remorse,remorseless,11
faith,faithless,ruth,ruthless,11
faith,faithless,sleeve,sleeveless,11
faith,faithless,soul,soulless,11
faith,faithless,speech,speechless,11
faith,faithless,spine,spineless,11
faith,faithless,tact,tactless,11
faith,faithless,talent,talentless,11
faith,faithless,thought,thoughtless,11
faith,faithless,tooth,toothless,11
faith,faithless,window,windowless,11
faith,faithless,wit,witless,11
friction,frictionless,friend,friendless,11
friction,frictionless,gender,genderless,11
friction,frictionless,goal,goalless,11
friction,frictionless,god,godless,11
friction,frictionless,guile,guileless,11
friction,frictionless,guilt,guiltless,11
friction,frictionless,hair,hairless,11
friction,frictionless,heart,heartless,11
friction,frictionless,heir,heirless,11
friction,frictionless,home,homeless,11
friction,frictionless,law,lawless,11
friction,frictionless,leg,legless,11
friction,frictionless,life,lifeless,11
friction,frictionless,luck,luckless,11
friction,frictionless,meat,meatless,11
friction,frictionless,mirth,mirthless,11
friction,frictionless,money,moneyless,11
friction,frictionless,odor,odorless,11
friction,frictionless,passion,passionless,11
friction,frictionless,path,pathless,11
friction,frictionless,penny,penniless,11
friction,frictionless,remorse,remorseless,11
friction,frictionless,ruth,ruthless,11
friction,frictionless,sleeve,sleeveless,11
friction,frictionless,soul,soulless,11
friction,frictionless,speech,speechless,11
friction,frictionless,spine,spineless,11
friction,frictionless,tact,tactless,11
friction,frictionless,talent,talentless,11
friction,frictionless,thought,thoughtless,11
friction,frictionless,tooth,toothless,11
friction,frictionless,window,windowless,11
friction,frictionless,wit,witless,11
friend,friendless,gender,genderless,11
friend,friendless,goal,goalless,11
friend,friendless,god,godless,11
friend,friendless,guile,guileless,11
friend,friendless,guilt,guiltless,11
friend,friendless,hair,hairless,11
friend,friendless,heart,heartless,11
friend,friendless,heir,heirless,11
friend,friendless,home,homeless,11
friend,friendless,law,lawless,11
friend,friendless,leg,legless,11
friend,friendless,life,lifeless,11
friend,friendless,luck,luckless,11
friend,friendless,meat,meatless,11
friend,friendless,mirth,mirthless,11
friend,friendless,money,moneyless,11
friend,friendless,odor,odorless,11
friend,friendless,passion,passionless,11
friend,friendless,path,pathless,11
friend,friendless,penny,penniless,11
friend,friendless,remorse,remorseless,11
friend,friendless,ruth,ruthless,11
friend,friendless,sleeve,sleeveless,11
friend,friendless,soul,soulless,11
friend,friendless,speech,speechless,11
friend,friendless,spine,spineless,11
friend,friendless,tact,tactless,11
friend,friendless,talent,talentless,11
friend,friendless,thought,thoughtless,11
friend,friendless,tooth,toothless,11
friend,friendless,window,windowless,11
friend,friendless,wit,witless,11
gender,genderless,goal,goalless,11
gender,genderless,god,godless,11
gender,genderless,guile,guileless,11
gender,genderless,guilt,guiltless,11
gender,genderless,hair,hairless,11
gender,genderless,heart,heartless,11
gender,genderless,heir,heirless,11
gender,genderless,home,homeless,11
gender,genderless,law,lawless,11
gender,genderless,leg,legless,11
gender,genderless,life,lifeless,11
gender,genderless,luck,luckless,11
gender,genderless,meat,meatless,11
gender,genderless,mirth,mirthless,11
gender,genderless,money,moneyless,11
gender,genderless,odor,odorless,11
gender,genderless,passion,passionless,11
gender,genderless,path,pathless,11
gender,genderless,penny,penniless,11
gender,genderless,remorse,remorseless,11
gender,genderless,ruth,ruthless,11
gender,genderless,sleeve,sleeveless,11
gender,genderless,soul,soulless,11
gender,genderless,speech,speechless,11
gender,genderless,spine,spineless,11
gender,genderless,tact,tactless,11
gender,genderless,talent,talentless,11
gender,genderless,thought,thoughtless,11
gender,genderless,tooth,toothless,11
gender,genderless,window,windowless,11
gender,genderless,wit,witless,11
goal,goalless,god,godless,11
goal,goalless,guile,guileless,11
goal,goalless,guilt,guiltless,11
goal,goalless,hair,hairless,11
goal,goalless,heart,heartless,11
goal,goalless,heir,heirless,11
goal,goalless,home,homeless,11
goal,goalless,law,lawless,11
goal,goalless,leg,legless,11
goal,goalless,life,lifeless,11
goal,goalless,luck,luckless,11
goal,goalless,meat,meatless,11
goal,goalless,mirth,mirthless,11
goal,goalless,money,moneyless,11
goal,goalless,odor,odorless,11
goal,goalless,passion,passionless,11
goal,goalless,path,pathless,11
goal,goalless,penny,penniless,11
goal,goalless,remorse,remorseless,11
goal,goalless,ruth,ruthless,11
goal,goalless,sleeve,sleeveless,11
goal,goalless,soul,soulless,11
goal,goalless,speech,speechless,11
goal,goalless,spine,spineless,11
goal,goalless,tact,tactless,11
goal,goalless,talent,talentless,11
goal,goalless,thought,thoughtless,11
goal,goalless,tooth,toothless,11
goal,goalless,window,windowless,11
goal,goalless,wit,witless,11
god,godless,guile,guileless,11
god,godless,guilt,guiltless,11
god,godless,hair,hairless,11
god,godless,heart,heartless,11
god,godless,heir,heirless,11
god,godless,home,homeless,11
god,godless,law,lawless,11
god,godless,leg,legless,11
god,godless,life,lifeless,11
god,godless,luck,luckless,11
god,godless,meat,meatless,11
god,godless,mirth,mirthless,11
god,godless,money,moneyless,11
god,godless,odor,odorless,11
god,godless,passion,passionless,11
god,godless,path,pathless,11
god,godless,penny,penniless,11
god,godless,remorse,remorseless,11
god,godless,ruth,ruthless,11
god,godless,sleeve,sleeveless,11
god,godless,soul,soulless,11
god,godless,speech,speechless,11
god,godless,spine,spineless,11
god,godless,tact,tactless,11
god,godless,talent,talentless,11
god,godless,thought,thoughtless,11
god,godless,tooth,toothless,11
god,godless,window,windowless,11
god,godless,wit,witless,11
guile,guileless,guilt,guiltless,11
guile,guileless,hair,hairless,11
guile,guileless,heart,heartless,11
guile,guileless,heir,heirless,11
guile,guileless,home,homeless,11
guile,guileless,law,lawless,11
guile,guileless,leg,legless,11
guile,guileless,life,lifeless,11
guile,guileless,luck,luckless,11
guile,guileless,meat,meatless,11
guile,guileless,mirth,mirthless,11
guile,guileless,money,moneyless,11
guile,guileless,odor,odorless,11
guile,guileless,passion,passionless,11
guile,guileless,path,pathless,11
guile,guileless,penny,penniless,11
guile,guileless,remorse,remorseless,11
guile,guileless,ruth,ruthless,11
guile,guileless,sleeve,sleeveless,11
guile,guileless,soul,soulless,11
guile,guileless,speech,speechless,11
guile,guileless,spine,spineless,11
guile,guileless,tact,tactless,11
guile,guileless,talent,talentless,11
guile,guileless,thought,thoughtless,11
guile,guileless,tooth,toothless,11
guile,guileless,window,windowless,11
guile,guileless,wit,witless,11
guilt,guiltless,hair,hairless,11
guilt,guiltless,heart,heartless,11
guilt,guiltless,heir,heirless,11
guilt,guiltless,home,homeless,11
guilt,guiltless,law,lawless,11
guilt,guiltless,leg,legless,11
guilt,guiltless,life,lifeless,11
guilt,guiltless,luck,luckless,11
guilt,guiltless,meat,meatless,11
guilt,guiltless,mirth,mirthless,11
guilt,guiltless,money,moneyless,11
guilt,guiltless,odor,odorless,11
guilt,guiltless,passion,passionless,11
guilt,guiltless,path,pathless,11
guilt,guiltless,penny,penniless,11
guilt,guiltless,remorse,remorseless,11
guilt,guiltless,ruth,ruthless,11
guilt,guiltless,sleeve,sleeveless,11
guilt,guiltless,soul,soulless,11
guilt,guiltless,speech,speechless,11
guilt,guiltless,spine,spineless,11
guilt,guiltless,tact,tactless,11
guilt,guiltless,talent,talentless,11
guilt,guiltless,thought,thoughtless,11
guilt,guiltless,tooth,toothless,11
guilt,guiltless,window,windowless,11
guilt,guiltless,wit,witless,11
hair,hairless,heart,heartless,11
hair,hairless,heir,heirless,11
hair,hairless,home,homeless,11
hair,hairless,law,lawless,11
hair,hairless,leg,legless,11
hair,hairless,life,lifeless,11
hair,hairless,luck,luckless,11
hair,hairless,meat,meatless,11
hair,hairless,mirth,mirthless,11
hair,hairless,money,moneyless,11
hair,hairless,odor,odorless,11
hair,hairless,passion,passionless,11
hair,hairless,path,pathless,11
hair,hairless,penny,penniless,11
hair,hairless,remorse,remorseless,11
hair,hairless,ruth,ruthless,11
hair,hairless,sleeve,sleeveless,11
hair,hairless,soul,soulless,11
hair,hairless,speech,speechless,11
hair,hairless,spine,spineless,11
hair,hairless,tact,tactless,11
hair,hairless,talent,talentless,11
hair,hairless,thought,thoughtless,11
hair,hairless,tooth,toothless,11
hair,hairless,window,windowless,11
hair,hairless,wit,witless,11
heart,heartless,heir,heirless,11
heart,heartless,home,homeless,11
heart,heartless,law,lawless,11
heart,heartless,leg,legless,11
heart,heartless,life,lifeless,11
heart,heartless,luck,luckless,11
heart,heartless,meat,meatless,11
heart,heartless,mirth,mirthless,11
heart,heartless,money,moneyless,11
heart,heartless,odor,odorless,11
heart,heartless,passion,passionless,11
heart,heartless,path,pathless,11
heart,heartless,penny,penniless,11
heart,heartless,remorse,remorseless,11
heart,heartless,ruth,ruthless,11
heart,heartless,sleeve,sleeveless,11
heart,heartless,soul,soulless,11
heart,heartless,speech,speechless,11
heart,heartless,spine,spineless,11
heart,heartless,tact,tactless,11
heart,heartless,talent,talentless,11
heart,heartless,thought,thoughtless,11
heart,heartless,tooth,toothless,11
heart,heartless,window,windowless,11
heart,heartless,wit,witless,11
heir,heirless,home,homeless,11
heir,heirless,law,lawless,11
heir,heirless,leg,legless,11
heir,heirless,life,lifeless,11
heir,heirless,luck,luckless,11
heir,heirless,meat,meatless,11
heir,heirless,mirth,mirthless,11
heir,heirless,money,moneyless,11
heir,heirless,odor,odorless,11
heir,heirless,passion,passionless,11
heir,heirless,path,pathless,11
heir,heirless,penny,penniless,11
heir,heirless,remorse,remorseless,11
heir,heirless,ruth,ruthless,11
heir,heirless,sleeve,sleeveless,11
heir,heirless,soul,soulless,11
heir,heirless,speech,speechless,11
heir,heirless,spine,spineless,11
heir,heirless,tact,tactless,11
heir,heirless,talent,talentless,11
heir,heirless,thought,thoughtless,11
heir,heirless,tooth,toothless,11
heir,heirless,window,windowless,11
heir,heirless,wit,witless,11
home,homeless,law,lawless,11
home,homeless,leg,legless,11
home,homeless,life,lifeless,11
home,homeless,luck,luckless,11
home,homeless,meat,meatless,11
home,homeless,mirth,mirthless,11
home,homeless,money,moneyless,11
home,homeless,odor,odorless,11
home,homeless,passion,passionless,11
home,homeless,path,pathless,11
home,homeless,penny,penniless,11
home,homeless,remorse,remorseless,11
home,homeless,ruth,ruthless,11
home,homeless,sleeve,sleeveless,11
home,homeless,soul,soulless,11
home,homeless,speech,speechless,11
home,homeless,spine,spineless,11
home,homeless,tact,tactless,11
home,homeless,talent,talentless,11
home,homeless,thought,thoughtless,11
home,homeless,tooth,toothless,11
home,homeless,window,windowless,11
home,homeless,wit,witless,11
law,lawless,leg,legless,11
law,lawless,life,lifeless,11
law,lawless,luck,luckless,11
law,lawless,meat,meatless,11
law,lawless,mirth,mirthless,11
law,lawless,money,moneyless,11
law,lawless,odor,odorless,11
law,lawless,passion,passionless,11
law,lawless,path,pathless,11
law,lawless,penny,penniless,11
law,lawless,remorse,remorseless,11
law,lawless,ruth,ruthless,11
law,lawless,sleeve,sleeveless,11
law,lawless,soul,soulless,11
law,lawless,speech,speechless,11
law,lawless,spine,spineless,11
law,lawless,tact,tactless,11
law,lawless,talent,talentless,11
law,lawless,thought,thoughtless,11
law,lawless,tooth,toothless,11
law,lawless,window,windowless,11
law,lawless,wit,witless,11
leg,legless,life,lifeless,11
leg,legless,luck,luckless,11
leg,legless,meat,meatless,11
leg,legless,mirth,mirthless,11
leg,legless,money,moneyless,11
leg,legless,odor,odorless,11
leg,legless,passion,passionless,11
leg,legless,path,pathless,11
leg,legless,penny,penniless,11
leg,legless,remorse,remorseless,11
leg,legless,ruth,ruthless,11
leg,legless,sleeve,sleeveless,11
leg,legless,soul,soulless,11
leg,legless,speech,speechless,11
leg,legless,spine,spineless,11
leg,legless,tact,tactless,11
leg,legless,talent,talentless,11
leg,legless,thought,thoughtless,11
leg,legless,tooth,toothless,11
leg,legless,window,windowless,11
leg,legless,wit,witless,11
life,lifeless,luck,luckless,11
life,lifeless,meat,meatless,11
life,lifeless,mirth,mirthless,11
life,lifeless,money,moneyless,11
life,lifeless,odor,odorless,11
life,lifeless,passion,passionless,11
life,lifeless,path,pathless,11
life,lifeless,penny,penniless,11
life,lifeless,remorse,remorseless,11
life,lifeless,ruth,ruthless,11
life,lifeless,sleeve,sleeveless,11
life,lifeless,soul,soulless,11
life,lifeless,speech,speechless,11
life,lifeless,spine,spineless,11
life,lifeless,tact,tactless,11
life,lifeless,talent,talentless,11
life,lifeless,thought,thoughtless,11
life,lifeless,tooth,toothless,11
life,lifeless,window,windowless,11
life,lifeless,wit,witless,11
luck,luckless,meat,meatless,11
luck,luckless,mirth,mirthless,11
luck,luckless,money,moneyless,11
luck,luckless,odor,odorless,11
luck,luckless,passion,passionless,11
luck,luckless,path,pathless,11
luck,luckless,penny,penniless,11
luck,luckless,remorse,remorseless,11
luck,luckless,ruth,ruthless,11
luck,luckless,sleeve,sleeveless,11
luck,luckless,soul,soulless,11
luck,luckless,speech,speechless,11
luck,luckless,spine,spineless,11
luck,luckless,tact,tactless,11
luck,luckless,talent,talentless,11
luck,luckless,thought,thoughtless,11
luck,luckless,tooth,toothless,11
luck,luckless,window,windowless,11
luck,luckless,wit,witless,11
meat,meatless,mirth,mirthless,11
meat,meatless,money,moneyless,11
meat,meatless,odor,odorless,11
meat,meatless,passion,passionless,11
meat,meatless,path,pathless,11
meat,meatless,penny,penniless,11
meat,meatless,remorse,remorseless,11
meat,meatless,ruth,ruthless,11
meat,meatless,sleeve,sleeveless,11
meat,meatless,soul,soulless,11
meat,meatless,speech,speechless,11
meat,meatless,spine,spineless,11
meat,meatless,tact,tactless,11
meat,meatless,talent,talentless,11
meat,meatless,thought,thoughtless,11
meat,meatless,tooth,toothless,11
meat,meatless,window,windowless,11
meat,meatless,wit,witless,11
mirth,mirthless,money,moneyless,11
mirth,mirthless,odor,odorless,11
mirth,mirthless,passion,passionless,11
mirth,mirthless,path,pathless,11
mirth,mirthless,penny,penniless,11
mirth,mirthless,remorse,remorseless,11
mirth,mirthless,ruth,ruthless,11
mirth,mirthless,sleeve,sleeveless,11
mirth,mirthless,soul,soulless,11
mirth,mirthless,speech,speechless,11
mirth,mirthless,spine,spineless,11
mirth,mirthless,tact,tactless,11
mirth,mirthless,talent,talentless,11
mirth,mirthless,thought,thoughtless,11
mirth,mirthless,tooth,toothless,11
mirth,mirthless,window,windowless,11
mirth,mirthless,wit,witless,11
money,moneyless,odor,odorless,11
money,moneyless,passion,passionless,11
money,moneyless,path,pathless,11
money,moneyless,penny,penniless,11
money,moneyless,remorse,remorseless,11
money,moneyless,ruth,ruthless,11
money,moneyless,sleeve,sleeveless,11
money,moneyless,soul,soulless,11
money,moneyless,speech,speechless,11
money,moneyless,spine,spineless,11
money,moneyless,tact,tactless,11
money,moneyless,talent,talentless,11
money,moneyless,thought,thoughtless,11
money,moneyless,tooth,toothless,11
money,moneyless,window,windowless,11
money,moneyless,wit,witless,11
odor,odorless,passion,passionless,11
odor,odorless,path,pathless,11
odor,odorless,penny,penniless,11
odor,odorless,remorse,remorseless,11
odor,odorless,ruth,ruthless,11
odor,odorless,sleeve,sleeveless,11
odor,odorless,soul,soulless,11
odor,odorless,speech,speechless,11
odor,odorless,spine,spineless,11
odor,odorless,tact,tactless,11
odor,odorless,talent,talentless,11
odor,odorless,thought,thoughtless,11
odor,odorless,tooth,toothless,11
odor,odorless,window,windowless,11
odor,odorless,wit,witless,11
passion,passionless,path,pathless,11
passion,passionless,penny,penniless,11
passion,passionless,remorse,remorseless,11
passion,passionless,ruth,ruthless,11
passion,passionless,sleeve,sleeveless,11
passion,passionless,soul,soulless,11
passion,passionless,speech,speechless,11
passion,passionless,spine,spineless,11
passion,passionless,tact,tactless,11
passion,passionless,talent,talentless,11
passion,passionless,thought,thoughtless,11
passion,passionless,tooth,toothless,11
passion,passionless,window,windowless,11
passion,passionless,wit,witless,11
path,pathless,penny,penniless,11
path,pathless,remorse,remorseless,11
path,pathless,ruth,ruthless,11
path,pathless,sleeve,sleeveless,11
path,pathless,soul,soulless,11
path,pathless,speech,speechless,11
path,pathless,spine,spineless,11
path,pathless,tact,tactless,11
path,pathless,talent,talentless,11
path,pathless,thought,thoughtless,11
path,pathless,tooth,toothless,11
path,pathless,window,windowless,11
path,pathless,wit,witless,11
penny,penniless,remorse,remorseless,11
penny,penniless,ruth,ruthless,11
penny,penniless,sleeve,sleeveless,11
penny,penniless,soul,soulless,11
penny,penniless,speech,speechless,11
penny,penniless,spine,spineless,11
penny,penniless,tact,tactless,11
penny,penniless,talent,talentless,11
penny,penniless,thought,thoughtless,11
penny,penniless,tooth,toothless,11
penny,penniless,window,windowless,11
penny,penniless,wit,witless,11
remorse,remorseless,ruth,ruthless,11
remorse,remorseless,sleeve,sleeveless,11
remorse,remorseless,soul,soulless,11
remorse,remorseless,speech,speechless,11
remorse,remorseless,spine,spineless,11
remorse,remorseless,tact,tactless,11
remorse,remorseless,talent,talentless,11
remorse,remorseless,thought,thoughtless,11
remorse,remorseless,tooth,toothless,11
remorse,remorseless,window,windowless,11
remorse,remorseless,wit,witless,11
ruth,ruthless,sleeve,sleeveless,11
ruth,ruthless,soul,soulless,11
ruth,ruthless,speech,speechless,11
ruth,ruthless,spine,spineless,11
ruth,ruthless,tact,tactless,11
ruth,ruthless,talent,talentless,11
ruth,ruthless,thought,thoughtless,11
ruth,ruthless,tooth,toothless,11
ruth,ruthless,window,windowless,11
ruth,ruthless,wit,witless,11
sleeve,sleeveless,soul,soulless,11
sleeve,sleeveless,speech,speechless,11
sleeve,sleeveless,spine,spineless,11
sleeve,sleeveless,tact,tactless,11
sleeve,sleeveless,talent,talentless,11
sleeve,sleeveless,thought,thoughtless,11
sleeve,sleeveless,tooth,toothless,11
sleeve,sleeveless,window,windowless,11
sleeve,sleeveless,wit,witless,11
soul,soulless,speech,speechless,11
soul,soulless,spine,spineless,11
soul,soulless,tact,tactless,11
soul,soulless,talent,talentless,11
soul,soulless,thought,thoughtless,11
soul,soulless,tooth,toothless,11
soul,soulless,window,windowless,11
soul,soulless,wit,witless,11
speech,speechless,spine,spineless,11
speech,speechless,tact,tactless,11
speech,speechless,talent,talentless,11
speech,speechless,thought,thoughtless,11
speech,speechless,tooth,toothless,11
speech,speechless,window,windowless,11
speech,speechless,wit,witless,11
spine,spineless,tact,tactless,11
spine,spineless,talent,talentless,11
spine,spineless,thought,thoughtless,11
spine,spineless,tooth,toothless,11
spine,spineless,window,windowless,11
spine,spineless,wit,witless,11
tact,tactless,talent,talentless,11
tact,tactless,thought,thoughtless,11
tact,tactless,tooth,toothless,11
tact,tactless,window,windowless,11
tact,tactless,wit,witless,11
talent,talentless,thought,thoughtless,11
talent,talentless,tooth,toothless,11
talent,talentless,window,windowless,11
talent,talentless,wit,witless,11
thought,thoughtless,tooth,toothless,11
thought,thoughtless,window,windowless,11
thought,thoughtless,wit,witless,11
tooth,toothless,window,windowless,11
tooth,toothless,wit,witless,11
window,windowless,wit,witless,11
