accept,acceptable,adapt,adaptable,17
accept,acceptable,adjust,adjustable,17
accept,acceptable,admire,admirable,17
accept,acceptable,adore,adorable,17
accept,acceptable,advise,advisable,17
accept,acceptable,afford,affordable,17
accept,acceptable,avoid,avoidable,17
accept,acceptable,consider,considerable,17
accept,acceptable,contain,containable,17
accept,acceptable,define,definable,17
accept,acceptable,deliver,deliverable,17
accept,acceptable,discover,discoverable,17
accept,acceptable,dispose,disposable,17
accept,acceptable,download,downloadable,17
accept,acceptable,edit,editable,17
accept,acceptable,enjoy,enjoyable,17
accept,acceptable,execute,executable,17
accept,acceptable,expand,expandable,17
accept,acceptable,expect,expectable,17
accept,acceptable,explain,explainable,17
accept,acceptable,extend,extendable,17
accept,acceptable,foresee,foreseeable,17
accept,acceptable,identify,identifiable,17
accept,acceptable,imagine,imaginable,17
accept,acceptable,inflate,inflatable,17
accept,acceptable,learn,learnable,17
accept,acceptable,maintain,maintainable,17
accept,acceptable,manage,manageable,17
accept,acceptable,observe,observable,17
accept,acceptable,perform,performable,17
accept,acceptable,predict,predictable,17
accept,acceptable,prefer,preferable,17
accept,acceptable,prevent,preventable,17
accept,acceptable,protect,protectable,17
accept,acceptable,publish,publishable,17
accept,acceptable,recognize,recognizable,17
accept,acceptable,recommend,recommendable,17
accept,acceptable,rely,reliable,17
accept,acceptable,renew,renewable,17
accept,acceptable,replace,replaceable,17
accept,acceptable,represent,representable,17
accept,acceptable,survive,survivable,17
accept,acceptable,sustain,sustainable,17
accept,acceptable,understand,understandable,17
accept,acceptable,vary,variable,17
accept,acceptable,write,writeable,17
adapt,adaptable,adjust,adjustable,17
adapt,adaptable,admire,admirable,17
adapt,adaptable,adore,adorable,17
adapt,adaptable,advise,advisable,17
adapt,adaptable,afford,affordable,17
adapt,adaptable,avoid,avoidable,17
adapt,adaptable,consider,considerable,17
adapt,adaptable,contain,containable,17
adapt,adaptable,define,definable,17
adapt,adaptable,deliver,deliverable,17
adapt,adaptable,discover,discoverable,17
adapt,adaptable,dispose,disposable,17
adapt,adaptable,download,downloadable,17
adapt,adaptable,edit,editable,17
adapt,adaptable,enjoy,enjoyable,17
adapt,adaptable,execute,executable,17
adapt,adaptable,expand,expandable,17
adapt,adaptable,expect,expectable,17
adapt,adaptable,explain,explainable,17
adapt,adaptable,extend,extendable,17
adapt,adaptable,foresee,foreseeable,17
adapt,adaptable,identify,identifiable,17
adapt,adaptable,imagine,imaginable,17
adapt,adaptable,inflate,inflatable,17
adapt,adaptable,learn,learnable,17
adapt,adaptable,maintain,maintainable,17
adapt,adaptable,manage,manageable,17
adapt,adaptable,observe,observable,17
adapt,adaptable,perform,performable,17
adapt,adaptable,predict,predictable,17
adapt,adaptable,prefer,preferable,17
adapt,adaptable,prevent,preventable,17
adapt,adaptable,protect,protectable,17
adapt,adaptable,publish,publishable,17
adapt,adaptable,recognize,recognizable,17
adapt,adaptable,recommend,recommendable,17
adapt,adaptable,rely,reliable,17
adapt,adaptable,renew,renewable,17
adapt,adaptable,replace,replaceable,17
adapt,adaptable,represent,representable,17
adapt,adaptable,survive,survivable,17
adapt,adaptable,sustain,sustainable,17
adapt,adaptable,understand,understandable,17
adapt,adaptable,vary,variable,17
adapt,adaptable,write,writeable,17
adjust,adjustable,admire,admirable,17
adjust,adjustable,adore,adorable,17
adjust,adjustable,advise,advisable,17
adjust,adjustable,afford,affordable,17
adjust,adjustable,avoid,avoidable,17
adjust,adjustable,consider,considerable,17
adjust,adjustable,contain,containable,17
adjust,adjustable,define,definable,17
adjust,adjustable,deliver,deliverable,17
adjust,adjustable,discover,discoverable,17
adjust,adjustable,dispose,disposable,17
adjust,adjustable,download,downloadable,17
adjust,adjustable,edit,editable,17
adjust,adjustable,enjoy,enjoyable,17
adjust,adjustable,execute,executable,17
adjust,adjustable,expand,expandable,17
adjust,adjustable,expect,expectable,17
adjust,adjustable,explain,explainable,17
adjust,adjustable,extend,extendable,17
adjust,adjustable,foresee,foreseeable,17
adjust,adjustable,identify,identifiable,17
adjust,adjustable,imagine,imaginable,17
adjust,adjustable,inflate,inflatable,17
adjust,adjustable,learn,learnable,17
adjust,adjustable,maintain,maintainable,17
adjust,adjustable,manage,manageable,17
adjust,adjustable,observe,observable,17
adjust,adjustable,perform,performable,17
adjust,adjustable,predict,predictable,17
adjust,adjustable,prefer,preferable,17
adjust,adjustable,prevent,preventable,17
adjust,adjustable,protect,protectable,17
adjust,adjustable,publish,publishable,17
adjust,adjustable,recognize,recognizable,17
adjust,adjustable,recommend,recommendable,17
adjust,adjustable,rely,reliable,17
adjust,adjustable,renew,renewable,17
adjust,adjustable,replace,replaceable,17
adjust,adjustable,represent,representable,17
adjust,adjustable,survive,survivable,17
adjust,adjustable,sustain,sustainable,17
adjust,adjustable,understand,understandable,17
adjust,adjustable,vary,variable,17
adjust,adjustable,write,writeable,17
admire,admirable,adore,adorable,17
admire,admirable,advise,advisable,17
admire,admirable,afford,affordable,17
admire,admirable,avoid,avoidable,17
admire,admirable,consider,considerable,17
admire,admirable,contain,containable,17
admire,admirable,define,definable,17
admire,admirable,deliver,deliverable,17
admire,admirable,discover,discoverable,17
admire,admirable,dispose,disposable,17
admire,admirable,download,downloadable,17
admire,admirable,edit,editable,17
admire,admirable,enjoy,enjoyable,17
admire,admirable,execute,executable,17
admire,admirable,expand,expandable,17
admire,admirable,expect,expectable,17
admire,admirable,explain,explainable,17
admire,admirable,extend,extendable,17
admire,admirable,foresee,foreseeable,17
admire,admirable,identify,identifiable,17
admire,admirable,imagine,imaginable,17
admire,admirable,inflate,inflatable,17
admire,admirable,learn,learnable,17
admire,admirable,maintain,maintainable,17
admire,admirable,manage,manageable,17
admire,admirable,observe,observable,17
admire,admirable,perform,performable,17
admire,admirable,predict,predictable,17
admire,admirable,prefer,preferable,17
admire,admirable,prevent,preventable,17
admire,admirable,protect,protectable,17
admire,admirable,publish,publishable,17
admire,admirable,recognize,recognizable,17
admire,admirable,recommend,recommendable,17
admire,admirable,rely,reliable,17
admire,admirable,renew,renewable,17
admire,admirable,replace,replaceable,17
admire,admirable,represent,representable,17
admire,admirable,survive,survivable,17
admire,admirable,sustain,sustainable,17
admire,admirable,understand,understandable,17
admire,admirable,vary,variable,17
admire,admirable,write,writeable,17
adore,adorable,advise,advisable,17
adore,adorable,afford,affordable,17
adore,adorable,avoid,avoidable,17
adore,adorable,consider,considerable,17
adore,adorable,contain,containable,17
adore,adorable,define,definable,17
adore,adorable,deliver,deliverable,17
adore,adorable,discover,discoverable,17
adore,adorable,dispose,disposable,17
adore,adorable,download,downloadable,17
adore,adorable,edit,editable,17
adore,adorable,enjoy,enjoyable,17
adore,adorable,execute,executable,17
adore,adorable,expand,expandable,17
adore,adorable,expect,expectable,17
adore,adorable,explain,explainable,17
adore,adorable,extend,extendable,17
adore,adorable,foresee,foreseeable,17
adore,adorable,identify,identifiable,17
adore,adorable,imagine,imaginable,17
adore,adorable,inflate,inflatable,17
adore,adorable,learn,learnable,17
adore,adorable,maintain,maintainable,17
adore,adorable,manage,manageable,17
adore,adorable,observe,observable,17
adore,adorable,perform,performable,17
adore,adorable,predict,predictable,17
adore,adorable,prefer,preferable,17
adore,adorable,prevent,preventable,17
adore,adorable,protect,protectable,17
adore,adorable,publish,publishable,17
adore,adorable,recognize,recognizable,17
adore,adorable,recommend,recommendable,17
adore,adorable,rely,reliable,17
adore,adorable,renew,renewable,17
adore,adorable,replace,replaceable,17
adore,adorable,represent,representable,17
adore,adorable,survive,survivable,17
adore,adorable,sustain,sustainable,17
adore,adorable,understand,understandable,17
adore,adorable,vary,variable,17
adore,adorable,write,writeable,17
advise,advisable,afford,affordable,17
advise,advisable,avoid,avoidable,17
advise,advisable,consider,considerable,17
advise,advisable,contain,containable,17
advise,advisable,define,definable,17
advise,advisable,deliver,deliverable,17
advise,advisable,discover,discoverable,17
advise,advisable,dispose,disposable,17
advise,advisable,download,downloadable,17
advise,advisable,edit,editable,17
advise,advisable,enjoy,enjoyable,17
advise,advisable,execute,executable,17
advise,advisable,expand,expandable,17
advise,advisable,expect,expectable,17
advise,advisable,explain,explainable,17
advise,advisable,extend,extendable,17
advise,advisable,foresee,foreseeable,17
advise,advisable,identify,identifiable,17
advise,advisable,imagine,imaginable,17
advise,advisable,inflate,inflatable,17
advise,advisable,learn,learnable,17
advise,advisable,maintain,maintainable,17
advise,advisable,manage,manageable,17
advise,advisable,observe,observable,17
advise,advisable,perform,performable,17
advise,advisable,predict,predictable,17
advise,advisable,prefer,preferable,17
advise,advisable,prevent,preventable,17
advise,advisable,protect,protectable,17
advise,advisable,publish,publishable,17
advise,advisable,recognize,recognizable,17
advise,advisable,recommend,recommendable,17
advise,advisable,rely,reliable,17
advise,advisable,renew,renewable,17
advise,advisable,replace,replaceable,17
advise,advisable,represent,representable,17
advise,advisable,survive,survivable,17
advise,advisable,sustain,sustainable,17
advise,advisable,understand,understandable,17
advise,advisable,vary,variable,17
advise,advisable,write,writeable,17
afford,affordable,avoid,avoidable,17
afford,affordable,consider,considerable,17
afford,affordable,contain,containable,17
afford,affordable,define,definable,17
afford,affordable,deliver,deliverable,17
afford,affordable,discover,discoverable,17
afford,affordable,dispose,disposable,17
afford,affordable,download,downloadable,17
afford,affordable,edit,editable,17
afford,affordable,enjoy,enjoyable,17
afford,affordable,execute,executable,17
afford,affordable,expand,expandable,17
afford,affordable,expect,expectable,17
afford,affordable,explain,explainable,17
afford,affordable,extend,extendable,17
afford,affordable,foresee,foreseeable,17
afford,affordable,identify,identifiable,17
afford,affordable,imagine,imaginable,17
afford,affordable,inflate,inflatable,17
afford,affordable,learn,learnable,17
afford,affordable,maintain,maintainable,17
afford,affordable,manage,manageable,17
afford,affordable,observe,observable,17
afford,affordable,perform,performable,17
afford,affordable,predict,predictable,17
afford,affordable,prefer,preferable,17
afford,affordable,prevent,preventable,17
afford,affordable,protect,protectable,17
afford,affordable,publish,publishable,17
afford,affordable,recognize,recognizable,17
afford,affordable,recommend,recommendable,17
afford,affordable,rely,reliable,17
afford,affordable,renew,renewable,17
afford,affordable,replace,replaceable,17
afford,affordable,represent,representable,17
afford,affordable,survive,survivable,17
afford,affordable,sustain,sustainable,17
afford,affordable,understand,understandable,17
afford,affordable,vary,variable,17
afford,affordable,write,writeable,17
avoid,avoidable,consider,considerable,17
avoid,avoidable,contain,containable,17
avoid,avoidable,define,definable,17
avoid,avoidable,deliver,deliverable,17
avoid,avoidable,discover,discoverable,17
avoid,avoidable,dispose,disposable,17
avoid,avoidable,download,downloadable,17
avoid,avoidable,edit,editable,17
avoid,avoidable,enjoy,enjoyable,17
avoid,avoidable,execute,executable,17
avoid,avoidable,expand,expandable,17
avoid,avoidable,expect,expectable,17
avoid,avoidable,explain,explainable,17
avoid,avoidable,extend,extendable,17
avoid,avoidable,foresee,foreseeable,17
avoid,avoidable,identify,identifiable,17
avoid,avoidable,imagine,imaginable,17
avoid,avoidable,inflate,inflatable,17
avoid,avoidable,learn,learnable,17
avoid,avoidable,maintain,maintainable,17
avoid,avoidable,manage,manageable,17
avoid,avoidable,observe,observable,17
avoid,avoidable,perform,performable,17
avoid,avoidable,predict,predictable,17
avoid,avoidable,prefer,preferable,17
avoid,avoidable,prevent,preventable,17
avoid,avoidable,protect,protectable,17
avoid,avoidable,publish,publishable,17
avoid,avoidable,recognize,recognizable,17
avoid,avoidable,recommend,recommendable,17
avoid,avoidable,rely,reliable,17
avoid,avoidable,renew,renewable,17
avoid,avoidable,replace,replaceable,17
avoid,avoidable,represent,representable,17
avoid,avoidable,survive,survivable,17
avoid,avoidable,sustain,sustainable,17
avoid,avoidable,understand,understandable,17
avoid,avoidable,vary,variable,17
avoid,avoidable,write,writeable,17
consider,considerable,contain,containable,17
consider,considerable,define,definable,17
consider,considerable,deliver,deliverable,17
consider,considerable,discover,discoverable,17
consider,considerable,dispose,disposable,17
consider,considerable,download,downloadable,17
consider,considerable,edit,editable,17
consider,considerable,enjoy,enjoyable,17
consider,considerable,execute,executable,17
consider,considerable,expand,expandable,17
consider,considerable,expect,expectable,17
consider,considerable,explain,explainable,17
consider,considerable,extend,extendable,17
consider,considerable,foresee,foreseeable,17
consider,considerable,identify,identifiable,17
consider,considerable,imagine,imaginable,17
consider,considerable,inflate,inflatable,17
consider,considerable,learn,learnable,17
consider,considerable,maintain,maintainable,17
consider,considerable,manage,manageable,17
consider,considerable,observe,observable,17
consider,considerable,perform,performable,17
consider,considerable,predict,predictable,17
consider,considerable,prefer,preferable,17
consider,considerable,prevent,preventable,17
consider,considerable,protect,protectable,17
consider,considerable,publish,publishable,17
consider,considerable,recognize,recognizable,17
consider,considerable,recommend,recommendable,17
consider,considerable,rely,reliable,17
consider,considerable,renew,renewable,17
consider,considerable,replace,replaceable,17
consider,considerable,represent,representable,17
consider,considerable,survive,survivable,17
consider,considerable,sustain,sustainable,17
consider,considerable,understand,understandable,17
consider,considerable,vary,variable,17
consider,considerable,write,writeable,17
contain,containable,define,definable,17
contain,containable,deliver,deliverable,17
contain,containable,discover,discoverable,17
contain,containable,dispose,disposable,17
contain,containable,download,downloadable,17
contain,containable,edit,editable,17
contain,containable,enjoy,enjoyable,17
contain,containable,execute,executable,17
contain,containable,expand,expandable,17
contain,containable,expect,expectable,17
contain,containable,explain,explainable,17
contain,containable,extend,extendable,17
contain,containable,foresee,foreseeable,17
contain,containable,identify,identifiable,17
contain,containable,imagine,imaginable,17
contain,containable,inflate,inflatable,17
contain,containable,learn,learnable,17
contain,containable,maintain,maintainable,17
contain,containable,manage,manageable,17
contain,containable,observe,observable,17
contain,containable,perform,performable,17
contain,containable,predict,predictable,17
contain,containable,prefer,preferable,17
contain,containable,prevent,preventable,17
contain,containable,protect,protectable,17
contain,containable,publish,publishable,17
contain,containable,recognize,recognizable,17
contain,containable,recommend,recommendable,17
contain,containable,rely,reliable,17
contain,containable,renew,renewable,17
contain,containable,replace,replaceable,17
contain,containable,represent,representable,17
contain,containable,survive,survivable,17
contain,containable,sustain,sustainable,17
contain,containable,understand,understandable,17
contain,containable,vary,variable,17
contain,containable,write,writeable,17
define,definable,deliver,deliverable,17
define,definable,discover,discoverable,17
define,definable,dispose,disposable,17
define,definable,download,downloadable,17
define,definable,edit,editable,17
define,definable,enjoy,enjoyable,17
define,definable,execute,executable,17
define,definable,expand,expandable,17
define,definable,expect,expectable,17
define,definable,explain,explainable,17
define,definable,extend,extendable,17
define,definable,foresee,foreseeable,17
define,definable,identify,identifiable,17
define,definable,imagine,imaginable,17
define,definable,inflate,inflatable,17
define,definable,learn,learnable,17
define,definable,maintain,maintainable,17
define,definable,manage,manageable,17
define,definable,observe,observable,17
define,definable,perform,performable,17
define,definable,predict,predictable,17
define,definable,prefer,preferable,17
define,definable,prevent,preventable,17
define,definable,protect,protectable,17
define,definable,publish,publishable,17
define,definable,recognize,recognizable,17
define,definable,recommend,recommendable,17
define,definable,rely,reliable,17
define,definable,renew,renewable,17
define,definable,replace,replaceable,17
define,definable,represent,representable,17
define,definable,survive,survivable,17
define,definable,sustain,sustainable,17
define,definable,understand,understandable,17
define,definable,vary,variable,17
define,definable,write,writeable,17
deliver,deliverable,discover,discoverable,17
deliver,deliverable,dispose,disposable,17
deliver,deliverable,download,downloadable,17
deliver,deliverable,edit,editable,17
deliver,deliverable,enjoy,enjoyable,17
deliver,deliverable,execute,executable,17
deliver,deliverable,expand,expandable,17
deliver,deliverable,expect,expectable,17
deliver,deliverable,explain,explainable,17
deliver,deliverable,extend,extendable,17
deliver,deliverable,foresee,foreseeable,17
deliver,deliverable,identify,identifiable,17
deliver,deliverable,imagine,imaginable,17
deliver,deliverable,inflate,inflatable,17
deliver,deliverable,learn,learnable,17
deliver,deliverable,maintain,maintainable,17
deliver,deliverable,manage,manageable,17
deliver,deliverable,observe,observable,17
deliver,deliverable,perform,performable,17
deliver,deliverable,predict,predictable,17
deliver,deliverable,prefer,preferable,17
deliver,deliverable,prevent,preventable,17
deliver,deliverable,protect,protectable,17
deliver,deliverable,publish,publishable,17
deliver,deliverable,recognize,recognizable,17
deliver,deliverable,recommend,recommendable,17
deliver,deliverable,rely,reliable,17
deliver,deliverable,renew,renewable,17
deliver,deliverable,replace,replaceable,17
deliver,deliverable,represent,representable,17
deliver,deliverable,survive,survivable,17
deliver,deliverable,sustain,sustainable,17
deliver,deliverable,understand,understandable,17
deliver,deliverable,vary,variable,17
deliver,deliverable,write,writeable,17
discover,discoverable,dispose,disposable,17
discover,discoverable,download,downloadable,17
discover,discoverable,edit,editable,17
discover,discoverable,enjoy,enjoyable,17
discover,discoverable,execute,executable,17
discover,discoverable,expand,expandable,17
discover,discoverable,expect,expectable,17
discover,discoverable,explain,explainable,17
discover,discoverable,extend,extendable,17
discover,discoverable,foresee,foreseeable,17
discover,discoverable,identify,identifiable,17
discover,discoverable,imagine,imaginable,17
discover,discoverable,inflate,inflatable,17
discover,discoverable,learn,learnable,17
discover,discoverable,maintain,maintainable,17
discover,discoverable,manage,manageable,17
discover,discoverable,observe,observable,17
discover,discoverable,perform,performable,17
discover,discoverable,predict,predictable,17
discover,discoverable,prefer,preferable,17
discover,discoverable,prevent,preventable,17
discover,discoverable,protect,protectable,17
discover,discoverable,publish,publishable,17
discover,discoverable,recognize,recognizable,17
discover,discoverable,recommend,recommendable,17
discover,discoverable,rely,reliable,17
discover,discoverable,renew,renewable,17
discover,discoverable,replace,replaceable,17
discover,discoverable,represent,representable,17
discover,discoverable,survive,survivable,17
discover,discoverable,sustain,sustainable,17
discover,discoverable,understand,understandable,17
discover,discoverable,vary,variable,17
discover,discoverable,write,writeable,17
dispose,disposable,download,downloadable,17
dispose,disposable,edit,editable,17
dispose,disposable,enjoy,enjoyable,17
dispose,disposable,execute,executable,17
dispose,disposable,expand,expandable,17
dispose,disposable,expect,expectable,17
dispose,disposable,explain,explainable,17
dispose,disposable,extend,extendable,17
dispose,disposable,foresee,foreseeable,17
dispose,disposable,identify,identifiable,17
dispose,disposable,imagine,imaginable,17
dispose,disposable,inflate,inflatable,17
dispose,disposable,learn,learnable,17
dispose,disposable,maintain,maintainable,17
dispose,disposable,manage,manageable,17
dispose,disposable,observe,observable,17
dispose,disposable,perform,performable,17
dispose,disposable,predict,predictable,17
dispose,disposable,prefer,preferable,17
dispose,disposable,prevent,preventable,17
dispose,disposable,protect,protectable,17
dispose,disposable,publish,publishable,17
dispose,disposable,recognize,recognizable,17
dispose,disposable,recommend,recommendable,17
dispose,disposable,rely,reliable,17
dispose,disposable,renew,renewable,17
dispose,disposable,replace,replaceable,17
dispose,disposable,represent,representable,17
dispose,disposable,survive,survivable,17
dispose,disposable,sustain,sustainable,17
dispose,disposable,understand,understandable,17
dispose,disposable,vary,variable,17
dispose,disposable,write,writeable,17
download,downloadable,edit,editable,17
download,downloadable,enjoy,enjoyable,17
download,downloadable,execute,executable,17
download,downloadable,expand,expandable,17
download,downloadable,expect,expectable,17
download,downloadable,explain,explainable,17
download,downloadable,extend,extendable,17
download,downloadable,foresee,foreseeable,17
download,downloadable,identify,identifiable,17
download,downloadable,imagine,imaginable,17
download,downloadable,inflate,inflatable,17
download,downloadable,learn,learnable,17
download,downloadable,maintain,maintainable,17
download,downloadable,manage,manageable,17
download,downloadable,observe,observable,17
download,downloadable,perform,performable,17
download,downloadable,predict,predictable,17
download,downloadable,prefer,preferable,17
download,downloadable,prevent,preventable,17
download,downloadable,protect,protectable,17
download,downloadable,publish,publishable,17
download,downloadable,recognize,recognizable,17
download,downloadable,recommend,recommendable,17
download,downloadable,rely,reliable,17
download,downloadable,renew,renewable,17
download,downloadable,replace,replaceable,17
download,downloadable,represent,representable,17
download,downloadable,survive,survivable,17
download,downloadable,sustain,sustainable,17
download,downloadable,understand,understandable,17
download,downloadable,vary,variable,17
download,downloadable,write,writeable,17
edit,editable,enjoy,enjoyable,17
edit,editable,execute,executable,17
edit,editable,expand,expandable,17
edit,editable,expect,expectable,17
edit,editable,explain,explainable,17
edit,editable,extend,extendable,17
edit,editable,foresee,foreseeable,17
edit,editable,identify,identifiable,17
edit,editable,imagine,imaginable,17
edit,editable,inflate,inflatable,17
edit,editable,learn,learnable,17
edit,editable,maintain,maintainable,17
edit,editable,manage,manageable,17
edit,editable,observe,observable,17
edit,editable,perform,performable,17
edit,editable,predict,predictable,17
edit,editable,prefer,preferable,17
edit,editable,prevent,preventable,17
edit,editable,protect,protectable,17
edit,editable,publish,publishable,17
edit,editable,recognize,recognizable,17
edit,editable,recommend,recommendable,17
edit,editable,rely,reliable,17
edit,editable,renew,renewable,17
edit,editable,replace,replaceable,17
edit,editable,represent,representable,17
edit,editable,survive,survivable,17
edit,editable,sustain,sustainable,17
edit,editable,understand,understandable,17
edit,editable,vary,variable,17
edit,editable,write,writeable,17
enjoy,enjoyable,execute,executable,17
enjoy,enjoyable,expand,expandable,17
enjoy,enjoyable,expect,expectable,17
enjoy,enjoyable,explain,explainable,17
enjoy,enjoyable,extend,extendable,17
enjoy,enjoyable,foresee,foreseeable,17
enjoy,enjoyable,identify,identifiable,17
enjoy,enjoyable,imagine,imaginable,17
enjoy,enjoyable,inflate,inflatable,17
enjoy,enjoyable,learn,learnable,17
enjoy,enjoyable,maintain,maintainable,17
enjoy,enjoyable,manage,manageable,17
enjoy,enjoyable,observe,observable,17
enjoy,enjoyable,perform,performable,17
enjoy,enjoyable,predict,predictable,17
enjoy,enjoyable,prefer,preferable,17
enjoy,enjoyable,prevent,preventable,17
enjoy,enjoyable,protect,protectable,17
enjoy,enjoyable,publish,publishable,17
enjoy,enjoyable,recognize,recognizable,17
enjoy,enjoyable,recommend,recommendable,17
enjoy,enjoyable,rely,reliable,17
enjoy,enjoyable,renew,renewable,17
enjoy,enjoyable,replace,replaceable,17
enjoy,enjoyable,represent,representable,17
enjoy,enjoyable,survive,survivable,17
enjoy,enjoyable,sustain,sustainable,17
enjoy,enjoyable,understand,understandable,17
enjoy,enjoyable,vary,variable,17
enjoy,enjoyable,write,writeable,17
execute,executable,expand,expandable,17
execute,executable,expect,expectable,17
execute,executable,explain,explainable,17
execute,executable,extend,extendable,17
execute,executable,foresee,foreseeable,17
execute,executable,identify,identifiable,17
execute,executable,imagine,imaginable,17
execute,executable,inflate,inflatable,17
execute,executable,learn,learnable,17
execute,executable,maintain,maintainable,17
execute,executable,manage,manageable,17
execute,executable,observe,observable,17
execute,executable,perform,performable,17
execute,executable,predict,predictable,17
execute,executable,prefer,preferable,17
execute,executable,prevent,preventable,17
execute,executable,protect,protectable,17
execute,executable,publish,publishable,17
execute,executable,recognize,recognizable,17
execute,executable,recommend,recommendable,17
execute,executable,rely,reliable,17
execute,executable,renew,renewable,17
execute,executable,replace,replaceable,17
execute,executable,represent,representable,17
execute,executable,survive,survivable,17
execute,executable,sustain,sustainable,17
execute,executable,understand,understandable,17
execute,executable,vary,variable,17
execute,executable,write,writeable,17
expand,expandable,expect,expectable,17
expand,expandable,explain,explainable,17
expand,expandable,extend,extendable,17
expand,expandable,foresee,foreseeable,17
expand,expandable,identify,identifiable,17
expand,expandable,imagine,imaginable,17
expand,expandable,inflate,inflatable,17
expand,expandable,learn,learnable,17
expand,expandable,maintain,maintainable,17
expand,expandable,manage,manageable,17
expand,expandable,observe,observable,17
expand,expandable,perform,performable,17
expand,expandable,predict,predictable,17
expand,expandable,prefer,preferable,17
expand,expandable,prevent,preventable,17
expand,expandable,protect,protectable,17
expand,expandable,publish,publishable,17
expand,expandable,recognize,recognizable,17
expand,expandable,recommend,recommendable,17
expand,expandable,rely,reliable,17
expand,expandable,renew,renewable,17
expand,expandable,replace,replaceable,17
expand,expandable,represent,representable,17
expand,expandable,survive,survivable,17
expand,expandable,sustain,sustainable,17
expand,expandable,understand,understandable,17
expand,expandable,vary,variable,17
expand,expandable,write,writeable,17
expect,expectable,explain,explainable,17
expect,expectable,extend,extendable,17
expect,expectable,foresee,foreseeable,17
expect,expectable,identify,identifiable,17
expect,expectable,imagine,imaginable,17
expect,expectable,inflate,inflatable,17
expect,expectable,learn,learnable,17
expect,expectable,maintain,maintainable,17
expect,expectable,manage,manageable,17
expect,expectable,observe,observable,17
expect,expectable,perform,performable,17
expect,expectable,predict,predictable,17
expect,expectable,prefer,preferable,17
expect,expectable,prevent,preventable,17
expect,expectable,protect,protectable,17
expect,expectable,publish,publishable,17
expect,expectable,recognize,recognizable,17
expect,expectable,recommend,recommendable,17
expect,expectable,rely,reliable,17
expect,expectable,renew,renewable,17
expect,expectable,replace,replaceable,17
expect,expectable,represent,representable,17
expect,expectable,survive,survivable,17
expect,expectable,sustain,sustainable,17
expect,expectable,understand,understandable,17
expect,expectable,vary,variable,17
expect,expectable,write,writeable,17
explain,explainable,extend,extendable,17
explain,explainable,foresee,foreseeable,17
explain,explainable,identify,identifiable,17
explain,explainable,imagine,imaginable,17
explain,explainable,inflate,inflatable,17
explain,explainable,learn,learnable,17
explain,explainable,maintain,maintainable,17
explain,explainable,manage,manageable,17
explain,explainable,observe,observable,17
explain,explainable,perform,performable,17
explain,explainable,predict,predictable,17
explain,explainable,prefer,preferable,17
explain,explainable,prevent,preventable,17
explain,explainable,protect,protectable,17
explain,explainable,publish,publishable,17
explain,explainable,recognize,recognizable,17
explain,explainable,recommend,recommendable,17
explain,explainable,rely,reliable,17
explain,explainable,renew,renewable,17
explain,explainable,replace,replaceable,17
explain,explainable,represent,representable,17
explain,explainable,survive,survivable,17
explain,explainable,sustain,sustainable,17
explain,explainable,understand,understandable,17
explain,explainable,vary,variable,17
explain,explainable,write,writeable,17
extend,extendable,foresee,foreseeable,17
extend,extendable,identify,identifiable,17
extend,extendable,imagine,imaginable,17
extend,extendable,inflate,inflatable,17
extend,extendable,learn,learnable,17
extend,extendable,maintain,maintainable,17
extend,extendable,manage,manageable,17
extend,extendable,observe,observable,17
extend,extendable,perform,performable,17
extend,extendable,predict,predictable,17
extend,extendable,prefer,preferable,17
extend,extendable,prevent,preventable,17
extend,extendable,protect,protectable,17
extend,extendable,publish,publishable,17
extend,extendable,recognize,recognizable,17
extend,extendable,recommend,recommendable,17
extend,extendable,rely,reliable,17
extend,extendable,renew,renewable,17
extend,extendable,replace,replaceable,17
extend,extendable,represent,representable,17
extend,extendable,survive,survivable,17
extend,extendable,sustain,sustainable,17
extend,extendable,understand,understandable,17
extend,extendable,vary,variable,17
extend,extendable,write,writeable,17
foresee,foreseeable,identify,identifiable,17
foresee,foreseeable,imagine,imaginable,17
foresee,foreseeable,inflate,inflatable,17
foresee,foreseeable,learn,learnable,17
foresee,foreseeable,maintain,maintainable,17
foresee,foreseeable,manage,manageable,17
foresee,foreseeable,observe,observable,17
foresee,foreseeable,perform,performable,17
foresee,foreseeable,predict,predictable,17
foresee,foreseeable,prefer,preferable,17
foresee,foreseeable,prevent,preventable,17
foresee,foreseeable,protect,protectable,17
foresee,foreseeable,publish,publishable,17
foresee,foreseeable,recognize,recognizable,17
foresee,foreseeable,recommend,recommendable,17
foresee,foreseeable,rely,reliable,17
foresee,foreseeable,renew,renewable,17
foresee,foreseeable,replace,replaceable,17
foresee,foreseeable,represent,representable,17
foresee,foreseeable,survive,survivable,17
foresee,foreseeable,sustain,sustainable,17
foresee,foreseeable,understand,understandable,17
foresee,foreseeable,vary,variable,17
foresee,foreseeable,write,writeable,17
identify,identifiable,imagine,imaginable,17
identify,identifiable,inflate,inflatable,17
identify,identifiable,learn,learnable,17
identify,identifiable,maintain,maintainable,17
identify,identifiable,manage,manageable,17
identify,identifiable,observe,observable,17
identify,identifiable,perform,performable,17
identify,identifiable,predict,predictable,17
identify,identifiable,prefer,preferable,17
identify,identifiable,prevent,preventable,17
identify,identifiable,protect,protectable,17
identify,identifiable,publish,publishable,17
identify,identifiable,recognize,recognizable,17
identify,identifiable,recommend,recommendable,17
identify,identifiable,rely,reliable,17
identify,identifiable,renew,renewable,17
identify,identifiable,replace,replaceable,17
identify,identifiable,represent,representable,17
identify,identifiable,survive,survivable,17
identify,identifiable,sustain,sustainable,17
identify,identifiable,understand,understandable,17
identify,identifiable,vary,variable,17
identify,identifiable,write,writeable,17
imagine,imaginable,inflate,inflatable,17
imagine,imaginable,learn,learnable,17
imagine,imaginable,maintain,maintainable,17
imagine,imaginable,manage,manageable,17
imagine,imaginable,observe,observable,17
imagine,imaginable,perform,performable,17
imagine,imaginable,predict,predictable,17
imagine,imaginable,prefer,preferable,17
imagine,imaginable,prevent,preventable,17
imagine,imaginable,protect,protectable,17
imagine,imaginable,publish,publishable,17
imagine,imaginable,recognize,recognizable,17
imagine,imaginable,recommend,recommendable,17
imagine,imaginable,rely,reliable,17
imagine,imaginable,renew,renewable,17
imagine,imaginable,replace,replaceable,17
imagine,imaginable,represent,representable,17
imagine,imaginable,survive,survivable,17
imagine,imaginable,sustain,sustainable,17
imagine,imaginable,understand,understandable,17
imagine,imaginable,vary,variable,17
imagine,imaginable,write,writeable,17
inflate,inflatable,learn,learnable,17
inflate,inflatable,maintain,maintainable,17
inflate,inflatable,manage,manageable,17
inflate,inflatable,observe,observable,17
inflate,inflatable,perform,performable,17
inflate,inflatable,predict,predictable,17
inflate,inflatable,prefer,preferable,17
inflate,inflatable,prevent,preventable,17
inflate,inflatable,protect,protectable,17
inflate,inflatable,publish,publishable,17
inflate,inflatable,recognize,recognizable,17
inflate,inflatable,recommend,recommendable,17
inflate,inflatable,rely,reliable,17
inflate,inflatable,renew,renewable,17
inflate,inflatable,replace,replaceable,17
inflate,inflatable,represent,representable,17
inflate,inflatable,survive,survivable,17
inflate,inflatable,sustain,sustainable,17
inflate,inflatable,understand,understandable,17
inflate,inflatable,vary,variable,17
inflate,inflatable,write,writeable,17
learn,learnable,maintain,maintainable,17
learn,learnable,manage,manageable,17
learn,learnable,observe,observable,17
learn,learnable,perform,performable,17
learn,learnable,predict,predictable,17
learn,learnable,prefer,preferable,17
learn,learnable,prevent,preventable,17
learn,learnable,protect,protectable,17
learn,learnable,publish,publishable,17
learn,learnable,recognize,recognizable,17
learn,learnable,recommend,recommendable,17
learn,learnable,rely,reliable,17
learn,learnable,renew,renewable,17
learn,learnable,replace,replaceable,17
learn,learnable,represent,representable,17
learn,learnable,survive,survivable,17
learn,learnable,sustain,sustainable,17
learn,learnable,understand,understandable,17
learn,learnable,vary,variable,17
learn,learnable,write,writeable,17
maintain,maintainable,manage,manageable,17
maintain,maintainable,observe,observable,17
maintain,maintainable,perform,performable,17
maintain,maintainable,predict,predictable,17
maintain,maintainable,prefer,preferable,17
maintain,maintainable,prevent,preventable,17
maintain,maintainable,protect,protectable,17
maintain,maintainable,publish,publishable,17
maintain,maintainable,recognize,recognizable,17
maintain,maintainable,recommend,recommendable,17
maintain,maintainable,rely,reliable,17
maintain,maintainable,renew,renewable,17
maintain,maintainable,replace,replaceable,17
maintain,maintainable,represent,representable,17
maintain,maintainable,survive,survivable,17
maintain,maintainable,sustain,sustainable,17
maintain,maintainable,understand,understandable,17
maintain,maintainable,vary,variable,17
maintain,maintainable,write,writeable,17
manage,manageable,observe,observable,17
manage,manageable,perform,performable,17
manage,manageable,predict,predictable,17
manage,manageable,prefer,preferable,17
manage,manageable,prevent,preventable,17
manage,manageable,protect,protectable,17
manage,manageable,publish,publishable,17
manage,manageable,recognize,recognizable,17
manage,manageable,recommend,recommendable,17
manage,manageable,rely,reliable,17
manage,manageable,renew,renewable,17
manage,manageable,replace,replaceable,17
manage,manageable,represent,representable,17
manage,manageable,survive,survivable,17
manage,manageable,sustain,sustainable,17
manage,manageable,understand,understandable,17
manage,manageable,vary,variable,17
manage,manageable,write,writeable,17
observe,observable,perform,performable,17
observe,observable,predict,predictable,17
observe,observable,prefer,preferable,17
observe,observable,prevent,preventable,17
observe,observable,protect,protectable,17
observe,observable,publish,publishable,17
observe,observable,recognize,recognizable,17
observe,observable,recommend,recommendable,17
observe,observable,rely,reliable,17
observe,observable,renew,renewable,17
observe,observable,replace,replaceable,17
observe,observable,represent,representable,17
observe,observable,survive,survivable,17
observe,observable,sustain,sustainable,17
observe,observable,understand,understandable,17
observe,observable,vary,variable,17
observe,observable,write,writeable,17
perform,performable,predict,predictable,17
perform,performable,prefer,preferable,17
perform,performable,prevent,preventable,17
perform,performable,protect,protectable,17
perform,performable,publish,publishable,17
perform,performable,recognize,recognizable,17
perform,performable,recommend,recommendable,17
perform,performable,rely,reliable,17
perform,performable,renew,renewable,17
perform,performable,replace,replaceable,17
perform,performable,represent,representable,17
perform,performable,survive,survivable,17
perform,performable,sustain,sustainable,17
perform,performable,understand,understandable,17
perform,performable,vary,variable,17
perform,performable,write,writeable,17
predict,predictable,prefer,preferable,17
predict,predictable,prevent,preventable,17
predict,predictable,protect,protectable,17
predict,predictable,publish,publishable,17
predict,predictable,recognize,recognizable,17
predict,predictable,recommend,recommendable,17
predict,predictable,rely,reliable,17
predict,predictable,renew,renewable,17
predict,predictable,replace,replaceable,17
predict,predictable,represent,representable,17
predict,predictable,survive,survivable,17
predict,predictable,sustain,sustainable,17
predict,predictable,understand,understandable,17
predict,predictable,vary,variable,17
predict,predictable,write,writeable,17
prefer,preferable,prevent,preventable,17
prefer,preferable,protect,protectable,17
prefer,preferable,publish,publishable,17
prefer,preferable,recognize,recognizable,17
prefer,preferable,recommend,recommendable,17
prefer,preferable,rely,reliable,17
prefer,preferable,renew,renewable,17
prefer,preferable,replace,replaceable,17
prefer,preferable,represent,representable,17
prefer,preferable,survive,survivable,17
prefer,preferable,sustain,sustainable,17
prefer,preferable,understand,understandable,17
prefer,preferable,vary,variable,17
prefer,preferable,write,writeable,17
prevent,preventable,protect,protectable,17
prevent,preventable,publish,publishable,17
prevent,preventable,recognize,recognizable,17
prevent,preventable,recommend,recommendable,17
prevent,preventable,rely,reliable,17
prevent,preventable,renew,renewable,17
prevent,preventable,replace,replaceable,17
prevent,preventable,represent,representable,17
prevent,preventable,survive,survivable,17
prevent,preventable,sustain,sustainable,17
prevent,preventable,understand,understandable,17
prevent,preventable,vary,variable,17
prevent,preventable,write,writeable,17
protect,protectable,publish,publishable,17
protect,protectable,recognize,recognizable,17
protect,protectable,recommend,recommendable,17
protect,protectable,rely,reliable,17
protect,protectable,renew,renewable,17
protect,protectable,replace,replaceable,17
protect,protectable,represent,representable,17
protect,protectable,survive,survivable,17
protect,protectable,sustain,sustainable,17
protect,protectable,understand,understandable,17
protect,protectable,vary,variable,17
protect,protectable,write,writeable,17
publish,publishable,recognize,recognizable,17
publish,publishable,recommend,recommendable,17
publish,publishable,rely,reliable,17
publish,publishable,renew,renewable,17
publish,publishable,replace,replaceable,17
publish,publishable,represent,representable,17
publish,publishable,survive,survivable,17
publish,publishable,sustain,sustainable,17
publish,publishable,understand,understandable,17
publish,publishable,vary,variable,17
publish,publishable,write,writeable,17
recognize,recognizable,recommend,recommendable,17
recognize,recognizable,rely,reliable,17
recognize,recognizable,renew,renewable,17
recognize,recognizable,replace,replaceable,17
recognize,recognizable,represent,representable,17
recognize,recognizable,survive,survivable,17
recognize,recognizable,sustain,sustainable,17
recognize,recognizable,understand,understandable,17
recognize,recognizable,vary,variable,17
recognize,recognizable,write,writeable,17
recommend,recommendable,rely,reliable,17
recommend,recommendable,renew,renewable,17
recommend,recommendable,replace,replaceable,17
recommend,recommendable,represent,representable,17
recommend,recommendable,survive,survivable,17
recommend,recommendable,sustain,sustainable,17
recommend,recommendable,understand,understandable,17
recommend,recommendable,vary,variable,17
recommend,recommendable,write,writeable,17
rely,reliable,renew,renewable,17
rely,reliable,replace,replaceable,17
rely,reliable,represent,representable,17
rely,reliable,survive,survivable,17
rely,reliable,sustain,sustainable,17
rely,reliable,understand,understandable,17
rely,reliable,vary,variable,17
rely,reliable,write,writeable,17
renew,renewable,replace,replaceable,17
renew,renewable,represent,representable,17
renew,renewable,survive,survivable,17
renew,renewable,sustain,sustainable,17
renew,renewable,understand,understandable,17
renew,renewable,vary,variable,17
renew,renewable,write,writeable,17
replace,replaceable,represent,representable,17
replace,replaceable,survive,survivable,17
replace,replaceable,sustain,sustainable,17
replace,replaceable,understand,understandable,17
replace,replaceable,vary,variable,17
replace,replaceable,write,writeable,17
represent,representable,survive,survivable,17
represent,representable,sustain,sustainable,17
represent,representable,understand,understandable,17
represent,representable,vary,variable,17
represent,representable,write,writeable,17
survive,survivable,sustain,sustainable,17
survive,survivable,understand,understandable,17
survive,survivable,vary,variable,17
survive,survivable,write,writeable,17
sustain,sustainable,understand,understandable,17
sustain,sustainable,vary,variable,17
sustain,sustainable,write,writeable,17
understand,understandable,vary,variable,17
understand,understandable,write,writeable,17
vary,variable,write,writeable,17
