accuse,accusation,admire,admiration,19
accuse,accusation,allege,allegation,19
accuse,accusation,aspire,aspiration,19
accuse,accusation,authorize,authorization,19
accuse,accusation,characterize,characterization,19
accuse,accusation,civilize,civilization,19
accuse,accusation,colonize,colonization,19
accuse,accusation,compile,compilation,19
accuse,accusation,compute,computation,19
accuse,accusation,condense,condensation,19
accuse,accusation,configure,configuration,19
accuse,accusation,consult,consulation,19
accuse,accusation,continue,continuation,19
accuse,accusation,customize,customization,19
accuse,accusation,declare,declaration,19
accuse,accusation,degrade,degradation,19
accuse,accusation,deprive,deprivation,19
accuse,accusation,derive,derivation,19
accuse,accusation,determine,determination,19
accuse,accusation,examine,examination,19
accuse,accusation,expire,expiration,19
accuse,accusation,explore,exploration,19
accuse,accusation,globalize,globalization,19
accuse,accusation,illumine,illumination,19
accuse,accusation,imagine,imagination,19
accuse,accusation,inspire,inspiration,19
accuse,accusation,install,installation,19
accuse,accusation,maximize,maximization,19
accuse,accusation,minimize,minimization,19
accuse,accusation,modernize,modernization,19
accuse,accusation,oblige,obligation,19
accuse,accusation,observe,observation,19
accuse,accusation,occupy,occupation,19
accuse,accusation,optimize,optimization,19
accuse,accusation,organize,organization,19
accuse,accusation,perspire,perspiration,19
accuse,accusation,prepare,preparation,19
accuse,accusation,privatize,privatization,19
accuse,accusation,randomize,randomization,19
accuse,accusation,realize,realization,19
accuse,accusation,reorganize,reorganization,19
accuse,accusation,restore,restoration,19
accuse,accusation,specialize,specialization,19
accuse,accusation,stabilize,stabilization,19
accuse,accusation,standardize,standardization,19
accuse,accusation,starve,starvation,19
accuse,accusation,utilize,utilization,19
accuse,accusation,visualize,visualization,19
admire,admiration,allege,allegation,19
admire,admiration,aspire,aspiration,19
admire,admiration,authorize,authorization,19
admire,admiration,characterize,characterization,19
admire,admiration,civilize,civilization,19
admire,admiration,colonize,colonization,19
admire,admiration,compile,compilation,19
admire,admiration,compute,computation,19
admire,admiration,condense,condensation,19
admire,admiration,configure,configuration,19
admire,admiration,consult,consulation,19
admire,admiration,continue,continuation,19
admire,admiration,customize,customization,19
admire,admiration,declare,declaration,19
admire,admiration,degrade,degradation,19
admire,admiration,deprive,deprivation,19
admire,admiration,derive,derivation,19
admire,admiration,determine,determination,19
admire,admiration,examine,examination,19
admire,admiration,expire,expiration,19
admire,admiration,explore,exploration,19
admire,admiration,globalize,globalization,19
admire,admiration,illumine,illumination,19
admire,admiration,imagine,imagination,19
admire,admiration,inspire,inspiration,19
admire,admiration,install,installation,19
admire,admiration,maximize,maximization,19
admire,admiration,minimize,minimization,19
admire,admiration,modernize,modernization,19
admire,admiration,oblige,obligation,19
admire,admiration,observe,observation,19
admire,admiration,occupy,occupation,19
admire,admiration,optimize,optimization,19
admire,admiration,organize,organization,19
admire,admiration,perspire,perspiration,19
admire,admiration,prepare,preparation,19
admire,admiration,privatize,privatization,19
admire,admiration,randomize,randomization,19
admire,admiration,realize,realization,19
admire,admiration,reorganize,reorganization,19
admire,admiration,restore,restoration,19
admire,admiration,specialize,specialization,19
admire,admiration,stabilize,stabilization,19
admire,admiration,standardize,standardization,19
admire,admiration,starve,starvation,19
admire,admiration,utilize,utilization,19
admire,admiration,visualize,visualization,19
allege,allegation,aspire,aspiration,19
allege,allegation,authorize,authorization,19
allege,allegation,characterize,characterization,19
allege,allegation,civilize,civilization,19
allege,allegation,colonize,colonization,19
allege,allegation,compile,compilation,19
allege,allegation,compute,computation,19
allege,allegation,condense,condensation,19
allege,allegation,configure,configuration,19
allege,allegation,consult,consulation,19
allege,allegation,continue,continuation,19
allege,allegation,customize,customization,19
allege,allegation,declare,declaration,19
allege,allegation,degrade,degradation,19
allege,allegation,deprive,deprivation,19
allege,allegation,derive,derivation,19
allege,allegation,determine,determination,19
allege,allegation,examine,examination,19
allege,allegation,expire,expiration,19
allege,allegation,explore,exploration,19
allege,allegation,globalize,globalization,19
allege,allegation,illumine,illumination,19
allege,allegation,imagine,imagination,19
allege,allegation,inspire,inspiration,19
allege,allegation,install,installation,19
allege,allegation,maximize,maximization,19
allege,allegation,minimize,minimization,19
allege,allegation,modernize,modernization,19
allege,allegation,oblige,obligation,19
allege,allegation,observe,observation,19
allege,allegation,occupy,occupation,19
allege,allegation,optimize,optimization,19
allege,allegation,organize,organization,19
allege,allegation,perspire,perspiration,19
allege,allegation,prepare,preparation,19
allege,allegation,privatize,privatization,19
allege,allegation,randomize,randomization,19
allege,allegation,realize,realization,19
allege,allegation,reorganize,reorganization,19
allege,allegation,restore,restoration,19
allege,allegation,specialize,specialization,19
allege,allegation,stabilize,stabilization,19
allege,allegation,standardize,standardization,19
allege,allegation,starve,starvation,19
allege,allegation,utilize,utilization,19
allege,allegation,visualize,visualization,19
aspire,aspiration,authorize,authorization,19
aspire,aspiration,characterize,characterization,19
aspire,aspiration,civilize,civilization,19
aspire,aspiration,colonize,colonization,19
aspire,aspiration,compile,compilation,19
aspire,aspiration,compute,computation,19
aspire,aspiration,condense,condensation,19
aspire,aspiration,configure,configuration,19
aspire,aspiration,consult,consulation,19
aspire,aspiration,continue,continuation,19
aspire,aspiration,customize,customization,19
aspire,aspiration,declare,declaration,19
aspire,aspiration,degrade,degradation,19
aspire,aspiration,deprive,deprivation,19
aspire,aspiration,derive,derivation,19
aspire,aspiration,determine,determination,19
aspire,aspiration,examine,examination,19
aspire,aspiration,expire,expiration,19
aspire,aspiration,explore,exploration,19
aspire,aspiration,globalize,globalization,19
aspire,aspiration,illumine,illumination,19
aspire,aspiration,imagine,imagination,19
aspire,aspiration,inspire,inspiration,19
aspire,aspiration,install,installation,19
aspire,aspiration,maximize,maximization,19
aspire,aspiration,minimize,minimization,19
aspire,aspiration,modernize,modernization,19
aspire,aspiration,oblige,obligation,19
aspire,aspiration,observe,observation,19
aspire,aspiration,occupy,occupation,19
aspire,aspiration,optimize,optimization,19
aspire,aspiration,organize,organization,19
aspire,aspiration,perspire,perspiration,19
aspire,aspiration,prepare,preparation,19
aspire,aspiration,privatize,privatization,19
aspire,aspiration,randomize,randomization,19
aspire,aspiration,realize,realization,19
aspire,aspiration,reorganize,reorganization,19
aspire,aspiration,restore,restoration,19
aspire,aspiration,specialize,specialization,19
aspire,aspiration,stabilize,stabilization,19
aspire,aspiration,standardize,standardization,19
aspire,aspiration,starve,starvation,19
aspire,aspiration,utilize,utilization,19
aspire,aspiration,visualize,visualization,19
authorize,authorization,characterize,characterization,19
authorize,authorization,civilize,civilization,19
authorize,authorization,colonize,colonization,19
authorize,authorization,compile,compilation,19
authorize,authorization,compute,computation,19
authorize,authorization,condense,condensation,19
authorize,authorization,configure,configuration,19
authorize,authorization,consult,consulation,19
authorize,authorization,continue,continuation,19
authorize,authorization,customize,customization,19
authorize,authorization,declare,declaration,19
authorize,authorization,degrade,degradation,19
authorize,authorization,deprive,deprivation,19
authorize,authorization,derive,derivation,19
authorize,authorization,determine,determination,19
authorize,authorization,examine,examination,19
authorize,authorization,expire,expiration,19
authorize,authorization,explore,exploration,19
authorize,authorization,globalize,globalization,19
authorize,authorization,illumine,illumination,19
authorize,authorization,imagine,imagination,19
authorize,authorization,inspire,inspiration,19
authorize,authorization,install,installation,19
authorize,authorization,maximize,maximization,19
authorize,authorization,minimize,minimization,19
authorize,authorization,modernize,modernization,19
authorize,authorization,oblige,obligation,19
authorize,authorization,observe,observation,19
authorize,authorization,occupy,occupation,19
authorize,authorization,optimize,optimization,19
authorize,authorization,organize,organization,19
authorize,authorization,perspire,perspiration,19
authorize,authorization,prepare,preparation,19
authorize,authorization,privatize,privatization,19
authorize,authorization,randomize,randomization,19
authorize,authorization,realize,realization,19
authorize,authorization,reorganize,reorganization,19
authorize,authorization,restore,restoration,19
authorize,authorization,specialize,specialization,19
authorize,authorization,stabilize,stabilization,19
authorize,authorization,standardize,standardization,19
authorize,authorization,starve,starvation,19
authorize,authorization,utilize,utilization,19
authorize,authorization,visualize,visualization,19
characterize,characterization,civilize,civilization,19
characterize,characterization,colonize,colonization,19
characterize,characterization,compile,compilation,19
characterize,characterization,compute,computation,19
characterize,characterization,condense,condensation,19
characterize,characterization,configure,configuration,19
characterize,characterization,consult,consulation,19
characterize,characterization,continue,continuation,19
characterize,characterization,customize,customization,19
characterize,characterization,declare,declaration,19
characterize,characterization,degrade,degradation,19
characterize,characterization,deprive,deprivation,19
characterize,characterization,derive,derivation,19
characterize,characterization,determine,determination,19
characterize,characterization,examine,examination,19
characterize,characterization,expire,expiration,19
characterize,characterization,explore,exploration,19
characterize,characterization,globalize,globalization,19
characterize,characterization,illumine,illumination,19
characterize,characterization,imagine,imagination,19
characterize,characterization,inspire,inspiration,19
characterize,characterization,install,installation,19
characterize,characterization,maximize,maximization,19
characterize,characterization,minimize,minimization,19
characterize,characterization,modernize,modernization,19
characterize,characterization,oblige,obligation,19
characterize,characterization,observe,observation,19
characterize,characterization,occupy,occupation,19
characterize,characterization,optimize,optimization,19
characterize,characterization,organize,organization,19
characterize,characterization,perspire,perspiration,19
characterize,characterization,prepare,preparation,19
characterize,characterization,privatize,privatization,19
characterize,characterization,randomize,randomization,19
characterize,characterization,realize,realization,19
characterize,characterization,reorganize,reorganization,19
characterize,characterization,restore,restoration,19
characterize,characterization,specialize,specialization,19
characterize,characterization,stabilize,stabilization,19
characterize,characterization,standardize,standardization,19
characterize,characterization,starve,starvation,19
characterize,characterization,utilize,utilization,19
characterize,characterization,visualize,visualization,19
civilize,civilization,colonize,colonization,19
civilize,civilization,compile,compilation,19
civilize,civilization,compute,computation,19
civilize,civilization,condense,condensation,19
civilize,civilization,configure,configuration,19
civilize,civilization,consult,consulation,19
civilize,civilization,continue,continuation,19
civilize,civilization,customize,customization,19
civilize,civilization,declare,declaration,19
civilize,civilization,degrade,degradation,19
civilize,civilization,deprive,deprivation,19
civilize,civilization,derive,derivation,19
civilize,civilization,determine,determination,19
civilize,civilization,examine,examination,19
civilize,civilization,expire,expiration,19
civilize,civilization,explore,exploration,19
civilize,civilization,globalize,globalization,19
civilize,civilization,illumine,illumination,19
civilize,civilization,imagine,imagination,19
civilize,civilization,inspire,inspiration,19
civilize,civilization,install,installation,19
civilize,civilization,maximize,maximization,19
civilize,civilization,minimize,minimization,19
civilize,civilization,modernize,modernization,19
civilize,civilization,oblige,obligation,19
civilize,civilization,observe,observation,19
civilize,civilization,occupy,occupation,19
civilize,civilization,optimize,optimization,19
civilize,civilization,organize,organization,19
civilize,civilization,perspire,perspiration,19
civilize,civilization,prepare,preparation,19
civilize,civilization,privatize,privatization,19
civilize,civilization,randomize,randomization,19
civilize,civilization,realize,realization,19
civilize,civilization,reorganize,reorganization,19
civilize,civilization,restore,restoration,19
civilize,civilization,specialize,specialization,19
civilize,civilization,stabilize,stabilization,19
civilize,civilization,standardize,standardization,19
civilize,civilization,starve,starvation,19
civilize,civilization,utilize,utilization,19
civilize,civilization,visualize,visualization,19
colonize,colonization,compile,compilation,19
colonize,colonization,compute,computation,19
colonize,colonization,condense,condensation,19
colonize,colonization,configure,configuration,19
colonize,colonization,consult,consulation,19
colonize,colonization,continue,continuation,19
colonize,colonization,customize,customization,19
colonize,colonization,declare,declaration,19
colonize,colonization,degrade,degradation,19
colonize,colonization,deprive,deprivation,19
colonize,colonization,derive,derivation,19
colonize,colonization,determine,determination,19
colonize,colonization,examine,examination,19
colonize,colonization,expire,expiration,19
colonize,colonization,explore,exploration,19
colonize,colonization,globalize,globalization,19
colonize,colonization,illumine,illumination,19
colonize,colonization,imagine,imagination,19
colonize,colonization,inspire,inspiration,19
colonize,colonization,install,installation,19
colonize,colonization,maximize,maximization,19
colonize,colonization,minimize,minimization,19
colonize,colonization,modernize,modernization,19
colonize,colonization,oblige,obligation,19
colonize,colonization,observe,observation,19
colonize,colonization,occupy,occupation,19
colonize,colonization,optimize,optimization,19
colonize,colonization,organize,organization,19
colonize,colonization,perspire,perspiration,19
colonize,colonization,prepare,preparation,19
colonize,colonization,privatize,privatization,19
colonize,colonization,randomize,randomization,19
colonize,colonization,realize,realization,19
colonize,colonization,reorganize,reorganization,19
colonize,colonization,restore,restoration,19
colonize,colonization,specialize,specialization,19
colonize,colonization,stabilize,stabilization,19
colonize,colonization,standardize,standardization,19
colonize,colonization,starve,starvation,19
colonize,colonization,utilize,utilization,19
colonize,colonization,visualize,visualization,19
compile,compilation,compute,computation,19
compile,compilation,condense,condensation,19
compile,compilation,configure,configuration,19
compile,compilation,consult,consulation,19
compile,compilation,continue,continuation,19
compile,compilation,customize,customization,19
compile,compilation,declare,declaration,19
compile,compilation,degrade,degradation,19
compile,compilation,deprive,deprivation,19
compile,compilation,derive,derivation,19
compile,compilation,determine,determination,19
compile,compilation,examine,examination,19
compile,compilation,expire,expiration,19
compile,compilation,explore,exploration,19
compile,compilation,globalize,globalization,19
compile,compilation,illumine,illumination,19
compile,compilation,imagine,imagination,19
compile,compilation,inspire,inspiration,19
compile,compilation,install,installation,19
compile,compilation,maximize,maximization,19
compile,compilation,minimize,minimization,19
compile,compilation,modernize,modernization,19
compile,compilation,oblige,obligation,19
compile,compilation,observe,observation,19
compile,compilation,occupy,occupation,19
compile,compilation,optimize,optimization,19
compile,compilation,organize,organization,19
compile,compilation,perspire,perspiration,19
compile,compilation,prepare,preparation,19
compile,compilation,privatize,privatization,19
compile,compilation,randomize,randomization,19
compile,compilation,realize,realization,19
compile,compilation,reorganize,reorganization,19
compile,compilation,restore,restoration,19
compile,compilation,specialize,specialization,19
compile,compilation,stabilize,stabilization,19
compile,compilation,standardize,standardization,19
compile,compilation,starve,starvation,19
compile,compilation,utilize,utilization,19
compile,compilation,visualize,visualization,19
compute,computation,condense,condensation,19
compute,computation,configure,configuration,19
compute,computation,consult,consulation,19
compute,computation,continue,continuation,19
compute,computation,customize,customization,19
compute,computation,declare,declaration,19
compute,computation,degrade,degradation,19
compute,computation,deprive,deprivation,19
compute,computation,derive,derivation,19
compute,computation,determine,determination,19
compute,computation,examine,examination,19
compute,computation,expire,expiration,19
compute,computation,explore,exploration,19
compute,computation,globalize,globalization,19
compute,computation,illumine,illumination,19
compute,computation,imagine,imagination,19
compute,computation,inspire,inspiration,19
compute,computation,install,installation,19
compute,computation,maximize,maximization,19
compute,computation,minimize,minimization,19
compute,computation,modernize,modernization,19
compute,computation,oblige,obligation,19
compute,computation,observe,observation,19
compute,computation,occupy,occupation,19
compute,computation,optimize,optimization,19
compute,computation,organize,organization,19
compute,computation,perspire,perspiration,19
compute,computation,prepare,preparation,19
compute,computation,privatize,privatization,19
compute,computation,randomize,randomization,19
compute,computation,realize,realization,19
compute,computation,reorganize,reorganization,19
compute,computation,restore,restoration,19
compute,computation,specialize,specialization,19
compute,computation,stabilize,stabilization,19
compute,computation,standardize,standardization,19
compute,computation,starve,starvation,19
compute,computation,utilize,utilization,19
compute,computation,visualize,visualization,19
condense,condensation,configure,configuration,19
condense,condensation,consult,consulation,19
condense,condensation,continue,continuation,19
condense,condensation,customize,customization,19
condense,condensation,declare,declaration,19
condense,condensation,degrade,degradation,19
condense,condensation,deprive,deprivation,19
condense,condensation,derive,derivation,19
condense,condensation,determine,determination,19
condense,condensation,examine,examination,19
condense,condensation,expire,expiration,19
condense,condensation,explore,exploration,19
condense,condensation,globalize,globalization,19
condense,condensation,illumine,illumination,19
condense,condensation,imagine,imagination,19
condense,condensation,inspire,inspiration,19
condense,condensation,install,installation,19
condense,condensation,maximize,maximization,19
condense,condensation,minimize,minimization,19
condense,condensation,modernize,modernization,19
condense,condensation,oblige,obligation,19
condense,condensation,observe,observation,19
condense,condensation,occupy,occupation,19
condense,condensation,optimize,optimization,19
condense,condensation,organize,organization,19
condense,condensation,perspire,perspiration,19
condense,condensation,prepare,preparation,19
condense,condensation,privatize,privatization,19
condense,condensation,randomize,randomization,19
condense,condensation,realize,realization,19
condense,condensation,reorganize,reorganization,19
condense,condensation,restore,restoration,19
condense,condensation,specialize,specialization,19
condense,condensation,stabilize,stabilization,19
condense,condensation,standardize,standardization,19
condense,condensation,starve,starvation,19
condense,condensation,utilize,utilization,19
condense,condensation,visualize,visualization,19
configure,configuration,consult,consulation,19
configure,configuration,continue,continuation,19
configure,configuration,customize,customization,19
configure,configuration,declare,declaration,19
configure,configuration,degrade,degradation,19
configure,configuration,deprive,deprivation,19
configure,configuration,derive,derivation,19
configure,configuration,determine,determination,19
configure,configuration,examine,examination,19
configure,configuration,expire,expiration,19
configure,configuration,explore,exploration,19
configure,configuration,globalize,globalization,19
configure,configuration,illumine,illumination,19
configure,configuration,imagine,imagination,19
configure,configuration,inspire,inspiration,19
configure,configuration,install,installation,19
configure,configuration,maximize,maximization,19
configure,configuration,minimize,minimization,19
configure,configuration,modernize,modernization,19
configure,configuration,oblige,obligation,19
configure,configuration,observe,observation,19
configure,configuration,occupy,occupation,19
configure,configuration,optimize,optimization,19
configure,configuration,organize,organization,19
configure,configuration,perspire,perspiration,19
configure,configuration,prepare,preparation,19
configure,configuration,privatize,privatization,19
configure,configuration,randomize,randomization,19
configure,configuration,realize,realization,19
configure,configuration,reorganize,reorganization,19
configure,configuration,restore,restoration,19
configure,configuration,specialize,specialization,19
configure,configuration,stabilize,stabilization,19
configure,configuration,standardize,standardization,19
configure,configuration,starve,starvation,19
configure,configuration,utilize,utilization,19
configure,configuration,visualize,visualization,19
consult,consulation,continue,continuation,19
consult,consulation,customize,customization,19
consult,consulation,declare,declaration,19
consult,consulation,degrade,degradation,19
consult,consulation,deprive,deprivation,19
consult,consulation,derive,derivation,19
consult,consulation,determine,determination,19
consult,consulation,examine,examination,19
consult,consulation,expire,expiration,19
consult,consulation,explore,exploration,19
consult,consulation,globalize,globalization,19
consult,consulation,illumine,illumination,19
consult,consulation,imagine,imagination,19
consult,consulation,inspire,inspiration,19
consult,consulation,install,installation,19
consult,consulation,maximize,maximization,19
consult,consulation,minimize,minimization,19
consult,consulation,modernize,modernization,19
consult,consulation,oblige,obligation,19
consult,consulation,observe,observation,19
consult,consulation,occupy,occupation,19
consult,consulation,optimize,optimization,19
consult,consulation,organize,organization,19
consult,consulation,perspire,perspiration,19
consult,consulation,prepare,preparation,19
consult,consulation,privatize,privatization,19
consult,consulation,randomize,randomization,19
consult,consulation,realize,realization,19
consult,consulation,reorganize,reorganization,19
consult,consulation,restore,restoration,19
consult,consulation,specialize,specialization,19
consult,consulation,stabilize,stabilization,19
consult,consulation,standardize,standardization,19
consult,consulation,starve,starvation,19
consult,consulation,utilize,utilization,19
consult,consulation,visualize,visualization,19
continue,continuation,customize,customization,19
continue,continuation,declare,declaration,19
continue,continuation,degrade,degradation,19
continue,continuation,deprive,deprivation,19
continue,continuation,derive,derivation,19
continue,continuation,determine,determination,19
continue,continuation,examine,examination,19
continue,continuation,expire,expiration,19
continue,continuation,explore,exploration,19
continue,continuation,globalize,globalization,19
continue,continuation,illumine,illumination,19
continue,continuation,imagine,imagination,19
continue,continuation,inspire,inspiration,19
continue,continuation,install,installation,19
continue,continuation,maximize,maximization,19
continue,continuation,minimize,minimization,19
continue,continuation,modernize,modernization,19
continue,continuation,oblige,obligation,19
continue,continuation,observe,observation,19
continue,continuation,occupy,occupation,19
continue,continuation,optimize,optimization,19
continue,continuation,organize,organization,19
continue,continuation,perspire,perspiration,19
continue,continuation,prepare,preparation,19
continue,continuation,privatize,privatization,19
continue,continuation,randomize,randomization,19
continue,continuation,realize,realization,19
continue,continuation,reorganize,reorganization,19
continue,continuation,restore,restoration,19
continue,continuation,specialize,specialization,19
continue,continuation,stabilize,stabilization,19
continue,continuation,standardize,standardization,19
continue,continuation,starve,starvation,19
continue,continuation,utilize,utilization,19
continue,continuation,visualize,visualization,19
customize,customization,declare,declaration,19
customize,customization,degrade,degradation,19
customize,customization,deprive,deprivation,19
customize,customization,derive,derivation,19
customize,customization,determine,determination,19
customize,customization,examine,examination,19
customize,customization,expire,expiration,19
customize,customization,explore,exploration,19
customize,customization,globalize,globalization,19
customize,customization,illumine,illumination,19
customize,customization,imagine,imagination,19
customize,customization,inspire,inspiration,19
customize,customization,install,installation,19
customize,customization,maximize,maximization,19
customize,customization,minimize,minimization,19
customize,customization,modernize,modernization,19
customize,customization,oblige,obligation,19
customize,customization,observe,observation,19
customize,customization,occupy,occupation,19
customize,customization,optimize,optimization,19
customize,customization,organize,organization,19
customize,customization,perspire,perspiration,19
customize,customization,prepare,preparation,19
customize,customization,privatize,privatization,19
customize,customization,randomize,randomization,19
customize,customization,realize,realization,19
customize,customization,reorganize,reorganization,19
customize,customization,restore,restoration,19
customize,customization,specialize,specialization,19
customize,customization,stabilize,stabilization,19
customize,customization,standardize,standardization,19
customize,customization,starve,starvation,19
customize,customization,utilize,utilization,19
customize,customization,visualize,visualization,19
declare,declaration,degrade,degradation,19
declare,declaration,deprive,deprivation,19
declare,declaration,derive,derivation,19
declare,declaration,determine,determination,19
declare,declaration,examine,examination,19
declare,declaration,expire,expiration,19
declare,declaration,explore,exploration,19
declare,declaration,globalize,globalization,19
declare,declaration,illumine,illumination,19
declare,declaration,imagine,imagination,19
declare,declaration,inspire,inspiration,19
declare,declaration,install,installation,19
declare,declaration,maximize,maximization,19
declare,declaration,minimize,minimization,19
declare,declaration,modernize,modernization,19
declare,declaration,oblige,obligation,19
declare,declaration,observe,observation,19
declare,declaration,occupy,occupation,19
declare,declaration,optimize,optimization,19
declare,declaration,organize,organization,19
declare,declaration,perspire,perspiration,19
declare,declaration,prepare,preparation,19
declare,declaration,privatize,privatization,19
declare,declaration,randomize,randomization,19
declare,declaration,realize,realization,19
declare,declaration,reorganize,reorganization,19
declare,declaration,restore,restoration,19
declare,declaration,specialize,specialization,19
declare,declaration,stabilize,stabilization,19
declare,declaration,standardize,standardization,19
declare,declaration,starve,starvation,19
declare,declaration,utilize,utilization,19
declare,declaration,visualize,visualization,19
degrade,degradation,deprive,deprivation,19
degrade,degradation,derive,derivation,19
degrade,degradation,determine,determination,19
degrade,degradation,examine,examination,19
degrade,degradation,expire,expiration,19
degrade,degradation,explore,exploration,19
degrade,degradation,globalize,globalization,19
degrade,degradation,illumine,illumination,19
degrade,degradation,imagine,imagination,19
degrade,degradation,inspire,inspiration,19
degrade,degradation,install,installation,19
degrade,degradation,maximize,maximization,19
degrade,degradation,minimize,minimization,19
degrade,degradation,modernize,modernization,19
degrade,degradation,oblige,obligation,19
degrade,degradation,observe,observation,19
degrade,degradation,occupy,occupation,19
degrade,degradation,optimize,optimization,19
degrade,degradation,organize,organization,19
degrade,degradation,perspire,perspiration,19
degrade,degradation,prepare,preparation,19
degrade,degradation,privatize,privatization,19
degrade,degradation,randomize,randomization,19
degrade,degradation,realize,realization,19
degrade,degradation,reorganize,reorganization,19
degrade,degradation,restore,restoration,19
degrade,degradation,specialize,specialization,19
degrade,degradation,stabilize,stabilization,19
degrade,degradation,standardize,standardization,19
degrade,degradation,starve,starvation,19
degrade,degradation,utilize,utilization,19
degrade,degradation,visualize,visualization,19
deprive,deprivation,derive,derivation,19
deprive,deprivation,determine,determination,19
deprive,deprivation,examine,examination,19
deprive,deprivation,expire,expiration,19
deprive,deprivation,explore,exploration,19
deprive,deprivation,globalize,globalization,19
deprive,deprivation,illumine,illumination,19
deprive,deprivation,imagine,imagination,19
deprive,deprivation,inspire,inspiration,19
deprive,deprivation,install,installation,19
deprive,deprivation,maximize,maximization,19
deprive,deprivation,minimize,minimization,19
deprive,deprivation,modernize,modernization,19
deprive,deprivation,oblige,obligation,19
deprive,deprivation,observe,observation,19
deprive,deprivation,occupy,occupation,19
deprive,deprivation,optimize,optimization,19
deprive,deprivation,organize,organization,19
deprive,deprivation,perspire,perspiration,19
deprive,deprivation,prepare,preparation,19
deprive,deprivation,privatize,privatization,19
deprive,deprivation,randomize,randomization,19
deprive,deprivation,realize,realization,19
deprive,deprivation,reorganize,reorganization,19
deprive,deprivation,restore,restoration,19
deprive,deprivation,specialize,specialization,19
deprive,deprivation,stabilize,stabilization,19
deprive,deprivation,standardize,standardization,19
deprive,deprivation,starve,starvation,19
deprive,deprivation,utilize,utilization,19
deprive,deprivation,visualize,visualization,19
derive,derivation,determine,determination,19
derive,derivation,examine,examination,19
derive,derivation,expire,expiration,19
derive,derivation,explore,exploration,19
derive,derivation,globalize,globalization,19
derive,derivation,illumine,illumination,19
derive,derivation,imagine,imagination,19
derive,derivation,inspire,inspiration,19
derive,derivation,install,installation,19
derive,derivation,maximize,maximization,19
derive,derivation,minimize,minimization,19
derive,derivation,modernize,modernization,19
derive,derivation,oblige,obligation,19
derive,derivation,observe,observation,19
derive,derivation,occupy,occupation,19
derive,derivation,optimize,optimization,19
derive,derivation,organize,organization,19
derive,derivation,perspire,perspiration,19
derive,derivation,prepare,preparation,19
derive,derivation,privatize,privatization,19
derive,derivation,randomize,randomization,19
derive,derivation,realize,realization,19
derive,derivation,reorganize,reorganization,19
derive,derivation,restore,restoration,19
derive,derivation,specialize,specialization,19
derive,derivation,stabilize,stabilization,19
derive,derivation,standardize,standardization,19
derive,derivation,starve,starvation,19
derive,derivation,utilize,utilization,19
derive,derivation,visualize,visualization,19
determine,determination,examine,examination,19
determine,determination,expire,expiration,19
determine,determination,explore,exploration,19
determine,determination,globalize,globalization,19
determine,determination,illumine,illumination,19
determine,determination,imagine,imagination,19
determine,determination,inspire,inspiration,19
determine,determination,install,installation,19
determine,determination,maximize,maximization,19
determine,determination,minimize,minimization,19
determine,determination,modernize,modernization,19
determine,determination,oblige,obligation,19
determine,determination,observe,observation,19
determine,determination,occupy,occupation,19
determine,determination,optimize,optimization,19
determine,determination,organize,organization,19
determine,determination,perspire,perspiration,19
determine,determination,prepare,preparation,19
determine,determination,privatize,privatization,19
determine,determination,randomize,randomization,19
determine,determination,realize,realization,19
determine,determination,reorganize,reorganization,19
determine,determination,restore,restoration,19
determine,determination,specialize,specialization,19
determine,determination,stabilize,stabilization,19
determine,determination,standardize,standardization,19
determine,determination,starve,starvation,19
determine,determination,utilize,utilization,19
determine,determination,visualize,visualization,19
examine,examination,expire,expiration,19
examine,examination,explore,exploration,19
examine,examination,globalize,globalization,19
examine,examination,illumine,illumination,19
examine,examination,imagine,imagination,19
examine,examination,inspire,inspiration,19
examine,examination,install,installation,19
examine,examination,maximize,maximization,19
examine,examination,minimize,minimization,19
examine,examination,modernize,modernization,19
examine,examination,oblige,obligation,19
examine,examination,observe,observation,19
examine,examination,occupy,occupation,19
examine,examination,optimize,optimization,19
examine,examination,organize,organization,19
examine,examination,perspire,perspiration,19
examine,examination,prepare,preparation,19
examine,examination,privatize,privatization,19
examine,examination,randomize,randomization,19
examine,examination,realize,realization,19
examine,examination,reorganize,reorganization,19
examine,examination,restore,restoration,19
examine,examination,specialize,specialization,19
examine,examination,stabilize,stabilization,19
examine,examination,standardize,standardization,19
examine,examination,starve,starvation,19
examine,examination,utilize,utilization,19
examine,examination,visualize,visualization,19
expire,expiration,explore,exploration,19
expire,expiration,globalize,globalization,19
expire,expiration,illumine,illumination,19
expire,expiration,imagine,imagination,19
expire,expiration,inspire,inspiration,19
expire,expiration,install,installation,19
expire,expiration,maximize,maximization,19
expire,expiration,minimize,minimization,19
expire,expiration,modernize,modernization,19
expire,expiration,oblige,obligation,19
expire,expiration,observe,observation,19
expire,expiration,occupy,occupation,19
expire,expiration,optimize,optimization,19
expire,expiration,organize,organization,19
expire,expiration,perspire,perspiration,19
expire,expiration,prepare,preparation,19
expire,expiration,privatize,privatization,19
expire,expiration,randomize,randomization,19
expire,expiration,realize,realization,19
expire,expiration,reorganize,reorganization,19
expire,expiration,restore,restoration,19
expire,expiration,specialize,specialization,19
expire,expiration,stabilize,stabilization,19
expire,expiration,standardize,standardization,19
expire,expiration,starve,starvation,19
expire,expiration,utilize,utilization,19
expire,expiration,visualize,visualization,19
explore,exploration,globalize,globalization,19
explore,exploration,illumine,illumination,19
explore,exploration,imagine,imagination,19
explore,exploration,inspire,inspiration,19
explore,exploration,install,installation,19
explore,exploration,maximize,maximization,19
explore,exploration,minimize,minimization,19
explore,exploration,modernize,modernization,19
explore,exploration,oblige,obligation,19
explore,exploration,observe,observation,19
explore,exploration,occupy,occupation,19
explore,exploration,optimize,optimization,19
explore,exploration,organize,organization,19
explore,exploration,perspire,perspiration,19
explore,exploration,prepare,preparation,19
explore,exploration,privatize,privatization,19
explore,exploration,randomize,randomization,19
explore,exploration,realize,realization,19
explore,exploration,reorganize,reorganization,19
explore,exploration,restore,restoration,19
explore,exploration,specialize,specialization,19
explore,exploration,stabilize,stabilization,19
explore,exploration,standardize,standardization,19
explore,exploration,starve,starvation,19
explore,exploration,utilize,utilization,19
explore,exploration,visualize,visualization,19
globalize,globalization,illumine,illumination,19
globalize,globalization,imagine,imagination,19
globalize,globalization,inspire,inspiration,19
globalize,globalization,install,installation,19
globalize,globalization,maximize,maximization,19
globalize,globalization,minimize,minimization,19
globalize,globalization,modernize,modernization,19
globalize,globalization,oblige,obligation,19
globalize,globalization,observe,observation,19
globalize,globalization,occupy,occupation,19
globalize,globalization,optimize,optimization,19
globalize,globalization,organize,organization,19
globalize,globalization,perspire,perspiration,19
globalize,globalization,prepare,preparation,19
globalize,globalization,privatize,privatization,19
globalize,globalization,randomize,randomization,19
globalize,globalization,realize,realization,19
globalize,globalization,reorganize,reorganization,19
globalize,globalization,restore,restoration,19
globalize,globalization,specialize,specialization,19
globalize,globalization,stabilize,stabilization,19
globalize,globalization,standardize,standardization,19
globalize,globalization,starve,starvation,19
globalize,globalization,utilize,utilization,19
globalize,globalization,visualize,visualization,19
illumine,illumination,imagine,imagination,19
illumine,illumination,inspire,inspiration,19
illumine,illumination,install,installation,19
illumine,illumination,maximize,maximization,19
illumine,illumination,minimize,minimization,19
illumine,illumination,modernize,modernization,19
illumine,illumination,oblige,obligation,19
illumine,illumination,observe,observation,19
illumine,illumination,occupy,occupation,19
illumine,illumination,optimize,optimization,19
illumine,illumination,organize,organization,19
illumine,illumination,perspire,perspiration,19
illumine,illumination,prepare,preparation,19
illumine,illumination,privatize,privatization,19
illumine,illumination,randomize,randomization,19
illumine,illumination,realize,realization,19
illumine,illumination,reorganize,reorganization,19
illumine,illumination,restore,restoration,19
illumine,illumination,specialize,specialization,19
illumine,illumination,stabilize,stabilization,19
illumine,illumination,standardize,standardization,19
illumine,illumination,starve,starvation,19
illumine,illumination,utilize,utilization,19
illumine,illumination,visualize,visualization,19
imagine,imagination,inspire,inspiration,19
imagine,imagination,install,installation,19
imagine,imagination,maximize,maximization,19
imagine,imagination,minimize,minimization,19
imagine,imagination,modernize,modernization,19
imagine,imagination,oblige,obligation,19
imagine,imagination,observe,observation,19
imagine,imagination,occupy,occupation,19
imagine,imagination,optimize,optimization,19
imagine,imagination,organize,organization,19
imagine,imagination,perspire,perspiration,19
imagine,imagination,prepare,preparation,19
imagine,imagination,privatize,privatization,19
imagine,imagination,randomize,randomization,19
imagine,imagination,realize,realization,19
imagine,imagination,reorganize,reorganization,19
imagine,imagination,restore,restoration,19
imagine,imagination,specialize,specialization,19
imagine,imagination,stabilize,stabilization,19
imagine,imagination,standardize,standardization,19
imagine,imagination,starve,starvation,19
imagine,imagination,utilize,utilization,19
imagine,imagination,visualize,visualization,19
inspire,inspiration,install,installation,19
inspire,inspiration,maximize,maximization,19
inspire,inspiration,minimize,minimization,19
inspire,inspiration,modernize,modernization,19
inspire,inspiration,oblige,obligation,19
inspire,inspiration,observe,observation,19
inspire,inspiration,occupy,occupation,19
inspire,inspiration,optimize,optimization,19
inspire,inspiration,organize,organization,19
inspire,inspiration,perspire,perspiration,19
inspire,inspiration,prepare,preparation,19
inspire,inspiration,privatize,privatization,19
inspire,inspiration,randomize,randomization,19
inspire,inspiration,realize,realization,19
inspire,inspiration,reorganize,reorganization,19
inspire,inspiration,restore,restoration,19
inspire,inspiration,specialize,specialization,19
inspire,inspiration,stabilize,stabilization,19
inspire,inspiration,standardize,standardization,19
inspire,inspiration,starve,starvation,19
inspire,inspiration,utilize,utilization,19
inspire,inspiration,visualize,visualization,19
install,installation,maximize,maximization,19
install,installation,minimize,minimization,19
install,installation,modernize,modernization,19
install,installation,oblige,obligation,19
install,installation,observe,observation,19
install,installation,occupy,occupation,19
install,installation,optimize,optimization,19
install,installation,organize,organization,19
install,installation,perspire,perspiration,19
install,installation,prepare,preparation,19
install,installation,privatize,privatization,19
install,installation,randomize,randomization,19
install,installation,realize,realization,19
install,installation,reorganize,reorganization,19
install,installation,restore,restoration,19
install,installation,specialize,specialization,19
install,installation,stabilize,stabilization,19
install,installation,standardize,standardization,19
install,installation,starve,starvation,19
install,installation,utilize,utilization,19
install,installation,visualize,visualization,19
maximize,maximization,minimize,minimization,19
maximize,maximization,modernize,modernization,19
maximize,maximization,oblige,obligation,19
maximize,maximization,observe,observation,19
maximize,maximization,occupy,occupation,19
maximize,maximization,optimize,optimization,19
maximize,maximization,organize,organization,19
maximize,maximization,perspire,perspiration,19
maximize,maximization,prepare,preparation,19
maximize,maximization,privatize,privatization,19
maximize,maximization,randomize,randomization,19
maximize,maximization,realize,realization,19
maximize,maximization,reorganize,reorganization,19
maximize,maximization,restore,restoration,19
maximize,maximization,specialize,specialization,19
maximize,maximization,stabilize,stabilization,19
maximize,maximization,standardize,standardization,19
maximize,maximization,starve,starvation,19
maximize,maximization,utilize,utilization,19
maximize,maximization,visualize,visualization,19
minimize,minimization,modernize,modernization,19
minimize,minimization,oblige,obligation,19
minimize,minimization,observe,observation,19
minimize,minimization,occupy,occupation,19
minimize,minimization,optimize,optimization,19
minimize,minimization,organize,organization,19
minimize,minimization,perspire,perspiration,19
minimize,minimization,prepare,preparation,19
minimize,minimization,privatize,privatization,19
minimize,minimization,randomize,randomization,19
minimize,minimization,realize,realization,19
minimize,minimization,reorganize,reorganization,19
minimize,minimization,restore,restoration,19
minimize,minimization,specialize,specialization,19
minimize,minimization,stabilize,stabilization,19
minimize,minimization,standardize,standardization,19
minimize,minimization,starve,starvation,19
minimize,minimization,utilize,utilization,19
minimize,minimization,visualize,visualization,19
modernize,modernization,oblige,obligation,19
modernize,modernization,observe,observation,19
modernize,modernization,occupy,occupation,19
modernize,modernization,optimize,optimization,19
modernize,modernization,organize,organization,19
modernize,modernization,perspire,perspiration,19
modernize,modernization,prepare,preparation,19
modernize,modernization,privatize,privatization,19
modernize,modernization,randomize,randomization,19
modernize,modernization,realize,realization,19
modernize,modernization,reorganize,reorganization,19
modernize,modernization,restore,restoration,19
modernize,modernization,specialize,specialization,19
modernize,modernization,stabilize,stabilization,19
modernize,modernization,standardize,standardization,19
modernize,modernization,starve,starvation,19
modernize,modernization,utilize,utilization,19
modernize,modernization,visualize,visualization,19
oblige,obligation,observe,observation,19
oblige,obligation,occupy,occupation,19
oblige,obligation,optimize,optimization,19
oblige,obligation,organize,organization,19
oblige,obligation,perspire,perspiration,19
oblige,obligation,prepare,preparation,19
oblige,obligation,privatize,privatization,19
oblige,obligation,randomize,randomization,19
oblige,obligation,realize,realization,19
oblige,obligation,reorganize,reorganization,19
oblige,obligation,restore,restoration,19
oblige,obligation,specialize,specialization,19
oblige,obligation,stabilize,stabilization,19
oblige,obligation,standardize,standardization,19
oblige,obligation,starve,starvation,19
oblige,obligation,utilize,utilization,19
oblige,obligation,visualize,visualization,19
observe,observation,occupy,occupation,19
observe,observation,optimize,optimization,19
observe,observation,organize,organization,19
observe,observation,perspire,perspiration,19
observe,observation,prepare,preparation,19
observe,observation,privatize,privatization,19
observe,observation,randomize,randomization,19
observe,observation,realize,realization,19
observe,observation,reorganize,reorganization,19
observe,observation,restore,restoration,19
observe,observation,specialize,specialization,19
observe,observation,stabilize,stabilization,19
observe,observation,standardize,standardization,19
observe,observation,starve,starvation,19
observe,observation,utilize,utilization,19
observe,observation,visualize,visualization,19
occupy,occupation,optimize,optimization,19
occupy,occupation,organize,organization,19
occupy,occupation,perspire,perspiration,19
occupy,occupation,prepare,preparation,19
occupy,occupation,privatize,privatization,19
occupy,occupation,randomize,randomization,19
occupy,occupation,realize,realization,19
occupy,occupation,reorganize,reorganization,19
occupy,occupation,restore,restoration,19
occupy,occupation,specialize,specialization,19
occupy,occupation,stabilize,stabilization,19
occupy,occupation,standardize,standardization,19
occupy,occupation,starve,starvation,19
occupy,occupation,utilize,utilization,19
occupy,occupation,visualize,visualization,19
optimize,optimization,organize,organization,19
optimize,optimization,perspire,perspiration,19
optimize,optimization,prepare,preparation,19
optimize,optimization,privatize,privatization,19
optimize,optimization,randomize,randomization,19
optimize,optimization,realize,realization,19
optimize,optimization,reorganize,reorganization,19
optimize,optimization,restore,restoration,19
optimize,optimization,specialize,specialization,19
optimize,optimization,stabilize,stabilization,19
optimize,optimization,standardize,standardization,19
optimize,optimization,starve,starvation,19
optimize,optimization,utilize,utilization,19
optimize,optimization,visualize,visualization,19
organize,organization,perspire,perspiration,19
organize,organization,prepare,preparation,19
organize,organization,privatize,privatization,19
organize,organization,randomize,randomization,19
organize,organization,realize,realization,19
organize,organization,reorganize,reorganization,19
organize,organization,restore,restoration,19
organize,organization,specialize,specialization,19
organize,organization,stabilize,stabilization,19
organize,organization,standardize,standardization,19
organize,organization,starve,starvation,19
organize,organization,utilize,utilization,19
organize,organization,visualize,visualization,19
perspire,perspiration,prepare,preparation,19
perspire,perspiration,privatize,privatization,19
perspire,perspiration,randomize,randomization,19
perspire,perspiration,realize,realization,19
perspire,perspiration,reorganize,reorganization,19
perspire,perspiration,restore,restoration,19
perspire,perspiration,specialize,specialization,19
perspire,perspiration,stabilize,stabilization,19
perspire,perspiration,standardize,standardization,19
perspire,perspiration,starve,starvation,19
perspire,perspiration,utilize,utilization,19
perspire,perspiration,visualize,visualization,19
prepare,preparation,privatize,privatization,19
prepare,preparation,randomize,randomization,19
prepare,preparation,realize,realization,19
prepare,preparation,reorganize,reorganization,19
prepare,preparation,restore,restoration,19
prepare,preparation,specialize,specialization,19
prepare,preparation,stabilize,stabilization,19
prepare,preparation,standardize,standardization,19
prepare,preparation,starve,starvation,19
prepare,preparation,utilize,utilization,19
prepare,preparation,visualize,visualization,19
privatize,privatization,randomize,randomization,19
privatize,privatization,realize,realization,19
privatize,privatization,reorganize,reorganization,19
privatize,privatization,restore,restoration,19
privatize,privatization,specialize,specialization,19
privatize,privatization,stabilize,stabilization,19
privatize,privatization,standardize,standardization,19
privatize,privatization,starve,starvation,19
privatize,privatization,utilize,utilization,19
privatize,privatization,visualize,visualization,19
randomize,randomization,realize,realization,19
randomize,randomization,reorganize,reorganization,19
randomize,randomization,restore,restoration,19
randomize,randomization,specialize,specialization,19
randomize,randomization,stabilize,stabilization,19
randomize,randomization,standardize,standardization,19
randomize,randomization,starve,starvation,19
randomize,randomization,utilize,utilization,19
randomize,randomization,visualize,visualization,19
realize,realization,reorganize,reorganization,19
realize,realization,restore,restoration,19
realize,realization,specialize,specialization,19
realize,realization,stabilize,stabilization,19
realize,realization,standardize,standardization,19
realize,realization,starve,starvation,19
realize,realization,utilize,utilization,19
realize,realization,visualize,visualization,19
reorganize,reorganization,restore,restoration,19
reorganize,reorganization,specialize,specialization,19
reorganize,reorganization,stabilize,stabilization,19
reorganize,reorganization,standardize,standardization,19
reorganize,reorganization,starve,starvation,19
reorganize,reorganization,utilize,utilization,19
reorganize,reorganization,visualize,visualization,19
restore,restoration,specialize,specialization,19
restore,restoration,stabilize,stabilization,19
restore,restoration,standardize,standardization,19
restore,restoration,starve,starvation,19
restore,restoration,utilize,utilization,19
restore,restoration,visualize,visualization,19
specialize,specialization,stabilize,stabilization,19
specialize,specialization,standardize,standardization,19
specialize,specialization,starve,starvation,19
specialize,specialization,utilize,utilization,19
specialize,specialization,visualize,visualization,19
stabilize,stabilization,standardize,standardization,19
stabilize,stabilization,starve,starvation,19
stabilize,stabilization,utilize,utilization,19
stabilize,stabilization,visualize,visualization,19
standardize,standardization,starve,starvation,19
standardize,standardization,utilize,utilization,19
standardize,standardization,visualize,visualization,19
starve,starvation,utilize,utilization,19
starve,starvation,visualize,visualization,19
utilize,utilization,visualize,visualization,19
