accomplish,accomplishment,achieve,achievement,20
accomplish,accomplishment,acknowledge,acknowledgement,20
accomplish,accomplishment,adjust,adjustment,20
accomplish,accomplishment,advertise,advertisement,20
accomplish,accomplishment,agree,agreement,20
accomplish,accomplishment,align,alignment,20
accomplish,accomplishment,amend,amendment,20
accomplish,accomplishment,amuse,amusement,20
accomplish,accomplishment,announce,announcement,20
accomplish,accomplishment,appoint,appointment,20
accomplish,accomplishment,arrange,arrangement,20
accomplish,accomplishment,assess,assessment,20
accomplish,accomplishment,assign,assignment,20
accomplish,accomplishment,commit,commitment,20
accomplish,accomplishment,detach,detachment,20
accomplish,accomplishment,develop,development,20
accomplish,accomplishment,disagree,disagreement,20
accomplish,accomplishment,disappoint,disappointment,20
accomplish,accomplishment,displace,displacement,20
accomplish,accomplishment,embarrass,embarrassment,20
accomplish,accomplishment,encourage,encouragement,20
accomplish,accomplishment,endorse,endorsement,20
accomplish,accomplishment,enforce,enforcement,20
accomplish,accomplishment,engage,engagement,20
accomplish,accomplishment,enhance,enhancement,20
accomplish,accomplishment,enjoy,enjoyment,20
accomplish,accomplishment,enlighten,enlightenment,20
accomplish,accomplishment,enroll,enrollment,20
accomplish,accomplishment,entertain,entertainment,20
accomplish,accomplishment,entitle,entitlement,20
accomplish,accomplishment,equip,equipment,20
accomplish,accomplishment,establish,establishment,20
accomplish,accomplishment,excite,excitement,20
accomplish,accomplishment,fulfil,fulfilment,20
accomplish,accomplishment,fulfill,fulfillment,20
accomplish,accomplishment,harass,harassment,20
accomplish,accomplishment,impair,impairment,20
accomplish,accomplishment,improve,improvement,20
accomplish,accomplishment,infringe,infringement,20
accomplish,accomplishment,invest,investment,20
accomplish,accomplishment,involve,involvement,20
accomplish,accomplishment,manage,management,20
accomplish,accomplishment,punish,punishment,20
accomplish,accomplishment,redevelop,redevelopment,20
accomplish,accomplishment,reimburse,reimbursement,20
accomplish,accomplishment,reinforce,reinforcement,20
accomplish,accomplishment,replace,replacement,20
accomplish,accomplishment,require,requirement,20
accomplish,accomplishment,resent,resentment,20
achieve,achievement,acknowledge,acknowledgement,20
achieve,achievement,adjust,adjustment,20
achieve,achievement,advertise,advertisement,20
achieve,achievement,agree,agreement,20
achieve,achievement,align,alignment,20
achieve,achievement,amend,amendment,20
achieve,achievement,amuse,amusement,20
achieve,achievement,announce,announcement,20
achieve,achievement,appoint,appointment,20
achieve,achievement,arrange,arrangement,20
achieve,achievement,assess,assessment,20
achieve,achievement,assign,assignment,20
achieve,achievement,commit,commitment,20
achieve,achievement,detach,detachment,20
achieve,achievement,develop,development,20
achieve,achievement,disagree,disagreement,20
achieve,achievement,disappoint,disappointment,20
achieve,achievement,displace,displacement,20
achieve,achievement,embarrass,embarrassment,20
achieve,achievement,encourage,encouragement,20
achieve,achievement,endorse,endorsement,20
achieve,achievement,enforce,enforcement,20
achieve,achievement,engage,engagement,20
achieve,achievement,enhance,enhancement,20
achieve,achievement,enjoy,enjoyment,20
achieve,achievement,enlighten,enlightenment,20
achieve,achievement,enroll,enrollment,20
achieve,achievement,entertain,entertainment,20
achieve,achievement,entitle,entitlement,20
achieve,achievement,equip,equipment,20
achieve,achievement,establish,establishment,20
achieve,achievement,excite,excitement,20
achieve,achievement,fulfil,fulfilment,20
achieve,achievement,fulfill,fulfillment,20
achieve,achievement,harass,harassment,20
achieve,achievement,impair,impairment,20
achieve,achievement,improve,improvement,20
achieve,achievement,infringe,infringement,20
achieve,achievement,invest,investment,20
achieve,achievement,involve,involvement,20
achieve,achievement,manage,management,20
achieve,achievement,punish,punishment,20
achieve,achievement,redevelop,redevelopment,20
achieve,achievement,reimburse,reimbursement,20
achieve,achievement,reinforce,reinforcement,20
achieve,achievement,replace,replacement,20
achieve,achievement,require,requirement,20
achieve,achievement,resent,resentment,20
acknowledge,acknowledgement,adjust,adjustment,20
acknowledge,acknowledgement,advertise,advertisement,20
acknowledge,acknowledgement,agree,agreement,20
acknowledge,acknowledgement,align,alignment,20
acknowledge,acknowledgement,amend,amendment,20
acknowledge,acknowledgement,amuse,amusement,20
acknowledge,acknowledgement,announce,announcement,20
acknowledge,acknowledgement,appoint,appointment,20
acknowledge,acknowledgement,arrange,arrangement,20
acknowledge,acknowledgement,assess,assessment,20
acknowledge,acknowledgement,assign,assignment,20
acknowledge,acknowledgement,commit,commitment,20
acknowledge,acknowledgement,detach,detachment,20
acknowledge,acknowledgement,develop,development,20
acknowledge,acknowledgement,disagree,disagreement,20
acknowledge,acknowledgement,disappoint,disappointment,20
acknowledge,acknowledgement,displace,displacement,20
acknowledge,acknowledgement,embarrass,embarrassment,20
acknowledge,acknowledgement,encourage,encouragement,20
acknowledge,acknowledgement,endorse,endorsement,20
acknowledge,acknowledgement,enforce,enforcement,20
acknowledge,acknowledgement,engage,engagement,20
acknowledge,acknowledgement,enhance,enhancement,20
acknowledge,acknowledgement,enjoy,enjoyment,20
acknowledge,acknowledgement,enlighten,enlightenment,20
acknowledge,acknowledgement,enroll,enrollment,20
acknowledge,acknowledgement,entertain,entertainment,20
acknowledge,acknowledgement,entitle,entitlement,20
acknowledge,acknowledgement,equip,equipment,20
acknowledge,acknowledgement,establish,establishment,20
acknowledge,acknowledgement,excite,excitement,20
acknowledge,acknowledgement,fulfil,fulfilment,20
acknowledge,acknowledgement,fulfill,fulfillment,20
acknowledge,acknowledgement,harass,harassment,20
acknowledge,acknowledgement,impair,impairment,20
acknowledge,acknowledgement,improve,improvement,20
acknowledge,acknowledgement,infringe,infringement,20
acknowledge,acknowledgement,invest,investment,20
acknowledge,acknowledgement,involve,involvement,20
acknowledge,acknowledgement,manage,management,20
acknowledge,acknowledgement,punish,punishment,20
acknowledge,acknowledgement,redevelop,redevelopment,20
acknowledge,acknowledgement,reimburse,reimbursement,20
acknowledge,acknowledgement,reinforce,reinforcement,20
acknowledge,acknowledgement,replace,replacement,20
acknowledge,acknowledgement,require,requirement,20
acknowledge,acknowledgement,resent,resentment,20
adjust,adjustment,advertise,advertisement,20
adjust,adjustment,agree,agreement,20
adjust,adjustment,align,alignment,20
adjust,adjustment,amend,amendment,20
adjust,adjustment,amuse,amusement,20
adjust,adjustment,announce,announcement,20
adjust,adjustment,appoint,appointment,20
adjust,adjustment,arrange,arrangement,20
adjust,adjustment,assess,assessment,20
adjust,adjustment,assign,assignment,20
adjust,adjustment,commit,commitment,20
adjust,adjustment,detach,detachment,20
adjust,adjustment,develop,development,20
adjust,adjustment,disagree,disagreement,20
adjust,adjustment,disappoint,disappointment,20
adjust,adjustment,displace,displacement,20
adjust,adjustment,embarrass,embarrassment,20
adjust,adjustment,encourage,encouragement,20
adjust,adjustment,endorse,endorsement,20
adjust,adjustment,enforce,enforcement,20
adjust,adjustment,engage,engagement,20
adjust,adjustment,enhance,enhancement,20
adjust,adjustment,enjoy,enjoyment,20
adjust,adjustment,enlighten,enlightenment,20
adjust,adjustment,enroll,enrollment,20
adjust,adjustment,entertain,entertainment,20
adjust,adjustment,entitle,entitlement,20
adjust,adjustment,equip,equipment,20
adjust,adjustment,establish,establishment,20
adjust,adjustment,excite,excitement,20
adjust,adjustment,fulfil,fulfilment,20
adjust,adjustment,fulfill,fulfillment,20
adjust,adjustment,harass,harassment,20
adjust,adjustment,impair,impairment,20
adjust,adjustment,improve,improvement,20
adjust,adjustment,infringe,infringement,20
adjust,adjustment,invest,investment,20
adjust,adjustment,involve,involvement,20
adjust,adjustment,manage,management,20
adjust,adjustment,punish,punishment,20
adjust,adjustment,redevelop,redevelopment,20
adjust,adjustment,reimburse,reimbursement,20
adjust,adjustment,reinforce,reinforcement,20
adjust,adjustment,replace,replacement,20
adjust,adjustment,require,requirement,20
adjust,adjustment,resent,resentment,20
advertise,advertisement,agree,agreement,20
advertise,advertisement,align,alignment,20
advertise,advertisement,amend,amendment,20
advertise,advertisement,amuse,amusement,20
advertise,advertisement,announce,announcement,20
advertise,advertisement,appoint,appointment,20
advertise,advertisement,arrange,arrangement,20
advertise,advertisement,assess,assessment,20
advertise,advertisement,assign,assignment,20
advertise,advertisement,commit,commitment,20
advertise,advertisement,detach,detachment,20
advertise,advertisement,develop,development,20
advertise,advertisement,disagree,disagreement,20
advertise,advertisement,disappoint,disappointment,20
advertise,advertisement,displace,displacement,20
advertise,advertisement,embarrass,embarrassment,20
advertise,advertisement,encourage,encouragement,20
advertise,advertisement,endorse,endorsement,20
advertise,advertisement,enforce,enforcement,20
advertise,advertisement,engage,engagement,20
advertise,advertisement,enhance,enhancement,20
advertise,advertisement,enjoy,enjoyment,20
advertise,advertisement,enlighten,enlightenment,20
advertise,advertisement,enroll,enrollment,20
advertise,advertisement,entertain,entertainment,20
advertise,advertisement,entitle,entitlement,20
advertise,advertisement,equip,equipment,20
advertise,advertisement,establish,establishment,20
advertise,advertisement,excite,excitement,20
advertise,advertisement,fulfil,fulfilment,20
advertise,advertisement,fulfill,fulfillment,20
advertise,advertisement,harass,harassment,20
advertise,advertisement,impair,impairment,20
advertise,advertisement,improve,improvement,20
advertise,advertisement,infringe,infringement,20
advertise,advertisement,invest,investment,20
advertise,advertisement,involve,involvement,20
advertise,advertisement,manage,management,20
advertise,advertisement,punish,punishment,20
advertise,advertisement,redevelop,redevelopment,20
advertise,advertisement,reimburse,reimbursement,20
advertise,advertisement,reinforce,reinforcement,20
advertise,advertisement,replace,replacement,20
advertise,advertisement,require,requirement,20
advertise,advertisement,resent,resentment,20
agree,agreement,align,alignment,20
agree,agreement,amend,amendment,20
agree,agreement,amuse,amusement,20
agree,agreement,announce,announcement,20
agree,agreement,appoint,appointment,20
agree,agreement,arrange,arrangement,20
agree,agreement,assess,assessment,20
agree,agreement,assign,assignment,20
agree,agreement,commit,commitment,20
agree,agreement,detach,detachment,20
agree,agreement,develop,development,20
agree,agreement,disagree,disagreement,20
agree,agreement,disappoint,disappointment,20
agree,agreement,displace,displacement,20
agree,agreement,embarrass,embarrassment,20
agree,agreement,encourage,encouragement,20
agree,agreement,endorse,endorsement,20
agree,agreement,enforce,enforcement,20
agree,agreement,engage,engagement,20
agree,agreement,enhance,enhancement,20
agree,agreement,enjoy,enjoyment,20
agree,agreement,enlighten,enlightenment,20
agree,agreement,enroll,enrollment,20
agree,agreement,entertain,entertainment,20
agree,agreement,entitle,entitlement,20
agree,agreement,equip,equipment,20
agree,agreement,establish,establishment,20
agree,agreement,excite,excitement,20
agree,agreement,fulfil,fulfilment,20
agree,agreement,fulfill,fulfillment,20
agree,agreement,harass,harassment,20
agree,agreement,impair,impairment,20
agree,agreement,improve,improvement,20
agree,agreement,infringe,infringement,20
agree,agreement,invest,investment,20
agree,agreement,involve,involvement,20
agree,agreement,manage,management,20
agree,agreement,punish,punishment,20
agree,agreement,redevelop,redevelopment,20
agree,agreement,reimburse,reimbursement,20
agree,agreement,reinforce,reinforcement,20
agree,agreement,replace,replacement,20
agree,agreement,require,requirement,20
agree,agreement,resent,resentment,20
align,alignment,amend,amendment,20
align,alignment,amuse,amusement,20
align,alignment,announce,announcement,20
align,alignment,appoint,appointment,20
align,alignment,arrange,arrangement,20
align,alignment,assess,assessment,20
align,alignment,assign,assignment,20
align,alignment,commit,commitment,20
align,alignment,detach,detachment,20
align,alignment,develop,development,20
align,alignment,disagree,disagreement,20
align,alignment,disappoint,disappointment,20
align,alignment,displace,displacement,20
align,alignment,embarrass,embarrassment,20
align,alignment,encourage,encouragement,20
align,alignment,endorse,endorsement,20
align,alignment,enforce,enforcement,20
align,alignment,engage,engagement,20
align,alignment,enhance,enhancement,20
align,alignment,enjoy,enjoyment,20
align,alignment,enlighten,enlightenment,20
align,alignment,enroll,enrollment,20
align,alignment,entertain,entertainment,20
align,alignment,entitle,entitlement,20
align,alignment,equip,equipment,20
align,alignment,establish,establishment,20
align,alignment,excite,excitement,20
align,alignment,fulfil,fulfilment,20
align,alignment,fulfill,fulfillment,20
align,alignment,harass,harassment,20
align,alignment,impair,impairment,20
align,alignment,improve,improvement,20
align,alignment,infringe,infringement,20
align,alignment,invest,investment,20
align,alignment,involve,involvement,20
align,alignment,manage,management,20
align,alignment,punish,punishment,20
align,alignment,redevelop,redevelopment,20
align,alignment,reimburse,reimbursement,20
align,alignment,reinforce,reinforcement,20
align,alignment,replace,replacement,20
align,alignment,require,requirement,20
align,alignment,resent,resentment,20
amend,amendment,amuse,amusement,20
amend,amendment,announce,announcement,20
amend,amendment,appoint,appointment,20
amend,amendment,arrange,arrangement,20
amend,amendment,assess,assessment,20
amend,amendment,assign,assignment,20
amend,amendment,commit,commitment,20
amend,amendment,detach,detachment,20
amend,amendment,develop,development,20
amend,amendment,disagree,disagreement,20
amend,amendment,disappoint,disappointment,20
amend,amendment,displace,displacement,20
amend,amendment,embarrass,embarrassment,20
amend,amendment,encourage,encouragement,20
amend,amendment,endorse,endorsement,20
amend,amendment,enforce,enforcement,20
amend,amendment,engage,engagement,20
amend,amendment,enhance,enhancement,20
amend,amendment,enjoy,enjoyment,20
amend,amendment,enlighten,enlightenment,20
amend,amendment,enroll,enrollment,20
amend,amendment,entertain,entertainment,20
amend,amendment,entitle,entitlement,20
amend,amendment,equip,equipment,20
amend,amendment,establish,establishment,20
amend,amendment,excite,excitement,20
amend,amendment,fulfil,fulfilment,20
amend,amendment,fulfill,fulfillment,20
amend,amendment,harass,harassment,20
amend,amendment,impair,impairment,20
amend,amendment,improve,improvement,20
amend,amendment,infringe,infringement,20
amend,amendment,invest,investment,20
amend,amendment,involve,involvement,20
amend,amendment,manage,management,20
amend,amendment,punish,punishment,20
amend,amendment,redevelop,redevelopment,20
amend,amendment,reimburse,reimbursement,20
amend,amendment,reinforce,reinforcement,20
amend,amendment,replace,replacement,20
amend,amendment,require,requirement,20
amend,amendment,resent,resentment,20
amuse,amusement,announce,announcement,20
amuse,amusement,appoint,appointment,20
amuse,amusement,arrange,arrangement,20
amuse,amusement,assess,assessment,20
amuse,amusement,assign,assignment,20
amuse,amusement,commit,commitment,20
amuse,amusement,detach,detachment,20
amuse,amusement,develop,development,20
amuse,amusement,disagree,disagreement,20
amuse,amusement,disappoint,disappointment,20
amuse,amusement,displace,displacement,20
amuse,amusement,embarrass,embarrassment,20
amuse,amusement,encourage,encouragement,20
amuse,amusement,endorse,endorsement,20
amuse,amusement,enforce,enforcement,20
amuse,amusement,engage,engagement,20
amuse,amusement,enhance,enhancement,20
amuse,amusement,enjoy,enjoyment,20
amuse,amusement,enlighten,enlightenment,20
amuse,amusement,enroll,enrollment,20
amuse,amusement,entertain,entertainment,20
amuse,amusement,entitle,entitlement,20
amuse,amusement,equip,equipment,20
amuse,amusement,establish,establishment,20
amuse,amusement,excite,excitement,20
amuse,amusement,fulfil,fulfilment,20
amuse,amusement,fulfill,fulfillment,20
amuse,amusement,harass,harassment,20
amuse,amusement,impair,impairment,20
amuse,amusement,improve,improvement,20
amuse,amusement,infringe,infringement,20
amuse,amusement,invest,investment,20
amuse,amusement,involve,involvement,20
amuse,amusement,manage,management,20
amuse,amusement,punish,punishment,20
amuse,amusement,redevelop,redevelopment,20
amuse,amusement,reimburse,reimbursement,20
amuse,amusement,reinforce,reinforcement,20
amuse,amusement,replace,replacement,20
amuse,amusement,require,requirement,20
amuse,amusement,resent,resentment,20
announce,announcement,appoint,appointment,20
announce,announcement,arrange,arrangement,20
announce,announcement,assess,assessment,20
announce,announcement,assign,assignment,20
announce,announcement,commit,commitment,20
announce,announcement,detach,detachment,20
announce,announcement,develop,development,20
announce,announcement,disagree,disagreement,20
announce,announcement,disappoint,disappointment,20
announce,announcement,displace,displacement,20
announce,announcement,embarrass,embarrassment,20
announce,announcement,encourage,encouragement,20
announce,announcement,endorse,endorsement,20
announce,announcement,enforce,enforcement,20
announce,announcement,engage,engagement,20
announce,announcement,enhance,enhancement,20
announce,announcement,enjoy,enjoyment,20
announce,announcement,enlighten,enlightenment,20
announce,announcement,enroll,enrollment,20
announce,announcement,entertain,entertainment,20
announce,announcement,entitle,entitlement,20
announce,announcement,equip,equipment,20
announce,announcement,establish,establishment,20
announce,announcement,excite,excitement,20
announce,announcement,fulfil,fulfilment,20
announce,announcement,fulfill,fulfillment,20
announce,announcement,harass,harassment,20
announce,announcement,impair,impairment,20
announce,announcement,improve,improvement,20
announce,announcement,infringe,infringement,20
announce,announcement,invest,investment,20
announce,announcement,involve,involvement,20
announce,announcement,manage,management,20
announce,announcement,punish,punishment,20
announce,announcement,redevelop,redevelopment,20
announce,announcement,reimburse,reimbursement,20
announce,announcement,reinforce,reinforcement,20
announce,announcement,replace,replacement,20
announce,announcement,require,requirement,20
announce,announcement,resent,resentment,20
appoint,appointment,arrange,arrangement,20
appoint,appointment,assess,assessment,20
appoint,appointment,assign,assignment,20
appoint,appointment,commit,commitment,20
appoint,appointment,detach,detachment,20
appoint,appointment,develop,development,20
appoint,appointment,disagree,disagreement,20
appoint,appointment,disappoint,disappointment,20
appoint,appointment,displace,displacement,20
appoint,appointment,embarrass,embarrassment,20
appoint,appointment,encourage,encouragement,20
appoint,appointment,endorse,endorsement,20
appoint,appointment,enforce,enforcement,20
appoint,appointment,engage,engagement,20
appoint,appointment,enhance,enhancement,20
appoint,appointment,enjoy,enjoyment,20
appoint,appointment,enlighten,enlightenment,20
appoint,appointment,enroll,enrollment,20
appoint,appointment,entertain,entertainment,20
appoint,appointment,entitle,entitlement,20
appoint,appointment,equip,equipment,20
appoint,appointment,establish,establishment,20
appoint,appointment,excite,excitement,20
appoint,appointment,fulfil,fulfilment,20
appoint,appointment,fulfill,fulfillment,20
appoint,appointment,harass,harassment,20
appoint,appointment,impair,impairment,20
appoint,appointment,improve,improvement,20
appoint,appointment,infringe,infringement,20
appoint,appointment,invest,investment,20
appoint,appointment,involve,involvement,20
appoint,appointment,manage,management,20
appoint,appointment,punish,punishment,20
appoint,appointment,redevelop,redevelopment,20
appoint,appointment,reimburse,reimbursement,20
appoint,appointment,reinforce,reinforcement,20
appoint,appointment,replace,replacement,20
appoint,appointment,require,requirement,20
appoint,appointment,resent,resentment,20
arrange,arrangement,assess,assessment,20
arrange,arrangement,assign,assignment,20
arrange,arrangement,commit,commitment,20
arrange,arrangement,detach,detachment,20
arrange,arrangement,develop,development,20
arrange,arrangement,disagree,disagreement,20
arrange,arrangement,disappoint,disappointment,20
arrange,arrangement,displace,displacement,20
arrange,arrangement,embarrass,embarrassment,20
arrange,arrangement,encourage,encouragement,20
arrange,arrangement,endorse,endorsement,20
arrange,arrangement,enforce,enforcement,20
arrange,arrangement,engage,engagement,20
arrange,arrangement,enhance,enhancement,20
arrange,arrangement,enjoy,enjoyment,20
arrange,arrangement,enlighten,enlightenment,20
arrange,arrangement,enroll,enrollment,20
arrange,arrangement,entertain,entertainment,20
arrange,arrangement,entitle,entitlement,20
arrange,arrangement,equip,equipment,20
arrange,arrangement,establish,establishment,20
arrange,arrangement,excite,excitement,20
arrange,arrangement,fulfil,fulfilment,20
arrange,arrangement,fulfill,fulfillment,20
arrange,arrangement,harass,harassment,20
arrange,arrangement,impair,impairment,20
arrange,arrangement,improve,improvement,20
arrange,arrangement,infringe,infringement,20
arrange,arrangement,invest,investment,20
arrange,arrangement,involve,involvement,20
arrange,arrangement,manage,management,20
arrange,arrangement,punish,punishment,20
arrange,arrangement,redevelop,redevelopment,20
arrange,arrangement,reimburse,reimbursement,20
arrange,arrangement,reinforce,reinforcement,20
arrange,arrangement,replace,replacement,20
arrange,arrangement,require,requirement,20
arrange,arrangement,resent,resentment,20
assess,assessment,assign,assignment,20
assess,assessment,commit,commitment,20
assess,assessment,detach,detachment,20
assess,assessment,develop,development,20
assess,assessment,disagree,disagreement,20
assess,assessment,disappoint,disappointment,20
assess,assessment,displace,displacement,20
assess,assessment,embarrass,embarrassment,20
assess,assessment,encourage,encouragement,20
assess,assessment,endorse,endorsement,20
assess,assessment,enforce,enforcement,20
assess,assessment,engage,engagement,20
assess,assessment,enhance,enhancement,20
assess,assessment,enjoy,enjoyment,20
assess,assessment,enlighten,enlightenment,20
assess,assessment,enroll,enrollment,20
assess,assessment,entertain,entertainment,20
assess,assessment,entitle,entitlement,20
assess,assessment,equip,equipment,20
assess,assessment,establish,establishment,20
assess,assessment,excite,excitement,20
assess,assessment,fulfil,fulfilment,20
assess,assessment,fulfill,fulfillment,20
assess,assessment,harass,harassment,20
assess,assessment,impair,impairment,20
assess,assessment,improve,improvement,20
assess,assessment,infringe,infringement,20
assess,assessment,invest,investment,20
assess,assessment,involve,involvement,20
assess,assessment,manage,management,20
assess,assessment,punish,punishment,20
assess,assessment,redevelop,redevelopment,20
assess,assessment,reimburse,reimbursement,20
assess,assessment,reinforce,reinforcement,20
assess,assessment,replace,replacement,20
assess,assessment,require,requirement,20
assess,assessment,resent,resentment,20
assign,assignment,commit,commitment,20
assign,assignment,detach,detachment,20
assign,assignment,develop,development,20
assign,assignment,disagree,disagreement,20
assign,assignment,disappoint,disappointment,20
assign,assignment,displace,displacement,20
assign,assignment,embarrass,embarrassment,20
assign,assignment,encourage,encouragement,20
assign,assignment,endorse,endorsement,20
assign,assignment,enforce,enforcement,20
assign,assignment,engage,engagement,20
assign,assignment,enhance,enhancement,20
assign,assignment,enjoy,enjoyment,20
assign,assignment,enlighten,enlightenment,20
assign,assignment,enroll,enrollment,20
assign,assignment,entertain,entertainment,20
assign,assignment,entitle,entitlement,20
assign,assignment,equip,equipment,20
assign,assignment,establish,establishment,20
assign,assignment,excite,excitement,20
assign,assignment,fulfil,fulfilment,20
assign,assignment,fulfill,fulfillment,20
assign,assignment,harass,harassment,20
assign,assignment,impair,impairment,20
assign,assignment,improve,improvement,20
assign,assignment,infringe,infringement,20
assign,assignment,invest,investment,20
assign,assignment,involve,involvement,20
assign,assignment,manage,management,20
assign,assignment,punish,punishment,20
assign,assignment,redevelop,redevelopment,20
assign,assignment,reimburse,reimbursement,20
assign,assignment,reinforce,reinforcement,20
assign,assignment,replace,replacement,20
assign,assignment,require,requirement,20
assign,assignment,resent,resentment,20
commit,commitment,detach,detachment,20
commit,commitment,develop,development,20
commit,commitment,disagree,disagreement,20
commit,commitment,disappoint,disappointment,20
commit,commitment,displace,displacement,20
commit,commitment,embarrass,embarrassment,20
commit,commitment,encourage,encouragement,20
commit,commitment,endorse,endorsement,20
commit,commitment,enforce,enforcement,20
commit,commitment,engage,engagement,20
commit,commitment,enhance,enhancement,20
commit,commitment,enjoy,enjoyment,20
commit,commitment,enlighten,enlightenment,20
commit,commitment,enroll,enrollment,20
commit,commitment,entertain,entertainment,20
commit,commitment,entitle,entitlement,20
commit,commitment,equip,equipment,20
commit,commitment,establish,establishment,20
commit,commitment,excite,excitement,20
commit,commitment,fulfil,fulfilment,20
commit,commitment,fulfill,fulfillment,20
commit,commitment,harass,harassment,20
commit,commitment,impair,impairment,20
commit,commitment,improve,improvement,20
commit,commitment,infringe,infringement,20
commit,commitment,invest,investment,20
commit,commitment,involve,involvement,20
commit,commitment,manage,management,20
commit,commitment,punish,punishment,20
commit,commitment,redevelop,redevelopment,20
commit,commitment,reimburse,reimbursement,20
commit,commitment,reinforce,reinforcement,20
commit,commitment,replace,replacement,20
commit,commitment,require,requirement,20
commit,commitment,resent,resentment,20
detach,detachment,develop,development,20
detach,detachment,disagree,disagreement,20
detach,detachment,disappoint,disappointment,20
detach,detachment,displace,displacement,20
detach,detachment,embarrass,embarrassment,20
detach,detachment,encourage,encouragement,20
detach,detachment,endorse,endorsement,20
detach,detachment,enforce,enforcement,20
detach,detachment,engage,engagement,20
detach,detachment,enhance,enhancement,20
detach,detachment,enjoy,enjoyment,20
detach,detachment,enlighten,enlightenment,20
detach,detachment,enroll,enrollment,20
detach,detachment,entertain,entertainment,20
detach,detachment,entitle,entitlement,20
detach,detachment,equip,equipment,20
detach,detachment,establish,establishment,20
detach,detachment,excite,excitement,20
detach,detachment,fulfil,fulfilment,20
detach,detachment,fulfill,fulfillment,20
detach,detachment,harass,harassment,20
detach,detachment,impair,impairment,20
detach,detachment,improve,improvement,20
detach,detachment,infringe,infringement,20
detach,detachment,invest,investment,20
detach,detachment,involve,involvement,20
detach,detachment,manage,management,20
detach,detachment,punish,punishment,20
detach,detachment,redevelop,redevelopment,20
detach,detachment,reimburse,reimbursement,20
detach,detachment,reinforce,reinforcement,20
detach,detachment,replace,replacement,20
detach,detachment,require,requirement,20
detach,detachment,resent,resentment,20
develop,development,disagree,disagreement,20
develop,development,disappoint,disappointment,20
develop,development,displace,displacement,20
develop,development,embarrass,embarrassment,20
develop,development,encourage,encouragement,20
develop,development,endorse,endorsement,20
develop,development,enforce,enforcement,20
develop,development,engage,engagement,20
develop,development,enhance,enhancement,20
develop,development,enjoy,enjoyment,20
develop,development,enlighten,enlightenment,20
develop,development,enroll,enrollment,20
develop,development,entertain,entertainment,20
develop,development,entitle,entitlement,20
develop,development,equip,equipment,20
develop,development,establish,establishment,20
develop,development,excite,excitement,20
develop,development,fulfil,fulfilment,20
develop,development,fulfill,fulfillment,20
develop,development,harass,harassment,20
develop,development,impair,impairment,20
develop,development,improve,improvement,20
develop,development,infringe,infringement,20
develop,development,invest,investment,20
develop,development,involve,involvement,20
develop,development,manage,management,20
develop,development,punish,punishment,20
develop,development,redevelop,redevelopment,20
develop,development,reimburse,reimbursement,20
develop,development,reinforce,reinforcement,20
develop,development,replace,replacement,20
develop,development,require,requirement,20
develop,development,resent,resentment,20
disagree,disagreement,disappoint,disappointment,20
disagree,disagreement,displace,displacement,20
disagree,disagreement,embarrass,embarrassment,20
disagree,disagreement,encourage,encouragement,20
disagree,disagreement,endorse,endorsement,20
disagree,disagreement,enforce,enforcement,20
disagree,disagreement,engage,engagement,20
disagree,disagreement,enhance,enhancement,20
disagree,disagreement,enjoy,enjoyment,20
disagree,disagreement,enlighten,enlightenment,20
disagree,disagreement,enroll,enrollment,20
disagree,disagreement,entertain,entertainment,20
disagree,disagreement,entitle,entitlement,20
disagree,disagreement,equip,equipment,20
disagree,disagreement,establish,establishment,20
disagree,disagreement,excite,excitement,20
disagree,disagreement,fulfil,fulfilment,20
disagree,disagreement,fulfill,fulfillment,20
disagree,disagreement,harass,harassment,20
disagree,disagreement,impair,impairment,20
disagree,disagreement,improve,improvement,20
disagree,disagreement,infringe,infringement,20
disagree,disagreement,invest,investment,20
disagree,disagreement,involve,involvement,20
disagree,disagreement,manage,management,20
disagree,disagreement,punish,punishment,20
disagree,disagreement,redevelop,redevelopment,20
disagree,disagreement,reimburse,reimbursement,20
disagree,disagreement,reinforce,reinforcement,20
disagree,disagreement,replace,replacement,20
disagree,disagreement,require,requirement,20
disagree,disagreement,resent,resentment,20
disappoint,disappointment,displace,displacement,20
disappoint,disappointment,embarrass,embarrassment,20
disappoint,disappointment,encourage,encouragement,20
disappoint,disappointment,endorse,endorsement,20
disappoint,disappointment,enforce,enforcement,20
disappoint,disappointment,engage,engagement,20
disappoint,disappointment,enhance,enhancement,20
disappoint,disappointment,enjoy,enjoyment,20
disappoint,disappointment,enlighten,enlightenment,20
disappoint,disappointment,enroll,enrollment,20
disappoint,disappointment,entertain,entertainment,20
disappoint,disappointment,entitle,entitlement,20
disappoint,disappointment,equip,equipment,20
disappoint,disappointment,establish,establishment,20
disappoint,disappointment,excite,excitement,20
disappoint,disappointment,fulfil,fulfilment,20
disappoint,disappointment,fulfill,fulfillment,20
disappoint,disappointment,harass,harassment,20
disappoint,disappointment,impair,impairment,20
disappoint,disappointment,improve,improvement,20
disappoint,disappointment,infringe,infringement,20
disappoint,disappointment,invest,investment,20
disappoint,disappointment,involve,involvement,20
disappoint,disappointment,manage,management,20
disappoint,disappointment,punish,punishment,20
disappoint,disappointment,redevelop,redevelopment,20
disappoint,disappointment,reimburse,reimbursement,20
disappoint,disappointment,reinforce,reinforcement,20
disappoint,disappointment,replace,replacement,20
disappoint,disappointment,require,requirement,20
disappoint,disappointment,resent,resentment,20
displace,displacement,embarrass,embarrassment,20
displace,displacement,encourage,encouragement,20
displace,displacement,endorse,endorsement,20
displace,displacement,enforce,enforcement,20
displace,displacement,engage,engagement,20
displace,displacement,enhance,enhancement,20
displace,displacement,enjoy,enjoyment,20
displace,displacement,enlighten,enlightenment,20
displace,displacement,enroll,enrollment,20
displace,displacement,entertain,entertainment,20
displace,displacement,entitle,entitlement,20
displace,displacement,equip,equipment,20
displace,displacement,establish,establishment,20
displace,displacement,excite,excitement,20
displace,displacement,fulfil,fulfilment,20
displace,displacement,fulfill,fulfillment,20
displace,displacement,harass,harassment,20
displace,displacement,impair,impairment,20
displace,displacement,improve,improvement,20
displace,displacement,infringe,infringement,20
displace,displacement,invest,investment,20
displace,displacement,involve,involvement,20
displace,displacement,manage,management,20
displace,displacement,punish,punishment,20
displace,displacement,redevelop,redevelopment,20
displace,displacement,reimburse,reimbursement,20
displace,displacement,reinforce,reinforcement,20
displace,displacement,replace,replacement,20
displace,displacement,require,requirement,20
displace,displacement,resent,resentment,20
embarrass,embarrassment,encourage,encouragement,20
embarrass,embarrassment,endorse,endorsement,20
embarrass,embarrassment,enforce,enforcement,20
embarrass,embarrassment,engage,engagement,20
embarrass,embarrassment,enhance,enhancement,20
embarrass,embarrassment,enjoy,enjoyment,20
embarrass,embarrassment,enlighten,enlightenment,20
embarrass,embarrassment,enroll,enrollment,20
embarrass,embarrassment,entertain,entertainment,20
embarrass,embarrassment,entitle,entitlement,20
embarrass,embarrassment,equip,equipment,20
embarrass,embarrassment,establish,establishment,20
embarrass,embarrassment,excite,excitement,20
embarrass,embarrassment,fulfil,fulfilment,20
embarrass,embarrassment,fulfill,fulfillment,20
embarrass,embarrassment,harass,harassment,20
embarrass,embarrassment,impair,impairment,20
embarrass,embarrassment,improve,improvement,20
embarrass,embarrassment,infringe,infringement,20
embarrass,embarrassment,invest,investment,20
embarrass,embarrassment,involve,involvement,20
embarrass,embarrassment,manage,management,20
embarrass,embarrassment,punish,punishment,20
embarrass,embarrassment,redevelop,redevelopment,20
embarrass,embarrassment,reimburse,reimbursement,20
embarrass,embarrassment,reinforce,reinforcement,20
embarrass,embarrassment,replace,replacement,20
embarrass,embarrassment,require,requirement,20
embarrass,embarrassment,resent,resentment,20
encourage,encouragement,endorse,endorsement,20
encourage,encouragement,enforce,enforcement,20
encourage,encouragement,engage,engagement,20
encourage,encouragement,enhance,enhancement,20
encourage,encouragement,enjoy,enjoyment,20
encourage,encouragement,enlighten,enlightenment,20
encourage,encouragement,enroll,enrollment,20
encourage,encouragement,entertain,entertainment,20
encourage,encouragement,entitle,entitlement,20
encourage,encouragement,equip,equipment,20
encourage,encouragement,establish,establishment,20
encourage,encouragement,excite,excitement,20
encourage,encouragement,fulfil,fulfilment,20
encourage,encouragement,fulfill,fulfillment,20
encourage,encouragement,harass,harassment,20
encourage,encouragement,impair,impairment,20
encourage,encouragement,improve,improvement,20
encourage,encouragement,infringe,infringement,20
encourage,encouragement,invest,investment,20
encourage,encouragement,involve,involvement,20
encourage,encouragement,manage,management,20
encourage,encouragement,punish,punishment,20
encourage,encouragement,redevelop,redevelopment,20
encourage,encouragement,reimburse,reimbursement,20
encourage,encouragement,reinforce,reinforcement,20
encourage,encouragement,replace,replacement,20
encourage,encouragement,require,requirement,20
encourage,encouragement,resent,resentment,20
endorse,endorsement,enforce,enforcement,20
endorse,endorsement,engage,engagement,20
endorse,endorsement,enhance,enhancement,20
endorse,endorsement,enjoy,enjoyment,20
endorse,endorsement,enlighten,enlightenment,20
endorse,endorsement,enroll,enrollment,20
endorse,endorsement,entertain,entertainment,20
endorse,endorsement,entitle,entitlement,20
endorse,endorsement,equip,equipment,20
endorse,endorsement,establish,establishment,20
endorse,endorsement,excite,excitement,20
endorse,endorsement,fulfil,fulfilment,20
endorse,endorsement,fulfill,fulfillment,20
endorse,endorsement,harass,harassment,20
endorse,endorsement,impair,impairment,20
endorse,endorsement,improve,improvement,20
endorse,endorsement,infringe,infringement,20
endorse,endorsement,invest,investment,20
endorse,endorsement,involve,involvement,20
endorse,endorsement,manage,management,20
endorse,endorsement,punish,punishment,20
endorse,endorsement,redevelop,redevelopment,20
endorse,endorsement,reimburse,reimbursement,20
endorse,endorsement,reinforce,reinforcement,20
endorse,endorsement,replace,replacement,20
endorse,endorsement,require,requirement,20
endorse,endorsement,resent,resentment,20
enforce,enforcement,engage,engagement,20
enforce,enforcement,enhance,enhancement,20
enforce,enforcement,enjoy,enjoyment,20
enforce,enforcement,enlighten,enlightenment,20
enforce,enforcement,enroll,enrollment,20
enforce,enforcement,entertain,entertainment,20
enforce,enforcement,entitle,entitlement,20
enforce,enforcement,equip,equipment,20
enforce,enforcement,establish,establishment,20
enforce,enforcement,excite,excitement,20
enforce,enforcement,fulfil,fulfilment,20
enforce,enforcement,fulfill,fulfillment,20
enforce,enforcement,harass,harassment,20
enforce,enforcement,impair,impairment,20
enforce,enforcement,improve,improvement,20
enforce,enforcement,infringe,infringement,20
enforce,enforcement,invest,investment,20
enforce,enforcement,involve,involvement,20
enforce,enforcement,manage,management,20
enforce,enforcement,punish,punishment,20
enforce,enforcement,redevelop,redevelopment,20
enforce,enforcement,reimburse,reimbursement,20
enforce,enforcement,reinforce,reinforcement,20
enforce,enforcement,replace,replacement,20
enforce,enforcement,require,requirement,20
enforce,enforcement,resent,resentment,20
engage,engagement,enhance,enhancement,20
engage,engagement,enjoy,enjoyment,20
engage,engagement,enlighten,enlightenment,20
engage,engagement,enroll,enrollment,20
engage,engagement,entertain,entertainment,20
engage,engagement,entitle,entitlement,20
engage,engagement,equip,equipment,20
engage,engagement,establish,establishment,20
engage,engagement,excite,excitement,20
engage,engagement,fulfil,fulfilment,20
engage,engagement,fulfill,fulfillment,20
engage,engagement,harass,harassment,20
engage,engagement,impair,impairment,20
engage,engagement,improve,improvement,20
engage,engagement,infringe,infringement,20
engage,engagement,invest,investment,20
engage,engagement,involve,involvement,20
engage,engagement,manage,management,20
engage,engagement,punish,punishment,20
engage,engagement,redevelop,redevelopment,20
engage,engagement,reimburse,reimbursement,20
engage,engagement,reinforce,reinforcement,20
engage,engagement,replace,replacement,20
engage,engagement,require,requirement,20
engage,engagement,resent,resentment,20
enhance,enhancement,enjoy,enjoyment,20
enhance,enhancement,enlighten,enlightenment,20
enhance,enhancement,enroll,enrollment,20
enhance,enhancement,entertain,entertainment,20
enhance,enhancement,entitle,entitlement,20
enhance,enhancement,equip,equipment,20
enhance,enhancement,establish,establishment,20
enhance,enhancement,excite,excitement,20
enhance,enhancement,fulfil,fulfilment,20
enhance,enhancement,fulfill,fulfillment,20
enhance,enhancement,harass,harassment,20
enhance,enhancement,impair,impairment,20
enhance,enhancement,improve,improvement,20
enhance,enhancement,infringe,infringement,20
enhance,enhancement,invest,investment,20
enhance,enhancement,involve,involvement,20
enhance,enhancement,manage,management,20
enhance,enhancement,punish,punishment,20
enhance,enhancement,redevelop,redevelopment,20
enhance,enhancement,reimburse,reimbursement,20
enhance,enhancement,reinforce,reinforcement,20
enhance,enhancement,replace,replacement,20
enhance,enhancement,require,requirement,20
enhance,enhancement,resent,resentment,20
enjoy,enjoyment,enlighten,enlightenment,20
enjoy,enjoyment,enroll,enrollment,20
enjoy,enjoyment,entertain,entertainment,20
enjoy,enjoyment,entitle,entitlement,20
enjoy,enjoyment,equip,equipment,20
enjoy,enjoyment,establish,establishment,20
enjoy,enjoyment,excite,excitement,20
enjoy,enjoyment,fulfil,fulfilment,20
enjoy,enjoyment,fulfill,fulfillment,20
enjoy,enjoyment,harass,harassment,20
enjoy,enjoyment,impair,impairment,20
enjoy,enjoyment,improve,improvement,20
enjoy,enjoyment,infringe,infringement,20
enjoy,enjoyment,invest,investment,20
enjoy,enjoyment,involve,involvement,20
enjoy,enjoyment,manage,management,20
enjoy,enjoyment,punish,punishment,20
enjoy,enjoyment,redevelop,redevelopment,20
enjoy,enjoyment,reimburse,reimbursement,20
enjoy,enjoyment,reinforce,reinforcement,20
enjoy,enjoyment,replace,replacement,20
enjoy,enjoyment,require,requirement,20
enjoy,enjoyment,resent,resentment,20
enlighten,enlightenment,enroll,enrollment,20
enlighten,enlightenment,entertain,entertainment,20
enlighten,enlightenment,entitle,entitlement,20
enlighten,enlightenment,equip,equipment,20
enlighten,enlightenment,establish,establishment,20
enlighten,enlightenment,excite,excitement,20
enlighten,enlightenment,fulfil,fulfilment,20
enlighten,enlightenment,fulfill,fulfillment,20
enlighten,enlightenment,harass,harassment,20
enlighten,enlightenment,impair,impairment,20
enlighten,enlightenment,improve,improvement,20
enlighten,enlightenment,infringe,infringement,20
enlighten,enlightenment,invest,investment,20
enlighten,enlightenment,involve,involvement,20
enlighten,enlightenment,manage,management,20
enlighten,enlightenment,punish,punishment,20
enlighten,enlightenment,redevelop,redevelopment,20
enlighten,enlightenment,reimburse,reimbursement,20
enlighten,enlightenment,reinforce,reinforcement,20
enlighten,enlightenment,replace,replacement,20
enlighten,enlightenment,require,requirement,20
enlighten,enlightenment,resent,resentment,20
enroll,enrollment,entertain,entertainment,20
enroll,enrollment,entitle,entitlement,20
enroll,enrollment,equip,equipment,20
enroll,enrollment,establish,establishment,20
enroll,enrollment,excite,excitement,20
enroll,enrollment,fulfil,fulfilment,20
enroll,enrollment,fulfill,fulfillment,20
enroll,enrollment,harass,harassment,20
enroll,enrollment,impair,impairment,20
enroll,enrollment,improve,improvement,20
enroll,enrollment,infringe,infringement,20
enroll,enrollment,invest,investment,20
enroll,enrollment,involve,involvement,20
enroll,enrollment,manage,management,20
enroll,enrollment,punish,punishment,20
enroll,enrollment,redevelop,redevelopment,20
enroll,enrollment,reimburse,reimbursement,20
enroll,enrollment,reinforce,reinforcement,20
enroll,enrollment,replace,replacement,20
enroll,enrollment,require,requirement,20
enroll,enrollment,resent,resentment,20
entertain,entertainment,entitle,entitlement,20
entertain,entertainment,equip,equipment,20
entertain,entertainment,establish,establishment,20
entertain,entertainment,excite,excitement,20
entertain,entertainment,fulfil,fulfilment,20
entertain,entertainment,fulfill,fulfillment,20
entertain,entertainment,harass,harassment,20
entertain,entertainment,impair,impairment,20
entertain,entertainment,improve,improvement,20
entertain,entertainment,infringe,infringement,20
entertain,entertainment,invest,investment,20
entertain,entertainment,involve,involvement,20
entertain,entertainment,manage,management,20
entertain,entertainment,punish,punishment,20
entertain,entertainment,redevelop,redevelopment,20
entertain,entertainment,reimburse,reimbursement,20
entertain,entertainment,reinforce,reinforcement,20
entertain,entertainment,replace,replacement,20
entertain,entertainment,require,requirement,20
entertain,entertainment,resent,resentment,20
entitle,entitlement,equip,equipment,20
entitle,entitlement,establish,establishment,20
entitle,entitlement,excite,excitement,20
entitle,entitlement,fulfil,fulfilment,20
entitle,entitlement,fulfill,fulfillment,20
entitle,entitlement,harass,harassment,20
entitle,entitlement,impair,impairment,20
entitle,entitlement,improve,improvement,20
entitle,entitlement,infringe,infringement,20
entitle,entitlement,invest,investment,20
entitle,entitlement,involve,involvement,20
entitle,entitlement,manage,management,20
entitle,entitlement,punish,punishment,20
entitle,entitlement,redevelop,redevelopment,20
entitle,entitlement,reimburse,reimbursement,20
entitle,entitlement,reinforce,reinforcement,20
entitle,entitlement,replace,replacement,20
entitle,entitlement,require,requirement,20
entitle,entitlement,resent,resentment,20
equip,equipment,establish,establishment,20
equip,equipment,excite,excitement,20
equip,equipment,fulfil,fulfilment,20
equip,equipment,fulfill,fulfillment,20
equip,equipment,harass,harassment,20
equip,equipment,impair,impairment,20
equip,equipment,improve,improvement,20
equip,equipment,infringe,infringement,20
equip,equipment,invest,investment,20
equip,equipment,involve,involvement,20
equip,equipment,manage,management,20
equip,equipment,punish,punishment,20
equip,equipment,redevelop,redevelopment,20
equip,equipment,reimburse,reimbursement,20
equip,equipment,reinforce,reinforcement,20
equip,equipment,replace,replacement,20
equip,equipment,require,requirement,20
equip,equipment,resent,resentment,20
establish,establishment,excite,excitement,20
establish,establishment,fulfil,fulfilment,20
establish,establishment,fulfill,fulfillment,20
establish,establishment,harass,harassment,20
establish,establishment,impair,impairment,20
establish,establishment,improve,improvement,20
establish,establishment,infringe,infringement,20
establish,establishment,invest,investment,20
establish,establishment,involve,involvement,20
establish,establishment,manage,management,20
establish,establishment,punish,punishment,20
establish,establishment,redevelop,redevelopment,20
establish,establishment,reimburse,reimbursement,20
establish,establishment,reinforce,reinforcement,20
establish,establishment,replace,replacement,20
establish,establishment,require,requirement,20
establish,establishment,resent,resentment,20
excite,excitement,fulfil,fulfilment,20
excite,excitement,fulfill,fulfillment,20
excite,excitement,harass,harassment,20
excite,excitement,impair,impairment,20
excite,excitement,improve,improvement,20
excite,excitement,infringe,infringement,20
excite,excitement,invest,investment,20
excite,excitement,involve,involvement,20
excite,excitement,manage,management,20
excite,excitement,punish,punishment,20
excite,excitement,redevelop,redevelopment,20
excite,excitement,reimburse,reimbursement,20
excite,excitement,reinforce,reinforcement,20
excite,excitement,replace,replacement,20
excite,excitement,require,requirement,20
excite,excitement,resent,resentment,20
fulfil,fulfilment,fulfill,fulfillment,20
fulfil,fulfilment,harass,harassment,20
fulfil,fulfilment,impair,impairment,20
fulfil,fulfilment,improve,improvement,20
fulfil,fulfilment,infringe,infringement,20
fulfil,fulfilment,invest,investment,20
fulfil,fulfilment,involve,involvement,20
fulfil,fulfilment,manage,management,20
fulfil,fulfilment,punish,punishment,20
fulfil,fulfilment,redevelop,redevelopment,20
fulfil,fulfilment,reimburse,reimbursement,20
fulfil,fulfilment,reinforce,reinforcement,20
fulfil,fulfilment,replace,replacement,20
fulfil,fulfilment,require,requirement,20
fulfil,fulfilment,resent,resentment,20
fulfill,fulfillment,harass,harassment,20
fulfill,fulfillment,impair,impairment,20
fulfill,fulfillment,improve,improvement,20
fulfill,fulfillment,infringe,infringement,20
fulfill,fulfillment,invest,investment,20
fulfill,fulfillment,involve,involvement,20
fulfill,fulfillment,manage,management,20
fulfill,fulfillment,punish,punishment,20
fulfill,fulfillment,redevelop,redevelopment,20
fulfill,fulfillment,reimburse,reimbursement,20
fulfill,fulfillment,reinforce,reinforcement,20
fulfill,fulfillment,replace,replacement,20
fulfill,fulfillment,require,requirement,20
fulfill,fulfillment,resent,resentment,20
harass,harassment,impair,impairment,20
harass,harassment,improve,improvement,20
harass,harassment,infringe,infringement,20
harass,harassment,invest,investment,20
harass,harassment,involve,involvement,20
harass,harassment,manage,management,20
harass,harassment,punish,punishment,20
harass,harassment,redevelop,redevelopment,20
harass,harassment,reimburse,reimbursement,20
harass,harassment,reinforce,reinforcement,20
harass,harassment,replace,replacement,20
harass,harassment,require,requirement,20
harass,harassment,resent,resentment,20
impair,impairment,improve,improvement,20
impair,impairment,infringe,infringement,20
impair,impairment,invest,investment,20
impair,impairment,involve,involvement,20
impair,impairment,manage,management,20
impair,impairment,punish,punishment,20
impair,impairment,redevelop,redevelopment,20
impair,impairment,reimburse,reimbursement,20
impair,impairment,reinforce,reinforcement,20
impair,impairment,replace,replacement,20
impair,impairment,require,requirement,20
impair,impairment,resent,resentment,20
improve,improvement,infringe,infringement,20
improve,improvement,invest,investment,20
improve,improvement,involve,involvement,20
improve,improvement,manage,management,20
improve,improvement,punish,punishment,20
improve,improvement,redevelop,redevelopment,20
improve,improvement,reimburse,reimbursement,20
improve,improvement,reinforce,reinforcement,20
improve,improvement,replace,replacement,20
improve,improvement,require,requirement,20
improve,improvement,resent,resentment,20
infringe,infringement,invest,investment,20
infringe,infringement,involve,involvement,20
infringe,infringement,manage,management,20
infringe,infringement,punish,punishment,20
infringe,infringement,redevelop,redevelopment,20
infringe,infringement,reimburse,reimbursement,20
infringe,infringement,reinforce,reinforcement,20
infringe,infringement,replace,replacement,20
infringe,infringement,require,requirement,20
infringe,infringement,resent,resentment,20
invest,investment,involve,involvement,20
invest,investment,manage,management,20
invest,investment,punish,punishment,20
invest,investment,redevelop,redevelopment,20
invest,investment,reimburse,reimbursement,20
invest,investment,reinforce,reinforcement,20
invest,investment,replace,replacement,20
invest,investment,require,requirement,20
invest,investment,resent,resentment,20
involve,involvement,manage,management,20
involve,involvement,punish,punishment,20
involve,involvement,redevelop,redevelopment,20
involve,involvement,reimburse,reimbursement,20
involve,involvement,reinforce,reinforcement,20
involve,involvement,replace,replacement,20
involve,involvement,require,requirement,20
involve,involvement,resent,resentment,20
manage,management,punish,punishment,20
manage,management,redevelop,redevelopment,20
manage,management,reimburse,reimbursement,20
manage,management,reinforce,reinforcement,20
manage,management,replace,replacement,20
manage,management,require,requirement,20
manage,management,resent,resentment,20
punish,punishment,redevelop,redevelopment,20
punish,punishment,reimburse,reimbursement,20
punish,punishment,reinforce,reinforcement,20
punish,punishment,replace,replacement,20
punish,punishment,require,requirement,20
punish,punishment,resent,resentment,20
redevelop,redevelopment,reimburse,reimbursement,20
redevelop,redevelopment,reinforce,reinforcement,20
redevelop,redevelopment,replace,replacement,20
redevelop,redevelopment,require,requirement,20
redevelop,redevelopment,resent,resentment,20
reimburse,reimbursement,reinforce,reinforcement,20
reimburse,reimbursement,replace,replacement,20
reimburse,reimbursement,require,requirement,20
reimburse,reimbursement,resent,resentment,20
reinforce,reinforcement,replace,replacement,20
reinforce,reinforcement,require,requirement,20
reinforce,reinforcement,resent,resentment,20
replace,replacement,require,requirement,20
replace,replacement,resent,resentment,20
require,requirement,resent,resentment,20
