ant,black,apple,red,29
ant,black,blackboard,black,29
ant,black,blood,red,29
ant,black,blueberry,blue,29
ant,black,broccoli,green,29
ant,black,bruise,blue,29
ant,black,cabbage,green,29
ant,black,carrot,orange,29
ant,black,cauliflower,white,29
ant,black,celery,green,29
ant,black,cherry,red,29
ant,black,chocolate,white,29
ant,black,cloud,white,29
ant,black,coal,black,29
ant,black,coffee,black,29
ant,black,cranberry,red,29
ant,black,cream,white,29
ant,black,crow,black,29
ant,black,cucumber,green,29
ant,black,emerald,green,29
ant,black,fridge,white,29
ant,black,frog,green,29
ant,black,grapes,black,29
ant,black,grass,green,29
ant,black,leaves,green,29
ant,black,milk,white,29
ant,black,paper,white,29
ant,black,parsley,green,29
ant,black,peony,red,29
ant,black,pepper,black,29
ant,black,potato,brown,29
ant,black,radish,red,29
ant,black,raven,black,29
ant,black,rose,red,29
ant,black,ruby,red,29
ant,black,salt,white,29
ant,black,sapphire,blue,29
ant,black,sea,blue,29
ant,black,sky,blue,29
ant,black,snow,white,29
ant,black,soil,black,29
ant,black,spinach,green,29
ant,black,sugar,white,29
ant,black,sun,yellow,29
ant,black,swan,white,29
ant,black,tea,black,29
ant,black,tomato,red,29
ant,black,toothpaste,white,29
ant,black,yoghurt,white,29
apple,red,blackboard,black,29
apple,red,blood,red,29
apple,red,blueberry,blue,29
apple,red,broccoli,green,29
apple,red,bruise,blue,29
apple,red,cabbage,green,29
apple,red,carrot,orange,29
apple,red,cauliflower,white,29
apple,red,celery,green,29
apple,red,cherry,red,29
apple,red,chocolate,white,29
apple,red,cloud,white,29
apple,red,coal,black,29
apple,red,coffee,black,29
apple,red,cranberry,red,29
apple,red,cream,white,29
apple,red,crow,black,29
apple,red,cucumber,green,29
apple,red,emerald,green,29
apple,red,fridge,white,29
apple,red,frog,green,29
apple,red,grapes,black,29
apple,red,grass,green,29
apple,red,leaves,green,29
apple,red,milk,white,29
apple,red,paper,white,29
apple,red,parsley,green,29
apple,red,peony,red,29
apple,red,pepper,black,29
apple,red,potato,brown,29
apple,red,radish,red,29
apple,red,raven,black,29
apple,red,rose,red,29
apple,red,ruby,red,29
apple,red,salt,white,29
apple,red,sapphire,blue,29
apple,red,sea,blue,29
apple,red,sky,blue,29
apple,red,snow,white,29
apple,red,soil,black,29
apple,red,spinach,green,29
apple,red,sugar,white,29
apple,red,sun,yellow,29
apple,red,swan,white,29
apple,red,tea,black,29
apple,red,tomato,red,29
apple,red,toothpaste,white,29
apple,red,yoghurt,white,29
blackboard,black,blood,red,29
blackboard,black,blueberry,blue,29
blackboard,black,broccoli,green,29
blackboard,black,bruise,blue,29
blackboard,black,cabbage,green,29
blackboard,black,carrot,orange,29
blackboard,black,cauliflower,white,29
blackboard,black,celery,green,29
blackboard,black,cherry,red,29
blackboard,black,chocolate,white,29
blackboard,black,cloud,white,29
blackboard,black,coal,black,29
blackboard,black,coffee,black,29
blackboard,black,cranberry,red,29
blackboard,black,cream,white,29
blackboard,black,crow,black,29
blackboard,black,cucumber,green,29
blackboard,black,emerald,green,29
blackboard,black,fridge,white,29
blackboard,black,frog,green,29
blackboard,black,grapes,black,29
blackboard,black,grass,green,29
blackboard,black,leaves,green,29
blackboard,black,milk,white,29
blackboard,black,paper,white,29
blackboard,black,parsley,green,29
blackboard,black,peony,red,29
blackboard,black,pepper,black,29
blackboard,black,potato,brown,29
blackboard,black,radish,red,29
blackboard,black,raven,black,29
blackboard,black,rose,red,29
blackboard,black,ruby,red,29
blackboard,black,salt,white,29
blackboard,black,sapphire,blue,29
blackboard,black,sea,blue,29
blackboard,black,sky,blue,29
blackboard,black,snow,white,29
blackboard,black,soil,black,29
blackboard,black,spinach,green,29
blackboard,black,sugar,white,29
blackboard,black,sun,yellow,29
blackboard,black,swan,white,29
blackboard,black,tea,black,29
blackboard,black,tomato,red,29
blackboard,black,toothpaste,white,29
blackboard,black,yoghurt,white,29
blood,red,blueberry,blue,29
blood,red,broccoli,green,29
blood,red,bruise,blue,29
blood,red,cabbage,green,29
blood,red,carrot,orange,29
blood,red,cauliflower,white,29
blood,red,celery,green,29
blood,red,cherry,red,29
blood,red,chocolate,white,29
blood,red,cloud,white,29
blood,red,coal,black,29
blood,red,coffee,black,29
blood,red,cranberry,red,29
blood,red,cream,white,29
blood,red,crow,black,29
blood,red,cucumber,green,29
blood,red,emerald,green,29
blood,red,fridge,white,29
blood,red,frog,green,29
blood,red,grapes,black,29
blood,red,grass,green,29
blood,red,leaves,green,29
blood,red,milk,white,29
blood,red,paper,white,29
blood,red,parsley,green,29
blood,red,peony,red,29
blood,red,pepper,black,29
blood,red,potato,brown,29
blood,red,radish,red,29
blood,red,raven,black,29
blood,red,rose,red,29
blood,red,ruby,red,29
blood,red,salt,white,29
blood,red,sapphire,blue,29
blood,red,sea,blue,29
blood,red,sky,blue,29
blood,red,snow,white,29
blood,red,soil,black,29
blood,red,spinach,green,29
blood,red,sugar,white,29
blood,red,sun,yellow,29
blood,red,swan,white,29
blood,red,tea,black,29
blood,red,tomato,red,29
blood,red,toothpaste,white,29
blood,red,yoghurt,white,29
blueberry,blue,broccoli,green,29
blueberry,blue,bruise,blue,29
blueberry,blue,cabbage,green,29
blueberry,blue,carrot,orange,29
blueberry,blue,cauliflower,white,29
blueberry,blue,celery,green,29
blueberry,blue,cherry,red,29
blueberry,blue,chocolate,white,29
blueberry,blue,cloud,white,29
blueberry,blue,coal,black,29
blueberry,blue,coffee,black,29
blueberry,blue,cranberry,red,29
blueberry,blue,cream,white,29
blueberry,blue,crow,black,29
blueberry,blue,cucumber,green,29
blueberry,blue,emerald,green,29
blueberry,blue,fridge,white,29
blueberry,blue,frog,green,29
blueberry,blue,grapes,black,29
blueberry,blue,grass,green,29
blueberry,blue,leaves,green,29
blueberry,blue,milk,white,29
blueberry,blue,paper,white,29
blueberry,blue,parsley,green,29
blueberry,blue,peony,red,29
blueberry,blue,pepper,black,29
blueberry,blue,potato,brown,29
blueberry,blue,radish,red,29
blueberry,blue,raven,black,29
blueberry,blue,rose,red,29
blueberry,blue,ruby,red,29
blueberry,blue,salt,white,29
blueberry,blue,sapphire,blue,29
blueberry,blue,sea,blue,29
blueberry,blue,sky,blue,29
blueberry,blue,snow,white,29
blueberry,blue,soil,black,29
blueberry,blue,spinach,green,29
blueberry,blue,sugar,white,29
blueberry,blue,sun,yellow,29
blueberry,blue,swan,white,29
blueberry,blue,tea,black,29
blueberry,blue,tomato,red,29
blueberry,blue,toothpaste,white,29
blueberry,blue,yoghurt,white,29
broccoli,green,bruise,blue,29
broccoli,green,cabbage,green,29
broccoli,green,carrot,orange,29
broccoli,green,cauliflower,white,29
broccoli,green,celery,green,29
broccoli,green,cherry,red,29
broccoli,green,chocolate,white,29
broccoli,green,cloud,white,29
broccoli,green,coal,black,29
broccoli,green,coffee,black,29
broccoli,green,cranberry,red,29
broccoli,green,cream,white,29
broccoli,green,crow,black,29
broccoli,green,cucumber,green,29
broccoli,green,emerald,green,29
broccoli,green,fridge,white,29
broccoli,green,frog,green,29
broccoli,green,grapes,black,29
broccoli,green,grass,green,29
broccoli,green,leaves,green,29
broccoli,green,milk,white,29
broccoli,green,paper,white,29
broccoli,green,parsley,green,29
broccoli,green,peony,red,29
broccoli,green,pepper,black,29
broccoli,green,potato,brown,29
broccoli,green,radish,red,29
broccoli,green,raven,black,29
broccoli,green,rose,red,29
broccoli,green,ruby,red,29
broccoli,green,salt,white,29
broccoli,green,sapphire,blue,29
broccoli,green,sea,blue,29
broccoli,green,sky,blue,29
broccoli,green,snow,white,29
broccoli,green,soil,black,29
broccoli,green,spinach,green,29
broccoli,green,sugar,white,29
broccoli,green,sun,yellow,29
broccoli,green,swan,white,29
broccoli,green,tea,black,29
broccoli,green,tomato,red,29
broccoli,green,toothpaste,white,29
broccoli,green,yoghurt,white,29
bruise,blue,cabbage,green,29
bruise,blue,carrot,orange,29
bruise,blue,cauliflower,white,29
bruise,blue,celery,green,29
bruise,blue,cherry,red,29
bruise,blue,chocolate,white,29
bruise,blue,cloud,white,29
bruise,blue,coal,black,29
bruise,blue,coffee,black,29
bruise,blue,cranberry,red,29
bruise,blue,cream,white,29
bruise,blue,crow,black,29
bruise,blue,cucumber,green,29
bruise,blue,emerald,green,29
bruise,blue,fridge,white,29
bruise,blue,frog,green,29
bruise,blue,grapes,black,29
bruise,blue,grass,green,29
bruise,blue,leaves,green,29
bruise,blue,milk,white,29
bruise,blue,paper,white,29
bruise,blue,parsley,green,29
bruise,blue,peony,red,29
bruise,blue,pepper,black,29
bruise,blue,potato,brown,29
bruise,blue,radish,red,29
bruise,blue,raven,black,29
bruise,blue,rose,red,29
bruise,blue,ruby,red,29
bruise,blue,salt,white,29
bruise,blue,sapphire,blue,29
bruise,blue,sea,blue,29
bruise,blue,sky,blue,29
bruise,blue,snow,white,29
bruise,blue,soil,black,29
bruise,blue,spinach,green,29
bruise,blue,sugar,white,29
bruise,blue,sun,yellow,29
bruise,blue,swan,white,29
bruise,blue,tea,black,29
bruise,blue,tomato,red,29
bruise,blue,toothpaste,white,29
bruise,blue,yoghurt,white,29
cabbage,green,carrot,orange,29
cabbage,green,cauliflower,white,29
cabbage,green,celery,green,29
cabbage,green,cherry,red,29
cabbage,green,chocolate,white,29
cabbage,green,cloud,white,29
cabbage,green,coal,black,29
cabbage,green,coffee,black,29
cabbage,green,cranberry,red,29
cabbage,green,cream,white,29
cabbage,green,crow,black,29
cabbage,green,cucumber,green,29
cabbage,green,emerald,green,29
cabbage,green,fridge,white,29
cabbage,green,frog,green,29
cabbage,green,grapes,black,29
cabbage,green,grass,green,29
cabbage,green,leaves,green,29
cabbage,green,milk,white,29
cabbage,green,paper,white,29
cabbage,green,parsley,green,29
cabbage,green,peony,red,29
cabbage,green,pepper,black,29
cabbage,green,potato,brown,29
cabbage,green,radish,red,29
cabbage,green,raven,black,29
cabbage,green,rose,red,29
cabbage,green,ruby,red,29
cabbage,green,salt,white,29
cabbage,green,sapphire,blue,29
cabbage,green,sea,blue,29
cabbage,green,sky,blue,29
cabbage,green,snow,white,29
cabbage,green,soil,black,29
cabbage,green,spinach,green,29
cabbage,green,sugar,white,29
cabbage,green,sun,yellow,29
cabbage,green,swan,white,29
cabbage,green,tea,black,29
cabbage,green,tomato,red,29
cabbage,green,toothpaste,white,29
cabbage,green,yoghurt,white,29
carrot,orange,cauliflower,white,29
carrot,orange,celery,green,29
carrot,orange,cherry,red,29
carrot,orange,chocolate,white,29
carrot,orange,cloud,white,29
carrot,orange,coal,black,29
carrot,orange,coffee,black,29
carrot,orange,cranberry,red,29
carrot,orange,cream,white,29
carrot,orange,crow,black,29
carrot,orange,cucumber,green,29
carrot,orange,emerald,green,29
carrot,orange,fridge,white,29
carrot,orange,frog,green,29
carrot,orange,grapes,black,29
carrot,orange,grass,green,29
carrot,orange,leaves,green,29
carrot,orange,milk,white,29
carrot,orange,paper,white,29
carrot,orange,parsley,green,29
carrot,orange,peony,red,29
carrot,orange,pepper,black,29
carrot,orange,potato,brown,29
carrot,orange,radish,red,29
carrot,orange,raven,black,29
carrot,orange,rose,red,29
carrot,orange,ruby,red,29
carrot,orange,salt,white,29
carrot,orange,sapphire,blue,29
carrot,orange,sea,blue,29
carrot,orange,sky,blue,29
carrot,orange,snow,white,29
carrot,orange,soil,black,29
carrot,orange,spinach,green,29
carrot,orange,sugar,white,29
carrot,orange,sun,yellow,29
carrot,orange,swan,white,29
carrot,orange,tea,black,29
carrot,orange,tomato,red,29
carrot,orange,toothpaste,white,29
carrot,orange,yoghurt,white,29
cauliflower,white,celery,green,29
cauliflower,white,cherry,red,29
cauliflower,white,chocolate,white,29
cauliflower,white,cloud,white,29
cauliflower,white,coal,black,29
cauliflower,white,coffee,black,29
cauliflower,white,cranberry,red,29
cauliflower,white,cream,white,29
cauliflower,white,crow,black,29
cauliflower,white,cucumber,green,29
cauliflower,white,emerald,green,29
cauliflower,white,fridge,white,29
cauliflower,white,frog,green,29
cauliflower,white,grapes,black,29
cauliflower,white,grass,green,29
cauliflower,white,leaves,green,29
cauliflower,white,milk,white,29
cauliflower,white,paper,white,29
cauliflower,white,parsley,green,29
cauliflower,white,peony,red,29
cauliflower,white,pepper,black,29
cauliflower,white,potato,brown,29
cauliflower,white,radish,red,29
cauliflower,white,raven,black,29
cauliflower,white,rose,red,29
cauliflower,white,ruby,red,29
cauliflower,white,salt,white,29
cauliflower,white,sapphire,blue,29
cauliflower,white,sea,blue,29
cauliflower,white,sky,blue,29
cauliflower,white,snow,white,29
cauliflower,white,soil,black,29
cauliflower,white,spinach,green,29
cauliflower,white,sugar,white,29
cauliflower,white,sun,yellow,29
cauliflower,white,swan,white,29
cauliflower,white,tea,black,29
cauliflower,white,tomato,red,29
cauliflower,white,toothpaste,white,29
cauliflower,white,yoghurt,white,29
celery,green,cherry,red,29
celery,green,chocolate,white,29
celery,green,cloud,white,29
celery,green,coal,black,29
celery,green,coffee,black,29
celery,green,cranberry,red,29
celery,green,cream,white,29
celery,green,crow,black,29
celery,green,cucumber,green,29
celery,green,emerald,green,29
celery,green,fridge,white,29
celery,green,frog,green,29
celery,green,grapes,black,29
celery,green,grass,green,29
celery,green,leaves,green,29
celery,green,milk,white,29
celery,green,paper,white,29
celery,green,parsley,green,29
celery,green,peony,red,29
celery,green,pepper,black,29
celery,green,potato,brown,29
celery,green,radish,red,29
celery,green,raven,black,29
celery,green,rose,red,29
celery,green,ruby,red,29
celery,green,salt,white,29
celery,green,sapphire,blue,29
celery,green,sea,blue,29
celery,green,sky,blue,29
celery,green,snow,white,29
celery,green,soil,black,29
celery,green,spinach,green,29
celery,green,sugar,white,29
celery,green,sun,yellow,29
celery,green,swan,white,29
celery,green,tea,black,29
celery,green,tomato,red,29
celery,green,toothpaste,white,29
celery,green,yoghurt,white,29
cherry,red,chocolate,white,29
cherry,red,cloud,white,29
cherry,red,coal,black,29
cherry,red,coffee,black,29
cherry,red,cranberry,red,29
cherry,red,cream,white,29
cherry,red,crow,black,29
cherry,red,cucumber,green,29
cherry,red,emerald,green,29
cherry,red,fridge,white,29
cherry,red,frog,green,29
cherry,red,grapes,black,29
cherry,red,grass,green,29
cherry,red,leaves,green,29
cherry,red,milk,white,29
cherry,red,paper,white,29
cherry,red,parsley,green,29
cherry,red,peony,red,29
cherry,red,pepper,black,29
cherry,red,potato,brown,29
cherry,red,radish,red,29
cherry,red,raven,black,29
cherry,red,rose,red,29
cherry,red,ruby,red,29
cherry,red,salt,white,29
cherry,red,sapphire,blue,29
cherry,red,sea,blue,29
cherry,red,sky,blue,29
cherry,red,snow,white,29
cherry,red,soil,black,29
cherry,red,spinach,green,29
cherry,red,sugar,white,29
cherry,red,sun,yellow,29
cherry,red,swan,white,29
cherry,red,tea,black,29
cherry,red,tomato,red,29
cherry,red,toothpaste,white,29
cherry,red,yoghurt,white,29
chocolate,white,cloud,white,29
chocolate,white,coal,black,29
chocolate,white,coffee,black,29
chocolate,white,cranberry,red,29
chocolate,white,cream,white,29
chocolate,white,crow,black,29
chocolate,white,cucumber,green,29
chocolate,white,emerald,green,29
chocolate,white,fridge,white,29
chocolate,white,frog,green,29
chocolate,white,grapes,black,29
chocolate,white,grass,green,29
chocolate,white,leaves,green,29
chocolate,white,milk,white,29
chocolate,white,paper,white,29
chocolate,white,parsley,green,29
chocolate,white,peony,red,29
chocolate,white,pepper,black,29
chocolate,white,potato,brown,29
chocolate,white,radish,red,29
chocolate,white,raven,black,29
chocolate,white,rose,red,29
chocolate,white,ruby,red,29
chocolate,white,salt,white,29
chocolate,white,sapphire,blue,29
chocolate,white,sea,blue,29
chocolate,white,sky,blue,29
chocolate,white,snow,white,29
chocolate,white,soil,black,29
chocolate,white,spinach,green,29
chocolate,white,sugar,white,29
chocolate,white,sun,yellow,29
chocolate,white,swan,white,29
chocolate,white,tea,black,29
chocolate,white,tomato,red,29
chocolate,white,toothpaste,white,29
chocolate,white,yoghurt,white,29
cloud,white,coal,black,29
cloud,white,coffee,black,29
cloud,white,cranberry,red,29
cloud,white,cream,white,29
cloud,white,crow,black,29
cloud,white,cucumber,green,29
cloud,white,emerald,green,29
cloud,white,fridge,white,29
cloud,white,frog,green,29
cloud,white,grapes,black,29
cloud,white,grass,green,29
cloud,white,leaves,green,29
cloud,white,milk,white,29
cloud,white,paper,white,29
cloud,white,parsley,green,29
cloud,white,peony,red,29
cloud,white,pepper,black,29
cloud,white,potato,brown,29
cloud,white,radish,red,29
cloud,white,raven,black,29
cloud,white,rose,red,29
cloud,white,ruby,red,29
cloud,white,salt,white,29
cloud,white,sapphire,blue,29
cloud,white,sea,blue,29
cloud,white,sky,blue,29
cloud,white,snow,white,29
cloud,white,soil,black,29
cloud,white,spinach,green,29
cloud,white,sugar,white,29
cloud,white,sun,yellow,29
cloud,white,swan,white,29
cloud,white,tea,black,29
cloud,white,tomato,red,29
cloud,white,toothpaste,white,29
cloud,white,yoghurt,white,29
coal,black,coffee,black,29
coal,black,cranberry,red,29
coal,black,cream,white,29
coal,black,crow,black,29
coal,black,cucumber,green,29
coal,black,emerald,green,29
coal,black,fridge,white,29
coal,black,frog,green,29
coal,black,grapes,black,29
coal,black,grass,green,29
coal,black,leaves,green,29
coal,black,milk,white,29
coal,black,paper,white,29
coal,black,parsley,green,29
coal,black,peony,red,29
coal,black,pepper,black,29
coal,black,potato,brown,29
coal,black,radish,red,29
coal,black,raven,black,29
coal,black,rose,red,29
coal,black,ruby,red,29
coal,black,salt,white,29
coal,black,sapphire,blue,29
coal,black,sea,blue,29
coal,black,sky,blue,29
coal,black,snow,white,29
coal,black,soil,black,29
coal,black,spinach,green,29
coal,black,sugar,white,29
coal,black,sun,yellow,29
coal,black,swan,white,29
coal,black,tea,black,29
coal,black,tomato,red,29
coal,black,toothpaste,white,29
coal,black,yoghurt,white,29
coffee,black,cranberry,red,29
coffee,black,cream,white,29
coffee,black,crow,black,29
coffee,black,cucumber,green,29
coffee,black,emerald,green,29
coffee,black,fridge,white,29
coffee,black,frog,green,29
coffee,black,grapes,black,29
coffee,black,grass,green,29
coffee,black,leaves,green,29
coffee,black,milk,white,29
coffee,black,paper,white,29
coffee,black,parsley,green,29
coffee,black,peony,red,29
coffee,black,pepper,black,29
coffee,black,potato,brown,29
coffee,black,radish,red,29
coffee,black,raven,black,29
coffee,black,rose,red,29
coffee,black,ruby,red,29
coffee,black,salt,white,29
coffee,black,sapphire,blue,29
coffee,black,sea,blue,29
coffee,black,sky,blue,29
coffee,black,snow,white,29
coffee,black,soil,black,29
coffee,black,spinach,green,29
coffee,black,sugar,white,29
coffee,black,sun,yellow,29
coffee,black,swan,white,29
coffee,black,tea,black,29
coffee,black,tomato,red,29
coffee,black,toothpaste,white,29
coffee,black,yoghurt,white,29
cranberry,red,cream,white,29
cranberry,red,crow,black,29
cranberry,red,cucumber,green,29
cranberry,red,emerald,green,29
cranberry,red,fridge,white,29
cranberry,red,frog,green,29
cranberry,red,grapes,black,29
cranberry,red,grass,green,29
cranberry,red,leaves,green,29
cranberry,red,milk,white,29
cranberry,red,paper,white,29
cranberry,red,parsley,green,29
cranberry,red,peony,red,29
cranberry,red,pepper,black,29
cranberry,red,potato,brown,29
cranberry,red,radish,red,29
cranberry,red,raven,black,29
cranberry,red,rose,red,29
cranberry,red,ruby,red,29
cranberry,red,salt,white,29
cranberry,red,sapphire,blue,29
cranberry,red,sea,blue,29
cranberry,red,sky,blue,29
cranberry,red,snow,white,29
cranberry,red,soil,black,29
cranberry,red,spinach,green,29
cranberry,red,sugar,white,29
cranberry,red,sun,yellow,29
cranberry,red,swan,white,29
cranberry,red,tea,black,29
cranberry,red,tomato,red,29
cranberry,red,toothpaste,white,29
cranberry,red,yoghurt,white,29
cream,white,crow,black,29
cream,white,cucumber,green,29
cream,white,emerald,green,29
cream,white,fridge,white,29
cream,white,frog,green,29
cream,white,grapes,black,29
cream,white,grass,green,29
cream,white,leaves,green,29
cream,white,milk,white,29
cream,white,paper,white,29
cream,white,parsley,green,29
cream,white,peony,red,29
cream,white,pepper,black,29
cream,white,potato,brown,29
cream,white,radish,red,29
cream,white,raven,black,29
cream,white,rose,red,29
cream,white,ruby,red,29
cream,white,salt,white,29
cream,white,sapphire,blue,29
cream,white,sea,blue,29
cream,white,sky,blue,29
cream,white,snow,white,29
cream,white,soil,black,29
cream,white,spinach,green,29
cream,white,sugar,white,29
cream,white,sun,yellow,29
cream,white,swan,white,29
cream,white,tea,black,29
cream,white,tomato,red,29
cream,white,toothpaste,white,29
cream,white,yoghurt,white,29
crow,black,cucumber,green,29
crow,black,emerald,green,29
crow,black,fridge,white,29
crow,black,frog,green,29
crow,black,grapes,black,29
crow,black,grass,green,29
crow,black,leaves,green,29
crow,black,milk,white,29
crow,black,paper,white,29
crow,black,parsley,green,29
crow,black,peony,red,29
crow,black,pepper,black,29
crow,black,potato,brown,29
crow,black,radish,red,29
crow,black,raven,black,29
crow,black,rose,red,29
crow,black,ruby,red,29
crow,black,salt,white,29
crow,black,sapphire,blue,29
crow,black,sea,blue,29
crow,black,sky,blue,29
crow,black,snow,white,29
crow,black,soil,black,29
crow,black,spinach,green,29
crow,black,sugar,white,29
crow,black,sun,yellow,29
crow,black,swan,white,29
crow,black,tea,black,29
crow,black,tomato,red,29
crow,black,toothpaste,white,29
crow,black,yoghurt,white,29
cucumber,green,emerald,green,29
cucumber,green,fridge,white,29
cucumber,green,frog,green,29
cucumber,green,grapes,black,29
cucumber,green,grass,green,29
cucumber,green,leaves,green,29
cucumber,green,milk,white,29
cucumber,green,paper,white,29
cucumber,green,parsley,green,29
cucumber,green,peony,red,29
cucumber,green,pepper,black,29
cucumber,green,potato,brown,29
cucumber,green,radish,red,29
cucumber,green,raven,black,29
cucumber,green,rose,red,29
cucumber,green,ruby,red,29
cucumber,green,salt,white,29
cucumber,green,sapphire,blue,29
cucumber,green,sea,blue,29
cucumber,green,sky,blue,29
cucumber,green,snow,white,29
cucumber,green,soil,black,29
cucumber,green,spinach,green,29
cucumber,green,sugar,white,29
cucumber,green,sun,yellow,29
cucumber,green,swan,white,29
cucumber,green,tea,black,29
cucumber,green,tomato,red,29
cucumber,green,toothpaste,white,29
cucumber,green,yoghurt,white,29
emerald,green,fridge,white,29
emerald,green,frog,green,29
emerald,green,grapes,black,29
emerald,green,grass,green,29
emerald,green,leaves,green,29
emerald,green,milk,white,29
emerald,green,paper,white,29
emerald,green,parsley,green,29
emerald,green,peony,red,29
emerald,green,pepper,black,29
emerald,green,potato,brown,29
emerald,green,radish,red,29
emerald,green,raven,black,29
emerald,green,rose,red,29
emerald,green,ruby,red,29
emerald,green,salt,white,29
emerald,green,sapphire,blue,29
emerald,green,sea,blue,29
emerald,green,sky,blue,29
emerald,green,snow,white,29
emerald,green,soil,black,29
emerald,green,spinach,green,29
emerald,green,sugar,white,29
emerald,green,sun,yellow,29
emerald,green,swan,white,29
emerald,green,tea,black,29
emerald,green,tomato,red,29
emerald,green,toothpaste,white,29
emerald,green,yoghurt,white,29
fridge,white,frog,green,29
fridge,white,grapes,black,29
fridge,white,grass,green,29
fridge,white,leaves,green,29
fridge,white,milk,white,29
fridge,white,paper,white,29
fridge,white,parsley,green,29
fridge,white,peony,red,29
fridge,white,pepper,black,29
fridge,white,potato,brown,29
fridge,white,radish,red,29
fridge,white,raven,black,29
fridge,white,rose,red,29
fridge,white,ruby,red,29
fridge,white,salt,white,29
fridge,white,sapphire,blue,29
fridge,white,sea,blue,29
fridge,white,sky,blue,29
fridge,white,snow,white,29
fridge,white,soil,black,29
fridge,white,spinach,green,29
fridge,white,sugar,white,29
fridge,white,sun,yellow,29
fridge,white,swan,white,29
fridge,white,tea,black,29
fridge,white,tomato,red,29
fridge,white,toothpaste,white,29
fridge,white,yoghurt,white,29
frog,green,grapes,black,29
frog,green,grass,green,29
frog,green,leaves,green,29
frog,green,milk,white,29
frog,green,paper,white,29
frog,green,parsley,green,29
frog,green,peony,red,29
frog,green,pepper,black,29
frog,green,potato,brown,29
frog,green,radish,red,29
frog,green,raven,black,29
frog,green,rose,red,29
frog,green,ruby,red,29
frog,green,salt,white,29
frog,green,sapphire,blue,29
frog,green,sea,blue,29
frog,green,sky,blue,29
frog,green,snow,white,29
frog,green,soil,black,29
frog,green,spinach,green,29
frog,green,sugar,white,29
frog,green,sun,yellow,29
frog,green,swan,white,29
frog,green,tea,black,29
frog,green,tomato,red,29
frog,green,toothpaste,white,29
frog,green,yoghurt,white,29
grapes,black,grass,green,29
grapes,black,leaves,green,29
grapes,black,milk,white,29
grapes,black,paper,white,29
grapes,black,parsley,green,29
grapes,black,peony,red,29
grapes,black,pepper,black,29
grapes,black,potato,brown,29
grapes,black,radish,red,29
grapes,black,raven,black,29
grapes,black,rose,red,29
grapes,black,ruby,red,29
grapes,black,salt,white,29
grapes,black,sapphire,blue,29
grapes,black,sea,blue,29
grapes,black,sky,blue,29
grapes,black,snow,white,29
grapes,black,soil,black,29
grapes,black,spinach,green,29
grapes,black,sugar,white,29
grapes,black,sun,yellow,29
grapes,black,swan,white,29
grapes,black,tea,black,29
grapes,black,tomato,red,29
grapes,black,toothpaste,white,29
grapes,black,yoghurt,white,29
grass,green,leaves,green,29
grass,green,milk,white,29
grass,green,paper,white,29
grass,green,parsley,green,29
grass,green,peony,red,29
grass,green,pepper,black,29
grass,green,potato,brown,29
grass,green,radish,red,29
grass,green,raven,black,29
grass,green,rose,red,29
grass,green,ruby,red,29
grass,green,salt,white,29
grass,green,sapphire,blue,29
grass,green,sea,blue,29
grass,green,sky,blue,29
grass,green,snow,white,29
grass,green,soil,black,29
grass,green,spinach,green,29
grass,green,sugar,white,29
grass,green,sun,yellow,29
grass,green,swan,white,29
grass,green,tea,black,29
grass,green,tomato,red,29
grass,green,toothpaste,white,29
grass,green,yoghurt,white,29
leaves,green,milk,white,29
leaves,green,paper,white,29
leaves,green,parsley,green,29
leaves,green,peony,red,29
leaves,green,pepper,black,29
leaves,green,potato,brown,29
leaves,green,radish,red,29
leaves,green,raven,black,29
leaves,green,rose,red,29
leaves,green,ruby,red,29
leaves,green,salt,white,29
leaves,green,sapphire,blue,29
leaves,green,sea,blue,29
leaves,green,sky,blue,29
leaves,green,snow,white,29
leaves,green,soil,black,29
leaves,green,spinach,green,29
leaves,green,sugar,white,29
leaves,green,sun,yellow,29
leaves,green,swan,white,29
leaves,green,tea,black,29
leaves,green,tomato,red,29
leaves,green,toothpaste,white,29
leaves,green,yoghurt,white,29
milk,white,paper,white,29
milk,white,parsley,green,29
milk,white,peony,red,29
milk,white,pepper,black,29
milk,white,potato,brown,29
milk,white,radish,red,29
milk,white,raven,black,29
milk,white,rose,red,29
milk,white,ruby,red,29
milk,white,salt,white,29
milk,white,sapphire,blue,29
milk,white,sea,blue,29
milk,white,sky,blue,29
milk,white,snow,white,29
milk,white,soil,black,29
milk,white,spinach,green,29
milk,white,sugar,white,29
milk,white,sun,yellow,29
milk,white,swan,white,29
milk,white,tea,black,29
milk,white,tomato,red,29
milk,white,toothpaste,white,29
milk,white,yoghurt,white,29
paper,white,parsley,green,29
paper,white,peony,red,29
paper,white,pepper,black,29
paper,white,potato,brown,29
paper,white,radish,red,29
paper,white,raven,black,29
paper,white,rose,red,29
paper,white,ruby,red,29
paper,white,salt,white,29
paper,white,sapphire,blue,29
paper,white,sea,blue,29
paper,white,sky,blue,29
paper,white,snow,white,29
paper,white,soil,black,29
paper,white,spinach,green,29
paper,white,sugar,white,29
paper,white,sun,yellow,29
paper,white,swan,white,29
paper,white,tea,black,29
paper,white,tomato,red,29
paper,white,toothpaste,white,29
paper,white,yoghurt,white,29
parsley,green,peony,red,29
parsley,green,pepper,black,29
parsley,green,potato,brown,29
parsley,green,radish,red,29
parsley,green,raven,black,29
parsley,green,rose,red,29
parsley,green,ruby,red,29
parsley,green,salt,white,29
parsley,green,sapphire,blue,29
parsley,green,sea,blue,29
parsley,green,sky,blue,29
parsley,green,snow,white,29
parsley,green,soil,black,29
parsley,green,spinach,green,29
parsley,green,sugar,white,29
parsley,green,sun,yellow,29
parsley,green,swan,white,29
parsley,green,tea,black,29
parsley,green,tomato,red,29
parsley,green,toothpaste,white,29
parsley,green,yoghurt,white,29
peony,red,pepper,black,29
peony,red,potato,brown,29
peony,red,radish,red,29
peony,red,raven,black,29
peony,red,rose,red,29
peony,red,ruby,red,29
peony,red,salt,white,29
peony,red,sapphire,blue,29
peony,red,sea,blue,29
peony,red,sky,blue,29
peony,red,snow,white,29
peony,red,soil,black,29
peony,red,spinach,green,29
peony,red,sugar,white,29
peony,red,sun,yellow,29
peony,red,swan,white,29
peony,red,tea,black,29
peony,red,tomato,red,29
peony,red,toothpaste,white,29
peony,red,yoghurt,white,29
pepper,black,potato,brown,29
pepper,black,radish,red,29
pepper,black,raven,black,29
pepper,black,rose,red,29
pepper,black,ruby,red,29
pepper,black,salt,white,29
pepper,black,sapphire,blue,29
pepper,black,sea,blue,29
pepper,black,sky,blue,29
pepper,black,snow,white,29
pepper,black,soil,black,29
pepper,black,spinach,green,29
pepper,black,sugar,white,29
pepper,black,sun,yellow,29
pepper,black,swan,white,29
pepper,black,tea,black,29
pepper,black,tomato,red,29
pepper,black,toothpaste,white,29
pepper,black,yoghurt,white,29
potato,brown,radish,red,29
potato,brown,raven,black,29
potato,brown,rose,red,29
potato,brown,ruby,red,29
potato,brown,salt,white,29
potato,brown,sapphire,blue,29
potato,brown,sea,blue,29
potato,brown,sky,blue,29
potato,brown,snow,white,29
potato,brown,soil,black,29
potato,brown,spinach,green,29
potato,brown,sugar,white,29
potato,brown,sun,yellow,29
potato,brown,swan,white,29
potato,brown,tea,black,29
potato,brown,tomato,red,29
potato,brown,toothpaste,white,29
potato,brown,yoghurt,white,29
radish,red,raven,black,29
radish,red,rose,red,29
radish,red,ruby,red,29
radish,red,salt,white,29
radish,red,sapphire,blue,29
radish,red,sea,blue,29
radish,red,sky,blue,29
radish,red,snow,white,29
radish,red,soil,black,29
radish,red,spinach,green,29
radish,red,sugar,white,29
radish,red,sun,yellow,29
radish,red,swan,white,29
radish,red,tea,black,29
radish,red,tomato,red,29
radish,red,toothpaste,white,29
radish,red,yoghurt,white,29
raven,black,rose,red,29
raven,black,ruby,red,29
raven,black,salt,white,29
raven,black,sapphire,blue,29
raven,black,sea,blue,29
raven,black,sky,blue,29
raven,black,snow,white,29
raven,black,soil,black,29
raven,black,spinach,green,29
raven,black,sugar,white,29
raven,black,sun,yellow,29
raven,black,swan,white,29
raven,black,tea,black,29
raven,black,tomato,red,29
raven,black,toothpaste,white,29
raven,black,yoghurt,white,29
rose,red,ruby,red,29
rose,red,salt,white,29
rose,red,sapphire,blue,29
rose,red,sea,blue,29
rose,red,sky,blue,29
rose,red,snow,white,29
rose,red,soil,black,29
rose,red,spinach,green,29
rose,red,sugar,white,29
rose,red,sun,yellow,29
rose,red,swan,white,29
rose,red,tea,black,29
rose,red,tomato,red,29
rose,red,toothpaste,white,29
rose,red,yoghurt,white,29
ruby,red,salt,white,29
ruby,red,sapphire,blue,29
ruby,red,sea,blue,29
ruby,red,sky,blue,29
ruby,red,snow,white,29
ruby,red,soil,black,29
ruby,red,spinach,green,29
ruby,red,sugar,white,29
ruby,red,sun,yellow,29
ruby,red,swan,white,29
ruby,red,tea,black,29
ruby,red,tomato,red,29
ruby,red,toothpaste,white,29
ruby,red,yoghurt,white,29
salt,white,sapphire,blue,29
salt,white,sea,blue,29
salt,white,sky,blue,29
salt,white,snow,white,29
salt,white,soil,black,29
salt,white,spinach,green,29
salt,white,sugar,white,29
salt,white,sun,yellow,29
salt,white,swan,white,29
salt,white,tea,black,29
salt,white,tomato,red,29
salt,white,toothpaste,white,29
salt,white,yoghurt,white,29
sapphire,blue,sea,blue,29
sapphire,blue,sky,blue,29
sapphire,blue,snow,white,29
sapphire,blue,soil,black,29
sapphire,blue,spinach,green,29
sapphire,blue,sugar,white,29
sapphire,blue,sun,yellow,29
sapphire,blue,swan,white,29
sapphire,blue,tea,black,29
sapphire,blue,tomato,red,29
sapphire,blue,toothpaste,white,29
sapphire,blue,yoghurt,white,29
sea,blue,sky,blue,29
sea,blue,snow,white,29
sea,blue,soil,black,29
sea,blue,spinach,green,29
sea,blue,sugar,white,29
sea,blue,sun,yellow,29
sea,blue,swan,white,29
sea,blue,tea,black,29
sea,blue,tomato,red,29
sea,blue,toothpaste,white,29
sea,blue,yoghurt,white,29
sky,blue,snow,white,29
sky,blue,soil,black,29
sky,blue,spinach,green,29
sky,blue,sugar,white,29
sky,blue,sun,yellow,29
sky,blue,swan,white,29
sky,blue,tea,black,29
sky,blue,tomato,red,29
sky,blue,toothpaste,white,29
sky,blue,yoghurt,white,29
snow,white,soil,black,29
snow,white,spinach,green,29
snow,white,sugar,white,29
snow,white,sun,yellow,29
snow,white,swan,white,29
snow,white,tea,black,29
snow,white,tomato,red,29
snow,white,toothpaste,white,29
snow,white,yoghurt,white,29
soil,black,spinach,green,29
soil,black,sugar,white,29
soil,black,sun,yellow,29
soil,black,swan,white,29
soil,black,tea,black,29
soil,black,tomato,red,29
soil,black,toothpaste,white,29
soil,black,yoghurt,white,29
spinach,green,sugar,white,29
spinach,green,sun,yellow,29
spinach,green,swan,white,29
spinach,green,tea,black,29
spinach,green,tomato,red,29
spinach,green,toothpaste,white,29
spinach,green,yoghurt,white,29
sugar,white,sun,yellow,29
sugar,white,swan,white,29
sugar,white,tea,black,29
sugar,white,tomato,red,29
sugar,white,toothpaste,white,29
sugar,white,yoghurt,white,29
sun,yellow,swan,white,29
sun,yellow,tea,black,29
sun,yellow,tomato,red,29
sun,yellow,toothpaste,white,29
sun,yellow,yoghurt,white,29
swan,white,tea,black,29
swan,white,tomato,red,29
swan,white,toothpaste,white,29
swan,white,yoghurt,white,29
tea,black,tomato,red,29
tea,black,toothpaste,white,29
tea,black,yoghurt,white,29
tomato,red,toothpaste,white,29
tomato,red,yoghurt,white,29
toothpaste,white,yoghurt,white,29
