accept,accepted,achieve,achieved,7
accept,accepted,add,added,7
accept,accepted,agree,agreed,7
accept,accepted,allow,allowed,7
accept,accepted,announce,announced,7
accept,accepted,appear,appeared,7
accept,accepted,apply,applied,7
accept,accepted,ask,asked,7
accept,accepted,attend,attended,7
accept,accepted,become,became,7
accept,accepted,believe,believed,7
accept,accepted,consider,considered,7
accept,accepted,continue,continued,7
accept,accepted,create,created,7
accept,accepted,decide,decided,7
accept,accepted,describe,described,7
accept,accepted,develop,developed,7
accept,accepted,discover,discovered,7
accept,accepted,enjoy,enjoyed,7
accept,accepted,ensure,ensured,7
accept,accepted,establish,established,7
accept,accepted,expect,expected,7
accept,accepted,follow,followed,7
accept,accepted,hear,heard,7
accept,accepted,identify,identified,7
accept,accepted,improve,improved,7
accept,accepted,include,included,7
accept,accepted,introduce,introduced,7
accept,accepted,involve,involved,7
accept,accepted,locate,located,7
accept,accepted,lose,lost,7
accept,accepted,manage,managed,7
accept,accepted,marry,married,7
accept,accepted,perform,performed,7
accept,accepted,provide,provided,7
accept,accepted,publish,published,7
accept,accepted,receive,received,7
accept,accepted,reduce,reduced,7
accept,accepted,refer,referred,7
accept,accepted,relate,related,7
accept,accepted,remain,remained,7
accept,accepted,replace,replaced,7
accept,accepted,require,required,7
accept,accepted,seem,seemed,7
accept,accepted,send,sent,7
accept,accepted,spend,spent,7
accept,accepted,tell,told,7
accept,accepted,understand,understood,7
accept,accepted,unite,united,7
achieve,achieved,add,added,7
achieve,achieved,agree,agreed,7
achieve,achieved,allow,allowed,7
achieve,achieved,announce,announced,7
achieve,achieved,appear,appeared,7
achieve,achieved,apply,applied,7
achieve,achieved,ask,asked,7
achieve,achieved,attend,attended,7
achieve,achieved,become,became,7
achieve,achieved,believe,believed,7
achieve,achieved,consider,considered,7
achieve,achieved,continue,continued,7
achieve,achieved,create,created,7
achieve,achieved,decide,decided,7
achieve,achieved,describe,described,7
achieve,achieved,develop,developed,7
achieve,achieved,discover,discovered,7
achieve,achieved,enjoy,enjoyed,7
achieve,achieved,ensure,ensured,7
achieve,achieved,establish,established,7
achieve,achieved,expect,expected,7
achieve,achieved,follow,followed,7
achieve,achieved,hear,heard,7
achieve,achieved,identify,identified,7
achieve,achieved,improve,improved,7
achieve,achieved,include,included,7
achieve,achieved,introduce,introduced,7
achieve,achieved,involve,involved,7
achieve,achieved,locate,located,7
achieve,achieved,lose,lost,7
achieve,achieved,manage,managed,7
achieve,achieved,marry,married,7
achieve,achieved,perform,performed,7
achieve,achieved,provide,provided,7
achieve,achieved,publish,published,7
achieve,achieved,receive,received,7
achieve,achieved,reduce,reduced,7
achieve,achieved,refer,referred,7
achieve,achieved,relate,related,7
achieve,achieved,remain,remained,7
achieve,achieved,replace,replaced,7
achieve,achieved,require,required,7
achieve,achieved,seem,seemed,7
achieve,achieved,send,sent,7
achieve,achieved,spend,spent,7
achieve,achieved,tell,told,7
achieve,achieved,understand,understood,7
achieve,achieved,unite,united,7
add,added,agree,agreed,7
add,added,allow,allowed,7
add,added,announce,announced,7
add,added,appear,appeared,7
add,added,apply,applied,7
add,added,ask,asked,7
add,added,attend,attended,7
add,added,become,became,7
add,added,believe,believed,7
add,added,consider,considered,7
add,added,continue,continued,7
add,added,create,created,7
add,added,decide,decided,7
add,added,describe,described,7
add,added,develop,developed,7
add,added,discover,discovered,7
add,added,enjoy,enjoyed,7
add,added,ensure,ensured,7
add,added,establish,established,7
add,added,expect,expected,7
add,added,follow,followed,7
add,added,hear,heard,7
add,added,identify,identified,7
add,added,improve,improved,7
add,added,include,included,7
add,added,introduce,introduced,7
add,added,involve,involved,7
add,added,locate,located,7
add,added,lose,lost,7
add,added,manage,managed,7
add,added,marry,married,7
add,added,perform,performed,7
add,added,provide,provided,7
add,added,publish,published,7
add,added,receive,received,7
add,added,reduce,reduced,7
add,added,refer,referred,7
add,added,relate,related,7
add,added,remain,remained,7
add,added,replace,replaced,7
add,added,require,required,7
add,added,seem,seemed,7
add,added,send,sent,7
add,added,spend,spent,7
add,added,tell,told,7
add,added,understand,understood,7
add,added,unite,united,7
agree,agreed,allow,allowed,7
agree,agreed,announce,announced,7
agree,agreed,appear,appeared,7
agree,agreed,apply,applied,7
agree,agreed,ask,asked,7
agree,agreed,attend,attended,7
agree,agreed,become,became,7
agree,agreed,believe,believed,7
agree,agreed,consider,considered,7
agree,agreed,continue,continued,7
agree,agreed,create,created,7
agree,agreed,decide,decided,7
agree,agreed,describe,described,7
agree,agreed,develop,developed,7
agree,agreed,discover,discovered,7
agree,agreed,enjoy,enjoyed,7
agree,agreed,ensure,ensured,7
agree,agreed,establish,established,7
agree,agreed,expect,expected,7
agree,agreed,follow,followed,7
agree,agreed,hear,heard,7
agree,agreed,identify,identified,7
agree,agreed,improve,improved,7
agree,agreed,include,included,7
agree,agreed,introduce,introduced,7
agree,agreed,involve,involved,7
agree,agreed,locate,located,7
agree,agreed,lose,lost,7
agree,agreed,manage,managed,7
agree,agreed,marry,married,7
agree,agreed,perform,performed,7
agree,agreed,provide,provided,7
agree,agreed,publish,published,7
agree,agreed,receive,received,7
agree,agreed,reduce,reduced,7
agree,agreed,refer,referred,7
agree,agreed,relate,related,7
agree,agreed,remain,remained,7
agree,agreed,replace,replaced,7
agree,agreed,require,required,7
agree,agreed,seem,seemed,7
agree,agreed,send,sent,7
agree,agreed,spend,spent,7
agree,agreed,tell,told,7
agree,agreed,understand,understood,7
agree,agreed,unite,united,7
allow,allowed,announce,announced,7
allow,allowed,appear,appeared,7
allow,allowed,apply,applied,7
allow,allowed,ask,asked,7
allow,allowed,attend,attended,7
allow,allowed,become,became,7
allow,allowed,believe,believed,7
allow,allowed,consider,considered,7
allow,allowed,continue,continued,7
allow,allowed,create,created,7
allow,allowed,decide,decided,7
allow,allowed,describe,described,7
allow,allowed,develop,developed,7
allow,allowed,discover,discovered,7
allow,allowed,enjoy,enjoyed,7
allow,allowed,ensure,ensured,7
allow,allowed,establish,established,7
allow,allowed,expect,expected,7
allow,allowed,follow,followed,7
allow,allowed,hear,heard,7
allow,allowed,identify,identified,7
allow,allowed,improve,improved,7
allow,allowed,include,included,7
allow,allowed,introduce,introduced,7
allow,allowed,involve,involved,7
allow,allowed,locate,located,7
allow,allowed,lose,lost,7
allow,allowed,manage,managed,7
allow,allowed,marry,married,7
allow,allowed,perform,performed,7
allow,allowed,provide,provided,7
allow,allowed,publish,published,7
allow,allowed,receive,received,7
allow,allowed,reduce,reduced,7
allow,allowed,refer,referred,7
allow,allowed,relate,related,7
allow,allowed,remain,remained,7
allow,allowed,replace,replaced,7
allow,allowed,require,required,7
allow,allowed,seem,seemed,7
allow,allowed,send,sent,7
allow,allowed,spend,spent,7
allow,allowed,tell,told,7
allow,allowed,understand,understood,7
allow,allowed,unite,united,7
announce,announced,appear,appeared,7
announce,announced,apply,applied,7
announce,announced,ask,asked,7
announce,announced,attend,attended,7
announce,announced,become,became,7
announce,announced,believe,believed,7
announce,announced,consider,considered,7
announce,announced,continue,continued,7
announce,announced,create,created,7
announce,announced,decide,decided,7
announce,announced,describe,described,7
announce,announced,develop,developed,7
announce,announced,discover,discovered,7
announce,announced,enjoy,enjoyed,7
announce,announced,ensure,ensured,7
announce,announced,establish,established,7
announce,announced,expect,expected,7
announce,announced,follow,followed,7
announce,announced,hear,heard,7
announce,announced,identify,identified,7
announce,announced,improve,improved,7
announce,announced,include,included,7
announce,announced,introduce,introduced,7
announce,announced,involve,involved,7
announce,announced,locate,located,7
announce,announced,lose,lost,7
announce,announced,manage,managed,7
announce,announced,marry,married,7
announce,announced,perform,performed,7
announce,announced,provide,provided,7
announce,announced,publish,published,7
announce,announced,receive,received,7
announce,announced,reduce,reduced,7
announce,announced,refer,referred,7
announce,announced,relate,related,7
announce,announced,remain,remained,7
announce,announced,replace,replaced,7
announce,announced,require,required,7
announce,announced,seem,seemed,7
announce,announced,send,sent,7
announce,announced,spend,spent,7
announce,announced,tell,told,7
announce,announced,understand,understood,7
announce,announced,unite,united,7
appear,appeared,apply,applied,7
appear,appeared,ask,asked,7
appear,appeared,attend,attended,7
appear,appeared,become,became,7
appear,appeared,believe,believed,7
appear,appeared,consider,considered,7
appear,appeared,continue,continued,7
appear,appeared,create,created,7
appear,appeared,decide,decided,7
appear,appeared,describe,described,7
appear,appeared,develop,developed,7
appear,appeared,discover,discovered,7
appear,appeared,enjoy,enjoyed,7
appear,appeared,ensure,ensured,7
appear,appeared,establish,established,7
appear,appeared,expect,expected,7
appear,appeared,follow,followed,7
appear,appeared,hear,heard,7
appear,appeared,identify,identified,7
appear,appeared,improve,improved,7
appear,appeared,include,included,7
appear,appeared,introduce,introduced,7
appear,appeared,involve,involved,7
appear,appeared,locate,located,7
appear,appeared,lose,lost,7
appear,appeared,manage,managed,7
appear,appeared,marry,married,7
appear,appeared,perform,performed,7
appear,appeared,provide,provided,7
appear,appeared,publish,published,7
appear,appeared,receive,received,7
appear,appeared,reduce,reduced,7
appear,appeared,refer,referred,7
appear,appeared,relate,related,7
appear,appeared,remain,remained,7
appear,appeared,replace,replaced,7
appear,appeared,require,required,7
appear,appeared,seem,seemed,7
appear,appeared,send,sent,7
appear,appeared,spend,spent,7
appear,appeared,tell,told,7
appear,appeared,understand,understood,7
appear,appeared,unite,united,7
apply,applied,ask,asked,7
apply,applied,attend,attended,7
apply,applied,become,became,7
apply,applied,believe,believed,7
apply,applied,consider,considered,7
apply,applied,continue,continued,7
apply,applied,create,created,7
apply,applied,decide,decided,7
apply,applied,describe,described,7
apply,applied,develop,developed,7
apply,applied,discover,discovered,7
apply,applied,enjoy,enjoyed,7
apply,applied,ensure,ensured,7
apply,applied,establish,established,7
apply,applied,expect,expected,7
apply,applied,follow,followed,7
apply,applied,hear,heard,7
apply,applied,identify,identified,7
apply,applied,improve,improved,7
apply,applied,include,included,7
apply,applied,introduce,introduced,7
apply,applied,involve,involved,7
apply,applied,locate,located,7
apply,applied,lose,lost,7
apply,applied,manage,managed,7
apply,applied,marry,married,7
apply,applied,perform,performed,7
apply,applied,provide,provided,7
apply,applied,publish,published,7
apply,applied,receive,received,7
apply,applied,reduce,reduced,7
apply,applied,refer,referred,7
apply,applied,relate,related,7
apply,applied,remain,remained,7
apply,applied,replace,replaced,7
apply,applied,require,required,7
apply,applied,seem,seemed,7
apply,applied,send,sent,7
apply,applied,spend,spent,7
apply,applied,tell,told,7
apply,applied,understand,understood,7
apply,applied,unite,united,7
ask,asked,attend,attended,7
ask,asked,become,became,7
ask,asked,believe,believed,7
ask,asked,consider,considered,7
ask,asked,continue,continued,7
ask,asked,create,created,7
ask,asked,decide,decided,7
ask,asked,describe,described,7
ask,asked,develop,developed,7
ask,asked,discover,discovered,7
ask,asked,enjoy,enjoyed,7
ask,asked,ensure,ensured,7
ask,asked,establish,established,7
ask,asked,expect,expected,7
ask,asked,follow,followed,7
ask,asked,hear,heard,7
ask,asked,identify,identified,7
ask,asked,improve,improved,7
ask,asked,include,included,7
ask,asked,introduce,introduced,7
ask,asked,involve,involved,7
ask,asked,locate,located,7
ask,asked,lose,lost,7
ask,asked,manage,managed,7
ask,asked,marry,married,7
ask,asked,perform,performed,7
ask,asked,provide,provided,7
ask,asked,publish,published,7
ask,asked,receive,received,7
ask,asked,reduce,reduced,7
ask,asked,refer,referred,7
ask,asked,relate,related,7
ask,asked,remain,remained,7
ask,asked,replace,replaced,7
ask,asked,require,required,7
ask,asked,seem,seemed,7
ask,asked,send,sent,7
ask,asked,spend,spent,7
ask,asked,tell,told,7
ask,asked,understand,understood,7
ask,asked,unite,united,7
attend,attended,become,became,7
attend,attended,believe,believed,7
attend,attended,consider,considered,7
attend,attended,continue,continued,7
attend,attended,create,created,7
attend,attended,decide,decided,7
attend,attended,describe,described,7
attend,attended,develop,developed,7
attend,attended,discover,discovered,7
attend,attended,enjoy,enjoyed,7
attend,attended,ensure,ensured,7
attend,attended,establish,established,7
attend,attended,expect,expected,7
attend,attended,follow,followed,7
attend,attended,hear,heard,7
attend,attended,identify,identified,7
attend,attended,improve,improved,7
attend,attended,include,included,7
attend,attended,introduce,introduced,7
attend,attended,involve,involved,7
attend,attended,locate,located,7
attend,attended,lose,lost,7
attend,attended,manage,managed,7
attend,attended,marry,married,7
attend,attended,perform,performed,7
attend,attended,provide,provided,7
attend,attended,publish,published,7
attend,attended,receive,received,7
attend,attended,reduce,reduced,7
attend,attended,refer,referred,7
attend,attended,relate,related,7
attend,attended,remain,remained,7
attend,attended,replace,replaced,7
attend,attended,require,required,7
attend,attended,seem,seemed,7
attend,attended,send,sent,7
attend,attended,spend,spent,7
attend,attended,tell,told,7
attend,attended,understand,understood,7
attend,attended,unite,united,7
become,became,believe,believed,7
become,became,consider,considered,7
become,became,continue,continued,7
become,became,create,created,7
become,became,decide,decided,7
become,became,describe,described,7
become,became,develop,developed,7
become,became,discover,discovered,7
become,became,enjoy,enjoyed,7
become,became,ensure,ensured,7
become,became,establish,established,7
become,became,expect,expected,7
become,became,follow,followed,7
become,became,hear,heard,7
become,became,identify,identified,7
become,became,improve,improved,7
become,became,include,included,7
become,became,introduce,introduced,7
become,became,involve,involved,7
become,became,locate,located,7
become,became,lose,lost,7
become,became,manage,managed,7
become,became,marry,married,7
become,became,perform,performed,7
become,became,provide,provided,7
become,became,publish,published,7
become,became,receive,received,7
become,became,reduce,reduced,7
become,became,refer,referred,7
become,became,relate,related,7
become,became,remain,remained,7
become,became,replace,replaced,7
become,became,require,required,7
become,became,seem,seemed,7
become,became,send,sent,7
become,became,spend,spent,7
become,became,tell,told,7
become,became,understand,understood,7
become,became,unite,united,7
believe,believed,consider,considered,7
believe,believed,continue,continued,7
believe,believed,create,created,7
believe,believed,decide,decided,7
believe,believed,describe,described,7
believe,believed,develop,developed,7
believe,believed,discover,discovered,7
believe,believed,enjoy,enjoyed,7
believe,believed,ensure,ensured,7
believe,believed,establish,established,7
believe,believed,expect,expected,7
believe,believed,follow,followed,7
believe,believed,hear,heard,7
believe,believed,identify,identified,7
believe,believed,improve,improved,7
believe,believed,include,included,7
believe,believed,introduce,introduced,7
believe,believed,involve,involved,7
believe,believed,locate,located,7
believe,believed,lose,lost,7
believe,believed,manage,managed,7
believe,believed,marry,married,7
believe,believed,perform,performed,7
believe,believed,provide,provided,7
believe,believed,publish,published,7
believe,believed,receive,received,7
believe,believed,reduce,reduced,7
believe,believed,refer,referred,7
believe,believed,relate,related,7
believe,believed,remain,remained,7
believe,believed,replace,replaced,7
believe,believed,require,required,7
believe,believed,seem,seemed,7
believe,believed,send,sent,7
believe,believed,spend,spent,7
believe,believed,tell,told,7
believe,believed,understand,understood,7
believe,believed,unite,united,7
consider,considered,continue,continued,7
consider,considered,create,created,7
consider,considered,decide,decided,7
consider,considered,describe,described,7
consider,considered,develop,developed,7
consider,considered,discover,discovered,7
consider,considered,enjoy,enjoyed,7
consider,considered,ensure,ensured,7
consider,considered,establish,established,7
consider,considered,expect,expected,7
consider,considered,follow,followed,7
consider,considered,hear,heard,7
consider,considered,identify,identified,7
consider,considered,improve,improved,7
consider,considered,include,included,7
consider,considered,introduce,introduced,7
consider,considered,involve,involved,7
consider,considered,locate,located,7
consider,considered,lose,lost,7
consider,considered,manage,managed,7
consider,considered,marry,married,7
consider,considered,perform,performed,7
consider,considered,provide,provided,7
consider,considered,publish,published,7
consider,considered,receive,received,7
consider,considered,reduce,reduced,7
consider,considered,refer,referred,7
consider,considered,relate,related,7
consider,considered,remain,remained,7
consider,considered,replace,replaced,7
consider,considered,require,required,7
consider,considered,seem,seemed,7
consider,considered,send,sent,7
consider,considered,spend,spent,7
consider,considered,tell,told,7
consider,considered,understand,understood,7
consider,considered,unite,united,7
continue,continued,create,created,7
continue,continued,decide,decided,7
continue,continued,describe,described,7
continue,continued,develop,developed,7
continue,continued,discover,discovered,7
continue,continued,enjoy,enjoyed,7
continue,continued,ensure,ensured,7
continue,continued,establish,established,7
continue,continued,expect,expected,7
continue,continued,follow,followed,7
continue,continued,hear,heard,7
continue,continued,identify,identified,7
continue,continued,improve,improved,7
continue,continued,include,included,7
continue,continued,introduce,introduced,7
continue,continued,involve,involved,7
continue,continued,locate,located,7
continue,continued,lose,lost,7
continue,continued,manage,managed,7
continue,continued,marry,married,7
continue,continued,perform,performed,7
continue,continued,provide,provided,7
continue,continued,publish,published,7
continue,continued,receive,received,7
continue,continued,reduce,reduced,7
continue,continued,refer,referred,7
continue,continued,relate,related,7
continue,continued,remain,remained,7
continue,continued,replace,replaced,7
continue,continued,require,required,7
continue,continued,seem,seemed,7
continue,continued,send,sent,7
continue,continued,spend,spent,7
continue,continued,tell,told,7
continue,continued,understand,understood,7
continue,continued,unite,united,7
create,created,decide,decided,7
create,created,describe,described,7
create,created,develop,developed,7
create,created,discover,discovered,7
create,created,enjoy,enjoyed,7
create,created,ensure,ensured,7
create,created,establish,established,7
create,created,expect,expected,7
create,created,follow,followed,7
create,created,hear,heard,7
create,created,identify,identified,7
create,created,improve,improved,7
create,created,include,included,7
create,created,introduce,introduced,7
create,created,involve,involved,7
create,created,locate,located,7
create,created,lose,lost,7
create,created,manage,managed,7
create,created,marry,married,7
create,created,perform,performed,7
create,created,provide,provided,7
create,created,publish,published,7
create,created,receive,received,7
create,created,reduce,reduced,7
create,created,refer,referred,7
create,created,relate,related,7
create,created,remain,remained,7
create,created,replace,replaced,7
create,created,require,required,7
create,created,seem,seemed,7
create,created,send,sent,7
create,created,spend,spent,7
create,created,tell,told,7
create,created,understand,understood,7
create,created,unite,united,7
decide,decided,describe,described,7
decide,decided,develop,developed,7
decide,decided,discover,discovered,7
decide,decided,enjoy,enjoyed,7
decide,decided,ensure,ensured,7
decide,decided,establish,established,7
decide,decided,expect,expected,7
decide,decided,follow,followed,7
decide,decided,hear,heard,7
decide,decided,identify,identified,7
decide,decided,improve,improved,7
decide,decided,include,included,7
decide,decided,introduce,introduced,7
decide,decided,involve,involved,7
decide,decided,locate,located,7
decide,decided,lose,lost,7
decide,decided,manage,managed,7
decide,decided,marry,married,7
decide,decided,perform,performed,7
decide,decided,provide,provided,7
decide,decided,publish,published,7
decide,decided,receive,received,7
decide,decided,reduce,reduced,7
decide,decided,refer,referred,7
decide,decided,relate,related,7
decide,decided,remain,remained,7
decide,decided,replace,replaced,7
decide,decided,require,required,7
decide,decided,seem,seemed,7
decide,decided,send,sent,7
decide,decided,spend,spent,7
decide,decided,tell,told,7
decide,decided,understand,understood,7
decide,decided,unite,united,7
describe,described,develop,developed,7
describe,described,discover,discovered,7
describe,described,enjoy,enjoyed,7
describe,described,ensure,ensured,7
describe,described,establish,established,7
describe,described,expect,expected,7
describe,described,follow,followed,7
describe,described,hear,heard,7
describe,described,identify,identified,7
describe,described,improve,improved,7
describe,described,include,included,7
describe,described,introduce,introduced,7
describe,described,involve,involved,7
describe,described,locate,located,7
describe,described,lose,lost,7
describe,described,manage,managed,7
describe,described,marry,married,7
describe,described,perform,performed,7
describe,described,provide,provided,7
describe,described,publish,published,7
describe,described,receive,received,7
describe,described,reduce,reduced,7
describe,described,refer,referred,7
describe,described,relate,related,7
describe,described,remain,remained,7
describe,described,replace,replaced,7
describe,described,require,required,7
describe,described,seem,seemed,7
describe,described,send,sent,7
describe,described,spend,spent,7
describe,described,tell,told,7
describe,described,understand,understood,7
describe,described,unite,united,7
develop,developed,discover,discovered,7
develop,developed,enjoy,enjoyed,7
develop,developed,ensure,ensured,7
develop,developed,establish,established,7
develop,developed,expect,expected,7
develop,developed,follow,followed,7
develop,developed,hear,heard,7
develop,developed,identify,identified,7
develop,developed,improve,improved,7
develop,developed,include,included,7
develop,developed,introduce,introduced,7
develop,developed,involve,involved,7
develop,developed,locate,located,7
develop,developed,lose,lost,7
develop,developed,manage,managed,7
develop,developed,marry,married,7
develop,developed,perform,performed,7
develop,developed,provide,provided,7
develop,developed,publish,published,7
develop,developed,receive,received,7
develop,developed,reduce,reduced,7
develop,developed,refer,referred,7
develop,developed,relate,related,7
develop,developed,remain,remained,7
develop,developed,replace,replaced,7
develop,developed,require,required,7
develop,developed,seem,seemed,7
develop,developed,send,sent,7
develop,developed,spend,spent,7
develop,developed,tell,told,7
develop,developed,understand,understood,7
develop,developed,unite,united,7
discover,discovered,enjoy,enjoyed,7
discover,discovered,ensure,ensured,7
discover,discovered,establish,established,7
discover,discovered,expect,expected,7
discover,discovered,follow,followed,7
discover,discovered,hear,heard,7
discover,discovered,identify,identified,7
discover,discovered,improve,improved,7
discover,discovered,include,included,7
discover,discovered,introduce,introduced,7
discover,discovered,involve,involved,7
discover,discovered,locate,located,7
discover,discovered,lose,lost,7
discover,discovered,manage,managed,7
discover,discovered,marry,married,7
discover,discovered,perform,performed,7
discover,discovered,provide,provided,7
discover,discovered,publish,published,7
discover,discovered,receive,received,7
discover,discovered,reduce,reduced,7
discover,discovered,refer,referred,7
discover,discovered,relate,related,7
discover,discovered,remain,remained,7
discover,discovered,replace,replaced,7
discover,discovered,require,required,7
discover,discovered,seem,seemed,7
discover,discovered,send,sent,7
discover,discovered,spend,spent,7
discover,discovered,tell,told,7
discover,discovered,understand,understood,7
discover,discovered,unite,united,7
enjoy,enjoyed,ensure,ensured,7
enjoy,enjoyed,establish,established,7
enjoy,enjoyed,expect,expected,7
enjoy,enjoyed,follow,followed,7
enjoy,enjoyed,hear,heard,7
enjoy,enjoyed,identify,identified,7
enjoy,enjoyed,improve,improved,7
enjoy,enjoyed,include,included,7
enjoy,enjoyed,introduce,introduced,7
enjoy,enjoyed,involve,involved,7
enjoy,enjoyed,locate,located,7
enjoy,enjoyed,lose,lost,7
enjoy,enjoyed,manage,managed,7
enjoy,enjoyed,marry,married,7
enjoy,enjoyed,perform,performed,7
enjoy,enjoyed,provide,provided,7
enjoy,enjoyed,publish,published,7
enjoy,enjoyed,receive,received,7
enjoy,enjoyed,reduce,reduced,7
enjoy,enjoyed,refer,referred,7
enjoy,enjoyed,relate,related,7
enjoy,enjoyed,remain,remained,7
enjoy,enjoyed,replace,replaced,7
enjoy,enjoyed,require,required,7
enjoy,enjoyed,seem,seemed,7
enjoy,enjoyed,send,sent,7
enjoy,enjoyed,spend,spent,7
enjoy,enjoyed,tell,told,7
enjoy,enjoyed,understand,understood,7
enjoy,enjoyed,unite,united,7
ensure,ensured,establish,established,7
ensure,ensured,expect,expected,7
ensure,ensured,follow,followed,7
ensure,ensured,hear,heard,7
ensure,ensured,identify,identified,7
ensure,ensured,improve,improved,7
ensure,ensured,include,included,7
ensure,ensured,introduce,introduced,7
ensure,ensured,involve,involved,7
ensure,ensured,locate,located,7
ensure,ensured,lose,lost,7
ensure,ensured,manage,managed,7
ensure,ensured,marry,married,7
ensure,ensured,perform,performed,7
ensure,ensured,provide,provided,7
ensure,ensured,publish,published,7
ensure,ensured,receive,received,7
ensure,ensured,reduce,reduced,7
ensure,ensured,refer,referred,7
ensure,ensured,relate,related,7
ensure,ensured,remain,remained,7
ensure,ensured,replace,replaced,7
ensure,ensured,require,required,7
ensure,ensured,seem,seemed,7
ensure,ensured,send,sent,7
ensure,ensured,spend,spent,7
ensure,ensured,tell,told,7
ensure,ensured,understand,understood,7
ensure,ensured,unite,united,7
establish,established,expect,expected,7
establish,established,follow,followed,7
establish,established,hear,heard,7
establish,established,identify,identified,7
establish,established,improve,improved,7
establish,established,include,included,7
establish,established,introduce,introduced,7
establish,established,involve,involved,7
establish,established,locate,located,7
establish,established,lose,lost,7
establish,established,manage,managed,7
establish,established,marry,married,7
establish,established,perform,performed,7
establish,established,provide,provided,7
establish,established,publish,published,7
establish,established,receive,received,7
establish,established,reduce,reduced,7
establish,established,refer,referred,7
establish,established,relate,related,7
establish,established,remain,remained,7
establish,established,replace,replaced,7
establish,established,require,required,7
establish,established,seem,seemed,7
establish,established,send,sent,7
establish,established,spend,spent,7
establish,established,tell,told,7
establish,established,understand,understood,7
establish,established,unite,united,7
expect,expected,follow,followed,7
expect,expected,hear,heard,7
expect,expected,identify,identified,7
expect,expected,improve,improved,7
expect,expected,include,included,7
expect,expected,introduce,introduced,7
expect,expected,involve,involved,7
expect,expected,locate,located,7
expect,expected,lose,lost,7
expect,expected,manage,managed,7
expect,expected,marry,married,7
expect,expected,perform,performed,7
expect,expected,provide,provided,7
expect,expected,publish,published,7
expect,expected,receive,received,7
expect,expected,reduce,reduced,7
expect,expected,refer,referred,7
expect,expected,relate,related,7
expect,expected,remain,remained,7
expect,expected,replace,replaced,7
expect,expected,require,required,7
expect,expected,seem,seemed,7
expect,expected,send,sent,7
expect,expected,spend,spent,7
expect,expected,tell,told,7
expect,expected,understand,understood,7
expect,expected,unite,united,7
follow,followed,hear,heard,7
follow,followed,identify,identified,7
follow,followed,improve,improved,7
follow,followed,include,included,7
follow,followed,introduce,introduced,7
follow,followed,involve,involved,7
follow,followed,locate,located,7
follow,followed,lose,lost,7
follow,followed,manage,managed,7
follow,followed,marry,married,7
follow,followed,perform,performed,7
follow,followed,provide,provided,7
follow,followed,publish,published,7
follow,followed,receive,received,7
follow,followed,reduce,reduced,7
follow,followed,refer,referred,7
follow,followed,relate,related,7
follow,followed,remain,remained,7
follow,followed,replace,replaced,7
follow,followed,require,required,7
follow,followed,seem,seemed,7
follow,followed,send,sent,7
follow,followed,spend,spent,7
follow,followed,tell,told,7
follow,followed,understand,understood,7
follow,followed,unite,united,7
hear,heard,identify,identified,7
hear,heard,improve,improved,7
hear,heard,include,included,7
hear,heard,introduce,introduced,7
hear,heard,involve,involved,7
hear,heard,locate,located,7
hear,heard,lose,lost,7
hear,heard,manage,managed,7
hear,heard,marry,married,7
hear,heard,perform,performed,7
hear,heard,provide,provided,7
hear,heard,publish,published,7
hear,heard,receive,received,7
hear,heard,reduce,reduced,7
hear,heard,refer,referred,7
hear,heard,relate,related,7
hear,heard,remain,remained,7
hear,heard,replace,replaced,7
hear,heard,require,required,7
hear,heard,seem,seemed,7
hear,heard,send,sent,7
hear,heard,spend,spent,7
hear,heard,tell,told,7
hear,heard,understand,understood,7
hear,heard,unite,united,7
identify,identified,improve,improved,7
identify,identified,include,included,7
identify,identified,introduce,introduced,7
identify,identified,involve,involved,7
identify,identified,locate,located,7
identify,identified,lose,lost,7
identify,identified,manage,managed,7
identify,identified,marry,married,7
identify,identified,perform,performed,7
identify,identified,provide,provided,7
identify,identified,publish,published,7
identify,identified,receive,received,7
identify,identified,reduce,reduced,7
identify,identified,refer,referred,7
identify,identified,relate,related,7
identify,identified,remain,remained,7
identify,identified,replace,replaced,7
identify,identified,require,required,7
identify,identified,seem,seemed,7
identify,identified,send,sent,7
identify,identified,spend,spent,7
identify,identified,tell,told,7
identify,identified,understand,understood,7
identify,identified,unite,united,7
improve,improved,include,included,7
improve,improved,introduce,introduced,7
improve,improved,involve,involved,7
improve,improved,locate,located,7
improve,improved,lose,lost,7
improve,improved,manage,managed,7
improve,improved,marry,married,7
improve,improved,perform,performed,7
improve,improved,provide,provided,7
improve,improved,publish,published,7
improve,improved,receive,received,7
improve,improved,reduce,reduced,7
improve,improved,refer,referred,7
improve,improved,relate,related,7
improve,improved,remain,remained,7
improve,improved,replace,replaced,7
improve,improved,require,required,7
improve,improved,seem,seemed,7
improve,improved,send,sent,7
improve,improved,spend,spent,7
improve,improved,tell,told,7
improve,improved,understand,understood,7
improve,improved,unite,united,7
include,included,introduce,introduced,7
include,included,involve,involved,7
include,included,locate,located,7
include,included,lose,lost,7
include,included,manage,managed,7
include,included,marry,married,7
include,included,perform,performed,7
include,included,provide,provided,7
include,included,publish,published,7
include,included,receive,received,7
include,included,reduce,reduced,7
include,included,refer,referred,7
include,included,relate,related,7
include,included,remain,remained,7
include,included,replace,replaced,7
include,included,require,required,7
include,included,seem,seemed,7
include,included,send,sent,7
include,included,spend,spent,7
include,included,tell,told,7
include,included,understand,understood,7
include,included,unite,united,7
introduce,introduced,involve,involved,7
introduce,introduced,locate,located,7
introduce,introduced,lose,lost,7
introduce,introduced,manage,managed,7
introduce,introduced,marry,married,7
introduce,introduced,perform,performed,7
introduce,introduced,provide,provided,7
introduce,introduced,publish,published,7
introduce,introduced,receive,received,7
introduce,introduced,reduce,reduced,7
introduce,introduced,refer,referred,7
introduce,introduced,relate,related,7
introduce,introduced,remain,remained,7
introduce,introduced,replace,replaced,7
introduce,introduced,require,required,7
introduce,introduced,seem,seemed,7
introduce,introduced,send,sent,7
introduce,introduced,spend,spent,7
introduce,introduced,tell,told,7
introduce,introduced,understand,understood,7
introduce,introduced,unite,united,7
involve,involved,locate,located,7
involve,involved,lose,lost,7
involve,involved,manage,managed,7
involve,involved,marry,married,7
involve,involved,perform,performed,7
involve,involved,provide,provided,7
involve,involved,publish,published,7
involve,involved,receive,received,7
involve,involved,reduce,reduced,7
involve,involved,refer,referred,7
involve,involved,relate,related,7
involve,involved,remain,remained,7
involve,involved,replace,replaced,7
involve,involved,require,required,7
involve,involved,seem,seemed,7
involve,involved,send,sent,7
involve,involved,spend,spent,7
involve,involved,tell,told,7
involve,involved,understand,understood,7
involve,involved,unite,united,7
locate,located,lose,lost,7
locate,located,manage,managed,7
locate,located,marry,married,7
locate,located,perform,performed,7
locate,located,provide,provided,7
locate,located,publish,published,7
locate,located,receive,received,7
locate,located,reduce,reduced,7
locate,located,refer,referred,7
locate,located,relate,related,7
locate,located,remain,remained,7
locate,located,replace,replaced,7
locate,located,require,required,7
locate,located,seem,seemed,7
locate,located,send,sent,7
locate,located,spend,spent,7
locate,located,tell,told,7
locate,located,understand,understood,7
locate,located,unite,united,7
lose,lost,manage,managed,7
lose,lost,marry,married,7
lose,lost,perform,performed,7
lose,lost,provide,provided,7
lose,lost,publish,published,7
lose,lost,receive,received,7
lose,lost,reduce,reduced,7
lose,lost,refer,referred,7
lose,lost,relate,related,7
lose,lost,remain,remained,7
lose,lost,replace,replaced,7
lose,lost,require,required,7
lose,lost,seem,seemed,7
lose,lost,send,sent,7
lose,lost,spend,spent,7
lose,lost,tell,told,7
lose,lost,understand,understood,7
lose,lost,unite,united,7
manage,managed,marry,married,7
manage,managed,perform,performed,7
manage,managed,provide,provided,7
manage,managed,publish,published,7
manage,managed,receive,received,7
manage,managed,reduce,reduced,7
manage,managed,refer,referred,7
manage,managed,relate,related,7
manage,managed,remain,remained,7
manage,managed,replace,replaced,7
manage,managed,require,required,7
manage,managed,seem,seemed,7
manage,managed,send,sent,7
manage,managed,spend,spent,7
manage,managed,tell,told,7
manage,managed,understand,understood,7
manage,managed,unite,united,7
marry,married,perform,performed,7
marry,married,provide,provided,7
marry,married,publish,published,7
marry,married,receive,received,7
marry,married,reduce,reduced,7
marry,married,refer,referred,7
marry,married,relate,related,7
marry,married,remain,remained,7
marry,married,replace,replaced,7
marry,married,require,required,7
marry,married,seem,seemed,7
marry,married,send,sent,7
marry,married,spend,spent,7
marry,married,tell,told,7
marry,married,understand,understood,7
marry,married,unite,united,7
perform,performed,provide,provided,7
perform,performed,publish,published,7
perform,performed,receive,received,7
perform,performed,reduce,reduced,7
perform,performed,refer,referred,7
perform,performed,relate,related,7
perform,performed,remain,remained,7
perform,performed,replace,replaced,7
perform,performed,require,required,7
perform,performed,seem,seemed,7
perform,performed,send,sent,7
perform,performed,spend,spent,7
perform,performed,tell,told,7
perform,performed,understand,understood,7
perform,performed,unite,united,7
provide,provided,publish,published,7
provide,provided,receive,received,7
provide,provided,reduce,reduced,7
provide,provided,refer,referred,7
provide,provided,relate,related,7
provide,provided,remain,remained,7
provide,provided,replace,replaced,7
provide,provided,require,required,7
provide,provided,seem,seemed,7
provide,provided,send,sent,7
provide,provided,spend,spent,7
provide,provided,tell,told,7
provide,provided,understand,understood,7
provide,provided,unite,united,7
publish,published,receive,received,7
publish,published,reduce,reduced,7
publish,published,refer,referred,7
publish,published,relate,related,7
publish,published,remain,remained,7
publish,published,replace,replaced,7
publish,published,require,required,7
publish,published,seem,seemed,7
publish,published,send,sent,7
publish,published,spend,spent,7
publish,published,tell,told,7
publish,published,understand,understood,7
publish,published,unite,united,7
receive,received,reduce,reduced,7
receive,received,refer,referred,7
receive,received,relate,related,7
receive,received,remain,remained,7
receive,received,replace,replaced,7
receive,received,require,required,7
receive,received,seem,seemed,7
receive,received,send,sent,7
receive,received,spend,spent,7
receive,received,tell,told,7
receive,received,understand,understood,7
receive,received,unite,united,7
reduce,reduced,refer,referred,7
reduce,reduced,relate,related,7
reduce,reduced,remain,remained,7
reduce,reduced,replace,replaced,7
reduce,reduced,require,required,7
reduce,reduced,seem,seemed,7
reduce,reduced,send,sent,7
reduce,reduced,spend,spent,7
reduce,reduced,tell,told,7
reduce,reduced,understand,understood,7
reduce,reduced,unite,united,7
refer,referred,relate,related,7
refer,referred,remain,remained,7
refer,referred,replace,replaced,7
refer,referred,require,required,7
refer,referred,seem,seemed,7
refer,referred,send,sent,7
refer,referred,spend,spent,7
refer,referred,tell,told,7
refer,referred,understand,understood,7
refer,referred,unite,united,7
relate,related,remain,remained,7
relate,related,replace,replaced,7
relate,related,require,required,7
relate,related,seem,seemed,7
relate,related,send,sent,7
relate,related,spend,spent,7
relate,related,tell,told,7
relate,related,understand,understood,7
relate,related,unite,united,7
remain,remained,replace,replaced,7
remain,remained,require,required,7
remain,remained,seem,seemed,7
remain,remained,send,sent,7
remain,remained,spend,spent,7
remain,remained,tell,told,7
remain,remained,understand,understood,7
remain,remained,unite,united,7
replace,replaced,require,required,7
replace,replaced,seem,seemed,7
replace,replaced,send,sent,7
replace,replaced,spend,spent,7
replace,replaced,tell,told,7
replace,replaced,understand,understood,7
replace,replaced,unite,united,7
require,required,seem,seemed,7
require,required,send,sent,7
require,required,spend,spent,7
require,required,tell,told,7
require,required,understand,understood,7
require,required,unite,united,7
seem,seemed,send,sent,7
seem,seemed,spend,spent,7
seem,seemed,tell,told,7
seem,seemed,understand,understood,7
seem,seemed,unite,united,7
send,sent,spend,spent,7
send,sent,tell,told,7
send,sent,understand,understood,7
send,sent,unite,united,7
spend,spent,tell,told,7
spend,spent,understand,understood,7
spend,spent,unite,united,7
tell,told,understand,understood,7
tell,told,unite,united,7
understand,understood,unite,united,7
