adds,added,agrees,agreed,10
adds,added,allows,allowed,10
adds,added,announces,announced,10
adds,added,appears,appeared,10
adds,added,applies,applied,10
adds,added,appoints,appointed,10
adds,added,asks,asked,10
adds,added,becomes,became,10
adds,added,believes,believed,10
adds,added,considers,considered,10
adds,added,consists,consisted,10
adds,added,contains,contained,10
adds,added,continues,continued,10
adds,added,creates,created,10
adds,added,decides,decided,10
adds,added,describes,described,10
adds,added,develops,developed,10
adds,added,establishes,established,10
adds,added,expects,expected,10
adds,added,fails,failed,10
adds,added,follows,followed,10
adds,added,happens,happened,10
adds,added,hears,heard,10
adds,added,includes,included,10
adds,added,intends,intended,10
adds,added,introduces,introduced,10
adds,added,involves,involved,10
adds,added,locates,located,10
adds,added,loses,lost,10
adds,added,manages,managed,10
adds,added,marries,married,10
adds,added,occurs,occurred,10
adds,added,operates,operated,10
adds,added,performs,performed,10
adds,added,proposes,proposed,10
adds,added,provides,provided,10
adds,added,publishes,published,10
adds,added,receives,received,10
adds,added,refers,referred,10
adds,added,relates,related,10
adds,added,remains,remained,10
adds,added,replaces,replaced,10
adds,added,represents,represented,10
adds,added,requires,required,10
adds,added,seems,seemed,10
adds,added,sends,sent,10
adds,added,spends,spent,10
adds,added,suggests,suggested,10
adds,added,tells,told,10
agrees,agreed,allows,allowed,10
agrees,agreed,announces,announced,10
agrees,agreed,appears,appeared,10
agrees,agreed,applies,applied,10
agrees,agreed,appoints,appointed,10
agrees,agreed,asks,asked,10
agrees,agreed,becomes,became,10
agrees,agreed,believes,believed,10
agrees,agreed,considers,considered,10
agrees,agreed,consists,consisted,10
agrees,agreed,contains,contained,10
agrees,agreed,continues,continued,10
agrees,agreed,creates,created,10
agrees,agreed,decides,decided,10
agrees,agreed,describes,described,10
agrees,agreed,develops,developed,10
agrees,agreed,establishes,established,10
agrees,agreed,expects,expected,10
agrees,agreed,fails,failed,10
agrees,agreed,follows,followed,10
agrees,agreed,happens,happened,10
agrees,agreed,hears,heard,10
agrees,agreed,includes,included,10
agrees,agreed,intends,intended,10
agrees,agreed,introduces,introduced,10
agrees,agreed,involves,involved,10
agrees,agreed,locates,located,10
agrees,agreed,loses,lost,10
agrees,agreed,manages,managed,10
agrees,agreed,marries,married,10
agrees,agreed,occurs,occurred,10
agrees,agreed,operates,operated,10
agrees,agreed,performs,performed,10
agrees,agreed,proposes,proposed,10
agrees,agreed,provides,provided,10
agrees,agreed,publishes,published,10
agrees,agreed,receives,received,10
agrees,agreed,refers,referred,10
agrees,agreed,relates,related,10
agrees,agreed,remains,remained,10
agrees,agreed,replaces,replaced,10
agrees,agreed,represents,represented,10
agrees,agreed,requires,required,10
agrees,agreed,seems,seemed,10
agrees,agreed,sends,sent,10
agrees,agreed,spends,spent,10
agrees,agreed,suggests,suggested,10
agrees,agreed,tells,told,10
allows,allowed,announces,announced,10
allows,allowed,appears,appeared,10
allows,allowed,applies,applied,10
allows,allowed,appoints,appointed,10
allows,allowed,asks,asked,10
allows,allowed,becomes,became,10
allows,allowed,believes,believed,10
allows,allowed,considers,considered,10
allows,allowed,consists,consisted,10
allows,allowed,contains,contained,10
allows,allowed,continues,continued,10
allows,allowed,creates,created,10
allows,allowed,decides,decided,10
allows,allowed,describes,described,10
allows,allowed,develops,developed,10
allows,allowed,establishes,established,10
allows,allowed,expects,expected,10
allows,allowed,fails,failed,10
allows,allowed,follows,followed,10
allows,allowed,happens,happened,10
allows,allowed,hears,heard,10
allows,allowed,includes,included,10
allows,allowed,intends,intended,10
allows,allowed,introduces,introduced,10
allows,allowed,involves,involved,10
allows,allowed,locates,located,10
allows,allowed,loses,lost,10
allows,allowed,manages,managed,10
allows,allowed,marries,married,10
allows,allowed,occurs,occurred,10
allows,allowed,operates,operated,10
allows,allowed,performs,performed,10
allows,allowed,proposes,proposed,10
allows,allowed,provides,provided,10
allows,allowed,publishes,published,10
allows,allowed,receives,received,10
allows,allowed,refers,referred,10
allows,allowed,relates,related,10
allows,allowed,remains,remained,10
allows,allowed,replaces,replaced,10
allows,allowed,represents,represented,10
allows,allowed,requires,required,10
allows,allowed,seems,seemed,10
allows,allowed,sends,sent,10
allows,allowed,spends,spent,10
allows,allowed,suggests,suggested,10
allows,allowed,tells,told,10
announces,announced,appears,appeared,10
announces,announced,applies,applied,10
announces,announced,appoints,appointed,10
announces,announced,asks,asked,10
announces,announced,becomes,became,10
announces,announced,believes,believed,10
announces,announced,considers,considered,10
announces,announced,consists,consisted,10
announces,announced,contains,contained,10
announces,announced,continues,continued,10
announces,announced,creates,created,10
announces,announced,decides,decided,10
announces,announced,describes,described,10
announces,announced,develops,developed,10
announces,announced,establishes,established,10
announces,announced,expects,expected,10
announces,announced,fails,failed,10
announces,announced,follows,followed,10
announces,announced,happens,happened,10
announces,announced,hears,heard,10
announces,announced,includes,included,10
announces,announced,intends,intended,10
announces,announced,introduces,introduced,10
announces,announced,involves,involved,10
announces,announced,locates,located,10
announces,announced,loses,lost,10
announces,announced,manages,managed,10
announces,announced,marries,married,10
announces,announced,occurs,occurred,10
announces,announced,operates,operated,10
announces,announced,performs,performed,10
announces,announced,proposes,proposed,10
announces,announced,provides,provided,10
announces,announced,publishes,published,10
announces,announced,receives,received,10
announces,announced,refers,referred,10
announces,announced,relates,related,10
announces,announced,remains,remained,10
announces,announced,replaces,replaced,10
announces,announced,represents,represented,10
announces,announced,requires,required,10
announces,announced,seems,seemed,10
announces,announced,sends,sent,10
announces,announced,spends,spent,10
announces,announced,suggests,suggested,10
announces,announced,tells,told,10
appears,appeared,applies,applied,10
appears,appeared,appoints,appointed,10
appears,appeared,asks,asked,10
appears,appeared,becomes,became,10
appears,appeared,believes,believed,10
appears,appeared,considers,considered,10
appears,appeared,consists,consisted,10
appears,appeared,contains,contained,10
appears,appeared,continues,continued,10
appears,appeared,creates,created,10
appears,appeared,decides,decided,10
appears,appeared,describes,described,10
appears,appeared,develops,developed,10
appears,appeared,establishes,established,10
appears,appeared,expects,expected,10
appears,appeared,fails,failed,10
appears,appeared,follows,followed,10
appears,appeared,happens,happened,10
appears,appeared,hears,heard,10
appears,appeared,includes,included,10
appears,appeared,intends,intended,10
appears,appeared,introduces,introduced,10
appears,appeared,involves,involved,10
appears,appeared,locates,located,10
appears,appeared,loses,lost,10
appears,appeared,manages,managed,10
appears,appeared,marries,married,10
appears,appeared,occurs,occurred,10
appears,appeared,operates,operated,10
appears,appeared,performs,performed,10
appears,appeared,proposes,proposed,10
appears,appeared,provides,provided,10
appears,appeared,publishes,published,10
appears,appeared,receives,received,10
appears,appeared,refers,referred,10
appears,appeared,relates,related,10
appears,appeared,remains,remained,10
appears,appeared,replaces,replaced,10
appears,appeared,represents,represented,10
appears,appeared,requires,required,10
appears,appeared,seems,seemed,10
appears,appeared,sends,sent,10
appears,appeared,spends,spent,10
appears,appeared,suggests,suggested,10
appears,appeared,tells,told,10
applies,applied,appoints,appointed,10
applies,applied,asks,asked,10
applies,applied,becomes,became,10
applies,applied,believes,believed,10
applies,applied,considers,considered,10
applies,applied,consists,consisted,10
applies,applied,contains,contained,10
applies,applied,continues,continued,10
applies,applied,creates,created,10
applies,applied,decides,decided,10
applies,applied,describes,described,10
applies,applied,develops,developed,10
applies,applied,establishes,established,10
applies,applied,expects,expected,10
applies,applied,fails,failed,10
applies,applied,follows,followed,10
applies,applied,happens,happened,10
applies,applied,hears,heard,10
applies,applied,includes,included,10
applies,applied,intends,intended,10
applies,applied,introduces,introduced,10
applies,applied,involves,involved,10
applies,applied,locates,located,10
applies,applied,loses,lost,10
applies,applied,manages,managed,10
applies,applied,marries,married,10
applies,applied,occurs,occurred,10
applies,applied,operates,operated,10
applies,applied,performs,performed,10
applies,applied,proposes,proposed,10
applies,applied,provides,provided,10
applies,applied,publishes,published,10
applies,applied,receives,received,10
applies,applied,refers,referred,10
applies,applied,relates,related,10
applies,applied,remains,remained,10
applies,applied,replaces,replaced,10
applies,applied,represents,represented,10
applies,applied,requires,required,10
applies,applied,seems,seemed,10
applies,applied,sends,sent,10
applies,applied,spends,spent,10
applies,applied,suggests,suggested,10
applies,applied,tells,told,10
appoints,appointed,asks,asked,10
appoints,appointed,becomes,became,10
appoints,appointed,believes,believed,10
appoints,appointed,considers,considered,10
appoints,appointed,consists,consisted,10
appoints,appointed,contains,contained,10
appoints,appointed,continues,continued,10
appoints,appointed,creates,created,10
appoints,appointed,decides,decided,10
appoints,appointed,describes,described,10
appoints,appointed,develops,developed,10
appoints,appointed,establishes,established,10
appoints,appointed,expects,expected,10
appoints,appointed,fails,failed,10
appoints,appointed,follows,followed,10
appoints,appointed,happens,happened,10
appoints,appointed,hears,heard,10
appoints,appointed,includes,included,10
appoints,appointed,intends,intended,10
appoints,appointed,introduces,introduced,10
appoints,appointed,involves,involved,10
appoints,appointed,locates,located,10
appoints,appointed,loses,lost,10
appoints,appointed,manages,managed,10
appoints,appointed,marries,married,10
appoints,appointed,occurs,occurred,10
appoints,appointed,operates,operated,10
appoints,appointed,performs,performed,10
appoints,appointed,proposes,proposed,10
appoints,appointed,provides,provided,10
appoints,appointed,publishes,published,10
appoints,appointed,receives,received,10
appoints,appointed,refers,referred,10
appoints,appointed,relates,related,10
appoints,appointed,remains,remained,10
appoints,appointed,replaces,replaced,10
appoints,appointed,represents,represented,10
appoints,appointed,requires,required,10
appoints,appointed,seems,seemed,10
appoints,appointed,sends,sent,10
appoints,appointed,spends,spent,10
appoints,appointed,suggests,suggested,10
appoints,appointed,tells,told,10
asks,asked,becomes,became,10
asks,asked,believes,believed,10
asks,asked,considers,considered,10
asks,asked,consists,consisted,10
asks,asked,contains,contained,10
asks,asked,continues,continued,10
asks,asked,creates,created,10
asks,asked,decides,decided,10
asks,asked,describes,described,10
asks,asked,develops,developed,10
asks,asked,establishes,established,10
asks,asked,expects,expected,10
asks,asked,fails,failed,10
asks,asked,follows,followed,10
asks,asked,happens,happened,10
asks,asked,hears,heard,10
asks,asked,includes,included,10
asks,asked,intends,intended,10
asks,asked,introduces,introduced,10
asks,asked,involves,involved,10
asks,asked,locates,located,10
asks,asked,loses,lost,10
asks,asked,manages,managed,10
asks,asked,marries,married,10
asks,asked,occurs,occurred,10
asks,asked,operates,operated,10
asks,asked,performs,performed,10
asks,asked,proposes,proposed,10
asks,asked,provides,provided,10
asks,asked,publishes,published,10
asks,asked,receives,received,10
asks,asked,refers,referred,10
asks,asked,relates,related,10
asks,asked,remains,remained,10
asks,asked,replaces,replaced,10
asks,asked,represents,represented,10
asks,asked,requires,required,10
asks,asked,seems,seemed,10
asks,asked,sends,sent,10
asks,asked,spends,spent,10
asks,asked,suggests,suggested,10
asks,asked,tells,told,10
becomes,became,believes,believed,10
becomes,became,considers,considered,10
becomes,became,consists,consisted,10
becomes,became,contains,contained,10
becomes,became,continues,continued,10
becomes,became,creates,created,10
becomes,became,decides,decided,10
becomes,became,describes,described,10
becomes,became,develops,developed,10
becomes,became,establishes,established,10
becomes,became,expects,expected,10
becomes,became,fails,failed,10
becomes,became,follows,followed,10
becomes,became,happens,happened,10
becomes,became,hears,heard,10
becomes,became,includes,included,10
becomes,became,intends,intended,10
becomes,became,introduces,introduced,10
becomes,became,involves,involved,10
becomes,became,locates,located,10
becomes,became,loses,lost,10
becomes,became,manages,managed,10
becomes,became,marries,married,10
becomes,became,occurs,occurred,10
becomes,became,operates,operated,10
becomes,became,performs,performed,10
becomes,became,proposes,proposed,10
becomes,became,provides,provided,10
becomes,became,publishes,published,10
becomes,became,receives,received,10
becomes,became,refers,referred,10
becomes,became,relates,related,10
becomes,became,remains,remained,10
becomes,became,replaces,replaced,10
becomes,became,represents,represented,10
becomes,became,requires,required,10
becomes,became,seems,seemed,10
becomes,became,sends,sent,10
becomes,became,spends,spent,10
becomes,became,suggests,suggested,10
becomes,became,tells,told,10
believes,believed,considers,considered,10
believes,believed,consists,consisted,10
believes,believed,contains,contained,10
believes,believed,continues,continued,10
believes,believed,creates,created,10
believes,believed,decides,decided,10
believes,believed,describes,described,10
believes,believed,develops,developed,10
believes,believed,establishes,established,10
believes,believed,expects,expected,10
believes,believed,fails,failed,10
believes,believed,follows,followed,10
believes,believed,happens,happened,10
believes,believed,hears,heard,10
believes,believed,includes,included,10
believes,believed,intends,intended,10
believes,believed,introduces,introduced,10
believes,believed,involves,involved,10
believes,believed,locates,located,10
believes,believed,loses,lost,10
believes,believed,manages,managed,10
believes,believed,marries,married,10
believes,believed,occurs,occurred,10
believes,believed,operates,operated,10
believes,believed,performs,performed,10
believes,believed,proposes,proposed,10
believes,believed,provides,provided,10
believes,believed,publishes,published,10
believes,believed,receives,received,10
believes,believed,refers,referred,10
believes,believed,relates,related,10
believes,believed,remains,remained,10
believes,believed,replaces,replaced,10
believes,believed,represents,represented,10
believes,believed,requires,required,10
believes,believed,seems,seemed,10
believes,believed,sends,sent,10
believes,believed,spends,spent,10
believes,believed,suggests,suggested,10
believes,believed,tells,told,10
considers,considered,consists,consisted,10
considers,considered,contains,contained,10
considers,considered,continues,continued,10
considers,considered,creates,created,10
considers,considered,decides,decided,10
considers,considered,describes,described,10
considers,considered,develops,developed,10
considers,considered,establishes,established,10
considers,considered,expects,expected,10
considers,considered,fails,failed,10
considers,considered,follows,followed,10
considers,considered,happens,happened,10
considers,considered,hears,heard,10
considers,considered,includes,included,10
considers,considered,intends,intended,10
considers,considered,introduces,introduced,10
considers,considered,involves,involved,10
considers,considered,locates,located,10
considers,considered,loses,lost,10
considers,considered,manages,managed,10
considers,considered,marries,married,10
considers,considered,occurs,occurred,10
considers,considered,operates,operated,10
considers,considered,performs,performed,10
considers,considered,proposes,proposed,10
considers,considered,provides,provided,10
considers,considered,publishes,published,10
considers,considered,receives,received,10
considers,considered,refers,referred,10
considers,considered,relates,related,10
considers,considered,remains,remained,10
considers,considered,replaces,replaced,10
considers,considered,represents,represented,10
considers,considered,requires,required,10
considers,considered,seems,seemed,10
considers,considered,sends,sent,10
considers,considered,spends,spent,10
considers,considered,suggests,suggested,10
considers,considered,tells,told,10
consists,consisted,contains,contained,10
consists,consisted,continues,continued,10
consists,consisted,creates,created,10
consists,consisted,decides,decided,10
consists,consisted,describes,described,10
consists,consisted,develops,developed,10
consists,consisted,establishes,established,10
consists,consisted,expects,expected,10
consists,consisted,fails,failed,10
consists,consisted,follows,followed,10
consists,consisted,happens,happened,10
consists,consisted,hears,heard,10
consists,consisted,includes,included,10
consists,consisted,intends,intended,10
consists,consisted,introduces,introduced,10
consists,consisted,involves,involved,10
consists,consisted,locates,located,10
consists,consisted,loses,lost,10
consists,consisted,manages,managed,10
consists,consisted,marries,married,10
consists,consisted,occurs,occurred,10
consists,consisted,operates,operated,10
consists,consisted,performs,performed,10
consists,consisted,proposes,proposed,10
consists,consisted,provides,provided,10
consists,consisted,publishes,published,10
consists,consisted,receives,received,10
consists,consisted,refers,referred,10
consists,consisted,relates,related,10
consists,consisted,remains,remained,10
consists,consisted,replaces,replaced,10
consists,consisted,represents,represented,10
consists,consisted,requires,required,10
consists,consisted,seems,seemed,10
consists,consisted,sends,sent,10
consists,consisted,spends,spent,10
consists,consisted,suggests,suggested,10
consists,consisted,tells,told,10
contains,contained,continues,continued,10
contains,contained,creates,created,10
contains,contained,decides,decided,10
contains,contained,describes,described,10
contains,contained,develops,developed,10
contains,contained,establishes,established,10
contains,contained,expects,expected,10
contains,contained,fails,failed,10
contains,contained,follows,followed,10
contains,contained,happens,happened,10
contains,contained,hears,heard,10
contains,contained,includes,included,10
contains,contained,intends,intended,10
contains,contained,introduces,introduced,10
contains,contained,involves,involved,10
contains,contained,locates,located,10
contains,contained,loses,lost,10
contains,contained,manages,managed,10
contains,contained,marries,married,10
contains,contained,occurs,occurred,10
contains,contained,operates,operated,10
contains,contained,performs,performed,10
contains,contained,proposes,proposed,10
contains,contained,provides,provided,10
contains,contained,publishes,published,10
contains,contained,receives,received,10
contains,contained,refers,referred,10
contains,contained,relates,related,10
contains,contained,remains,remained,10
contains,contained,replaces,replaced,10
contains,contained,represents,represented,10
contains,contained,requires,required,10
contains,contained,seems,seemed,10
contains,contained,sends,sent,10
contains,contained,spends,spent,10
contains,contained,suggests,suggested,10
contains,contained,tells,told,10
continues,continued,creates,created,10
continues,continued,decides,decided,10
continues,continued,describes,described,10
continues,continued,develops,developed,10
continues,continued,establishes,established,10
continues,continued,expects,expected,10
continues,continued,fails,failed,10
continues,continued,follows,followed,10
continues,continued,happens,happened,10
continues,continued,hears,heard,10
continues,continued,includes,included,10
continues,continued,intends,intended,10
continues,continued,introduces,introduced,10
continues,continued,involves,involved,10
continues,continued,locates,located,10
continues,continued,loses,lost,10
continues,continued,manages,managed,10
continues,continued,marries,married,10
continues,continued,occurs,occurred,10
continues,continued,operates,operated,10
continues,continued,performs,performed,10
continues,continued,proposes,proposed,10
continues,continued,provides,provided,10
continues,continued,publishes,published,10
continues,continued,receives,received,10
continues,continued,refers,referred,10
continues,continued,relates,related,10
continues,continued,remains,remained,10
continues,continued,replaces,replaced,10
continues,continued,represents,represented,10
continues,continued,requires,required,10
continues,continued,seems,seemed,10
continues,continued,sends,sent,10
continues,continued,spends,spent,10
continues,continued,suggests,suggested,10
continues,continued,tells,told,10
creates,created,decides,decided,10
creates,created,describes,described,10
creates,created,develops,developed,10
creates,created,establishes,established,10
creates,created,expects,expected,10
creates,created,fails,failed,10
creates,created,follows,followed,10
creates,created,happens,happened,10
creates,created,hears,heard,10
creates,created,includes,included,10
creates,created,intends,intended,10
creates,created,introduces,introduced,10
creates,created,involves,involved,10
creates,created,locates,located,10
creates,created,loses,lost,10
creates,created,manages,managed,10
creates,created,marries,married,10
creates,created,occurs,occurred,10
creates,created,operates,operated,10
creates,created,performs,performed,10
creates,created,proposes,proposed,10
creates,created,provides,provided,10
creates,created,publishes,published,10
creates,created,receives,received,10
creates,created,refers,referred,10
creates,created,relates,related,10
creates,created,remains,remained,10
creates,created,replaces,replaced,10
creates,created,represents,represented,10
creates,created,requires,required,10
creates,created,seems,seemed,10
creates,created,sends,sent,10
creates,created,spends,spent,10
creates,created,suggests,suggested,10
creates,created,tells,told,10
decides,decided,describes,described,10
decides,decided,develops,developed,10
decides,decided,establishes,established,10
decides,decided,expects,expected,10
decides,decided,fails,failed,10
decides,decided,follows,followed,10
decides,decided,happens,happened,10
decides,decided,hears,heard,10
decides,decided,includes,included,10
decides,decided,intends,intended,10
decides,decided,introduces,introduced,10
decides,decided,involves,involved,10
decides,decided,locates,located,10
decides,decided,loses,lost,10
decides,decided,manages,managed,10
decides,decided,marries,married,10
decides,decided,occurs,occurred,10
decides,decided,operates,operated,10
decides,decided,performs,performed,10
decides,decided,proposes,proposed,10
decides,decided,provides,provided,10
decides,decided,publishes,published,10
decides,decided,receives,received,10
decides,decided,refers,referred,10
decides,decided,relates,related,10
decides,decided,remains,remained,10
decides,decided,replaces,replaced,10
decides,decided,represents,represented,10
decides,decided,requires,required,10
decides,decided,seems,seemed,10
decides,decided,sends,sent,10
decides,decided,spends,spent,10
decides,decided,suggests,suggested,10
decides,decided,tells,told,10
describes,described,develops,developed,10
describes,described,establishes,established,10
describes,described,expects,expected,10
describes,described,fails,failed,10
describes,described,follows,followed,10
describes,described,happens,happened,10
describes,described,hears,heard,10
describes,described,includes,included,10
describes,described,intends,intended,10
describes,described,introduces,introduced,10
describes,described,involves,involved,10
describes,described,locates,located,10
describes,described,loses,lost,10
describes,described,manages,managed,10
describes,described,marries,married,10
describes,described,occurs,occurred,10
describes,described,operates,operated,10
describes,described,performs,performed,10
describes,described,proposes,proposed,10
describes,described,provides,provided,10
describes,described,publishes,published,10
describes,described,receives,received,10
describes,described,refers,referred,10
describes,described,relates,related,10
describes,described,remains,remained,10
describes,described,replaces,replaced,10
describes,described,represents,represented,10
describes,described,requires,required,10
describes,described,seems,seemed,10
describes,described,sends,sent,10
describes,described,spends,spent,10
describes,described,suggests,suggested,10
describes,described,tells,told,10
develops,developed,establishes,established,10
develops,developed,expects,expected,10
develops,developed,fails,failed,10
develops,developed,follows,followed,10
develops,developed,happens,happened,10
develops,developed,hears,heard,10
develops,developed,includes,included,10
develops,developed,intends,intended,10
develops,developed,introduces,introduced,10
develops,developed,involves,involved,10
develops,developed,locates,located,10
develops,developed,loses,lost,10
develops,developed,manages,managed,10
develops,developed,marries,married,10
develops,developed,occurs,occurred,10
develops,developed,operates,operated,10
develops,developed,performs,performed,10
develops,developed,proposes,proposed,10
develops,developed,provides,provided,10
develops,developed,publishes,published,10
develops,developed,receives,received,10
develops,developed,refers,referred,10
develops,developed,relates,related,10
develops,developed,remains,remained,10
develops,developed,replaces,replaced,10
develops,developed,represents,represented,10
develops,developed,requires,required,10
develops,developed,seems,seemed,10
develops,developed,sends,sent,10
develops,developed,spends,spent,10
develops,developed,suggests,suggested,10
develops,developed,tells,told,10
establishes,established,expects,expected,10
establishes,established,fails,failed,10
establishes,established,follows,followed,10
establishes,established,happens,happened,10
establishes,established,hears,heard,10
establishes,established,includes,included,10
establishes,established,intends,intended,10
establishes,established,introduces,introduced,10
establishes,established,involves,involved,10
establishes,established,locates,located,10
establishes,established,loses,lost,10
establishes,established,manages,managed,10
establishes,established,marries,married,10
establishes,established,occurs,occurred,10
establishes,established,operates,operated,10
establishes,established,performs,performed,10
establishes,established,proposes,proposed,10
establishes,established,provides,provided,10
establishes,established,publishes,published,10
establishes,established,receives,received,10
establishes,established,refers,referred,10
establishes,established,relates,related,10
establishes,established,remains,remained,10
establishes,established,replaces,replaced,10
establishes,established,represents,represented,10
establishes,established,requires,required,10
establishes,established,seems,seemed,10
establishes,established,sends,sent,10
establishes,established,spends,spent,10
establishes,established,suggests,suggested,10
establishes,established,tells,told,10
expects,expected,fails,failed,10
expects,expected,follows,followed,10
expects,expected,happens,happened,10
expects,expected,hears,heard,10
expects,expected,includes,included,10
expects,expected,intends,intended,10
expects,expected,introduces,introduced,10
expects,expected,involves,involved,10
expects,expected,locates,located,10
expects,expected,loses,lost,10
expects,expected,manages,managed,10
expects,expected,marries,married,10
expects,expected,occurs,occurred,10
expects,expected,operates,operated,10
expects,expected,performs,performed,10
expects,expected,proposes,proposed,10
expects,expected,provides,provided,10
expects,expected,publishes,published,10
expects,expected,receives,received,10
expects,expected,refers,referred,10
expects,expected,relates,related,10
expects,expected,remains,remained,10
expects,expected,replaces,replaced,10
expects,expected,represents,represented,10
expects,expected,requires,required,10
expects,expected,seems,seemed,10
expects,expected,sends,sent,10
expects,expected,spends,spent,10
expects,expected,suggests,suggested,10
expects,expected,tells,told,10
fails,failed,follows,followed,10
fails,failed,happens,happened,10
fails,failed,hears,heard,10
fails,failed,includes,included,10
fails,failed,intends,intended,10
fails,failed,introduces,introduced,10
fails,failed,involves,involved,10
fails,failed,locates,located,10
fails,failed,loses,lost,10
fails,failed,manages,managed,10
fails,failed,marries,married,10
fails,failed,occurs,occurred,10
fails,failed,operates,operated,10
fails,failed,performs,performed,10
fails,failed,proposes,proposed,10
fails,failed,provides,provided,10
fails,failed,publishes,published,10
fails,failed,receives,received,10
fails,failed,refers,referred,10
fails,failed,relates,related,10
fails,failed,remains,remained,10
fails,failed,replaces,replaced,10
fails,failed,represents,represented,10
fails,failed,requires,required,10
fails,failed,seems,seemed,10
fails,failed,sends,sent,10
fails,failed,spends,spent,10
fails,failed,suggests,suggested,10
fails,failed,tells,told,10
follows,followed,happens,happened,10
follows,followed,hears,heard,10
follows,followed,includes,included,10
follows,followed,intends,intended,10
follows,followed,introduces,introduced,10
follows,followed,involves,involved,10
follows,followed,locates,located,10
follows,followed,loses,lost,10
follows,followed,manages,managed,10
follows,followed,marries,married,10
follows,followed,occurs,occurred,10
follows,followed,operates,operated,10
follows,followed,performs,performed,10
follows,followed,proposes,proposed,10
follows,followed,provides,provided,10
follows,followed,publishes,published,10
follows,followed,receives,received,10
follows,followed,refers,referred,10
follows,followed,relates,related,10
follows,followed,remains,remained,10
follows,followed,replaces,replaced,10
follows,followed,represents,represented,10
follows,followed,requires,required,10
follows,followed,seems,seemed,10
follows,followed,sends,sent,10
follows,followed,spends,spent,10
follows,followed,suggests,suggested,10
follows,followed,tells,told,10
happens,happened,hears,heard,10
happens,happened,includes,included,10
happens,happened,intends,intended,10
happens,happened,introduces,introduced,10
happens,happened,involves,involved,10
happens,happened,locates,located,10
happens,happened,loses,lost,10
happens,happened,manages,managed,10
happens,happened,marries,married,10
happens,happened,occurs,occurred,10
happens,happened,operates,operated,10
happens,happened,performs,performed,10
happens,happened,proposes,proposed,10
happens,happened,provides,provided,10
happens,happened,publishes,published,10
happens,happened,receives,received,10
happens,happened,refers,referred,10
happens,happened,relates,related,10
happens,happened,remains,remained,10
happens,happened,replaces,replaced,10
happens,happened,represents,represented,10
happens,happened,requires,required,10
happens,happened,seems,seemed,10
happens,happened,sends,sent,10
happens,happened,spends,spent,10
happens,happened,suggests,suggested,10
happens,happened,tells,told,10
hears,heard,includes,included,10
hears,heard,intends,intended,10
hears,heard,introduces,introduced,10
hears,heard,involves,involved,10
hears,heard,locates,located,10
hears,heard,loses,lost,10
hears,heard,manages,managed,10
hears,heard,marries,married,10
hears,heard,occurs,occurred,10
hears,heard,operates,operated,10
hears,heard,performs,performed,10
hears,heard,proposes,proposed,10
hears,heard,provides,provided,10
hears,heard,publishes,published,10
hears,heard,receives,received,10
hears,heard,refers,referred,10
hears,heard,relates,related,10
hears,heard,remains,remained,10
hears,heard,replaces,replaced,10
hears,heard,represents,represented,10
hears,heard,requires,required,10
hears,heard,seems,seemed,10
hears,heard,sends,sent,10
hears,heard,spends,spent,10
hears,heard,suggests,suggested,10
hears,heard,tells,told,10
includes,included,intends,intended,10
includes,included,introduces,introduced,10
includes,included,involves,involved,10
includes,included,locates,located,10
includes,included,loses,lost,10
includes,included,manages,managed,10
includes,included,marries,married,10
includes,included,occurs,occurred,10
includes,included,operates,operated,10
includes,included,performs,performed,10
includes,included,proposes,proposed,10
includes,included,provides,provided,10
includes,included,publishes,published,10
includes,included,receives,received,10
includes,included,refers,referred,10
includes,included,relates,related,10
includes,included,remains,remained,10
includes,included,replaces,replaced,10
includes,included,represents,represented,10
includes,included,requires,required,10
includes,included,seems,seemed,10
includes,included,sends,sent,10
includes,included,spends,spent,10
includes,included,suggests,suggested,10
includes,included,tells,told,10
intends,intended,introduces,introduced,10
intends,intended,involves,involved,10
intends,intended,locates,located,10
intends,intended,loses,lost,10
intends,intended,manages,managed,10
intends,intended,marries,married,10
intends,intended,occurs,occurred,10
intends,intended,operates,operated,10
intends,intended,performs,performed,10
intends,intended,proposes,proposed,10
intends,intended,provides,provided,10
intends,intended,publishes,published,10
intends,intended,receives,received,10
intends,intended,refers,referred,10
intends,intended,relates,related,10
intends,intended,remains,remained,10
intends,intended,replaces,replaced,10
intends,intended,represents,represented,10
intends,intended,requires,required,10
intends,intended,seems,seemed,10
intends,intended,sends,sent,10
intends,intended,spends,spent,10
intends,intended,suggests,suggested,10
intends,intended,tells,told,10
introduces,introduced,involves,involved,10
introduces,introduced,locates,located,10
introduces,introduced,loses,lost,10
introduces,introduced,manages,managed,10
introduces,introduced,marries,married,10
introduces,introduced,occurs,occurred,10
introduces,introduced,operates,operated,10
introduces,introduced,performs,performed,10
introduces,introduced,proposes,proposed,10
introduces,introduced,provides,provided,10
introduces,introduced,publishes,published,10
introduces,introduced,receives,received,10
introduces,introduced,refers,referred,10
introduces,introduced,relates,related,10
introduces,introduced,remains,remained,10
introduces,introduced,replaces,replaced,10
introduces,introduced,represents,represented,10
introduces,introduced,requires,required,10
introduces,introduced,seems,seemed,10
introduces,introduced,sends,sent,10
introduces,introduced,spends,spent,10
introduces,introduced,suggests,suggested,10
introduces,introduced,tells,told,10
involves,involved,locates,located,10
involves,involved,loses,lost,10
involves,involved,manages,managed,10
involves,involved,marries,married,10
involves,involved,occurs,occurred,10
involves,involved,operates,operated,10
involves,involved,performs,performed,10
involves,involved,proposes,proposed,10
involves,involved,provides,provided,10
involves,involved,publishes,published,10
involves,involved,receives,received,10
involves,involved,refers,referred,10
involves,involved,relates,related,10
involves,involved,remains,remained,10
involves,involved,replaces,replaced,10
involves,involved,represents,represented,10
involves,involved,requires,required,10
involves,involved,seems,seemed,10
involves,involved,sends,sent,10
involves,involved,spends,spent,10
involves,involved,suggests,suggested,10
involves,involved,tells,told,10
locates,located,loses,lost,10
locates,located,manages,managed,10
locates,located,marries,married,10
locates,located,occurs,occurred,10
locates,located,operates,operated,10
locates,located,performs,performed,10
locates,located,proposes,proposed,10
locates,located,provides,provided,10
locates,located,publishes,published,10
locates,located,receives,received,10
locates,located,refers,referred,10
locates,located,relates,related,10
locates,located,remains,remained,10
locates,located,replaces,replaced,10
locates,located,represents,represented,10
locates,located,requires,required,10
locates,located,seems,seemed,10
locates,located,sends,sent,10
locates,located,spends,spent,10
locates,located,suggests,suggested,10
locates,located,tells,told,10
loses,lost,manages,managed,10
loses,lost,marries,married,10
loses,lost,occurs,occurred,10
loses,lost,operates,operated,10
loses,lost,performs,performed,10
loses,lost,proposes,proposed,10
loses,lost,provides,provided,10
loses,lost,publishes,published,10
loses,lost,receives,received,10
loses,lost,refers,referred,10
loses,lost,relates,related,10
loses,lost,remains,remained,10
loses,lost,replaces,replaced,10
loses,lost,represents,represented,10
loses,lost,requires,required,10
loses,lost,seems,seemed,10
loses,lost,sends,sent,10
loses,lost,spends,spent,10
loses,lost,suggests,suggested,10
loses,lost,tells,told,10
manages,managed,marries,married,10
manages,managed,occurs,occurred,10
manages,managed,operates,operated,10
manages,managed,performs,performed,10
manages,managed,proposes,proposed,10
manages,managed,provides,provided,10
manages,managed,publishes,published,10
manages,managed,receives,received,10
manages,managed,refers,referred,10
manages,managed,relates,related,10
manages,managed,remains,remained,10
manages,managed,replaces,replaced,10
manages,managed,represents,represented,10
manages,managed,requires,required,10
manages,managed,seems,seemed,10
manages,managed,sends,sent,10
manages,managed,spends,spent,10
manages,managed,suggests,suggested,10
manages,managed,tells,told,10
marries,married,occurs,occurred,10
marries,married,operates,operated,10
marries,married,performs,performed,10
marries,married,proposes,proposed,10
marries,married,provides,provided,10
marries,married,publishes,published,10
marries,married,receives,received,10
marries,married,refers,referred,10
marries,married,relates,related,10
marries,married,remains,remained,10
marries,married,replaces,replaced,10
marries,married,represents,represented,10
marries,married,requires,required,10
marries,married,seems,seemed,10
marries,married,sends,sent,10
marries,married,spends,spent,10
marries,married,suggests,suggested,10
marries,married,tells,told,10
occurs,occurred,operates,operated,10
occurs,occurred,performs,performed,10
occurs,occurred,proposes,proposed,10
occurs,occurred,provides,provided,10
occurs,occurred,publishes,published,10
occurs,occurred,receives,received,10
occurs,occurred,refers,referred,10
occurs,occurred,relates,related,10
occurs,occurred,remains,remained,10
occurs,occurred,replaces,replaced,10
occurs,occurred,represents,represented,10
occurs,occurred,requires,required,10
occurs,occurred,seems,seemed,10
occurs,occurred,sends,sent,10
occurs,occurred,spends,spent,10
occurs,occurred,suggests,suggested,10
occurs,occurred,tells,told,10
operates,operated,performs,performed,10
operates,operated,proposes,proposed,10
operates,operated,provides,provided,10
operates,operated,publishes,published,10
operates,operated,receives,received,10
operates,operated,refers,referred,10
operates,operated,relates,related,10
operates,operated,remains,remained,10
operates,operated,replaces,replaced,10
operates,operated,represents,represented,10
operates,operated,requires,required,10
operates,operated,seems,seemed,10
operates,operated,sends,sent,10
operates,operated,spends,spent,10
operates,operated,suggests,suggested,10
operates,operated,tells,told,10
performs,performed,proposes,proposed,10
performs,performed,provides,provided,10
performs,performed,publishes,published,10
performs,performed,receives,received,10
performs,performed,refers,referred,10
performs,performed,relates,related,10
performs,performed,remains,remained,10
performs,performed,replaces,replaced,10
performs,performed,represents,represented,10
performs,performed,requires,required,10
performs,performed,seems,seemed,10
performs,performed,sends,sent,10
performs,performed,spends,spent,10
performs,performed,suggests,suggested,10
performs,performed,tells,told,10
proposes,proposed,provides,provided,10
proposes,proposed,publishes,published,10
proposes,proposed,receives,received,10
proposes,proposed,refers,referred,10
proposes,proposed,relates,related,10
proposes,proposed,remains,remained,10
proposes,proposed,replaces,replaced,10
proposes,proposed,represents,represented,10
proposes,proposed,requires,required,10
proposes,proposed,seems,seemed,10
proposes,proposed,sends,sent,10
proposes,proposed,spends,spent,10
proposes,proposed,suggests,suggested,10
proposes,proposed,tells,told,10
provides,provided,publishes,published,10
provides,provided,receives,received,10
provides,provided,refers,referred,10
provides,provided,relates,related,10
provides,provided,remains,remained,10
provides,provided,replaces,replaced,10
provides,provided,represents,represented,10
provides,provided,requires,required,10
provides,provided,seems,seemed,10
provides,provided,sends,sent,10
provides,provided,spends,spent,10
provides,provided,suggests,suggested,10
provides,provided,tells,told,10
publishes,published,receives,received,10
publishes,published,refers,referred,10
publishes,published,relates,related,10
publishes,published,remains,remained,10
publishes,published,replaces,replaced,10
publishes,published,represents,represented,10
publishes,published,requires,required,10
publishes,published,seems,seemed,10
publishes,published,sends,sent,10
publishes,published,spends,spent,10
publishes,published,suggests,suggested,10
publishes,published,tells,told,10
receives,received,refers,referred,10
receives,received,relates,related,10
receives,received,remains,remained,10
receives,received,replaces,replaced,10
receives,received,represents,represented,10
receives,received,requires,required,10
receives,received,seems,seemed,10
receives,received,sends,sent,10
receives,received,spends,spent,10
receives,received,suggests,suggested,10
receives,received,tells,told,10
refers,referred,relates,related,10
refers,referred,remains,remained,10
refers,referred,replaces,replaced,10
refers,referred,represents,represented,10
refers,referred,requires,required,10
refers,referred,seems,seemed,10
refers,referred,sends,sent,10
refers,referred,spends,spent,10
refers,referred,suggests,suggested,10
refers,referred,tells,told,10
relates,related,remains,remained,10
relates,related,replaces,replaced,10
relates,related,represents,represented,10
relates,related,requires,required,10
relates,related,seems,seemed,10
relates,related,sends,sent,10
relates,related,spends,spent,10
relates,related,suggests,suggested,10
relates,related,tells,told,10
remains,remained,replaces,replaced,10
remains,remained,represents,represented,10
remains,remained,requires,required,10
remains,remained,seems,seemed,10
remains,remained,sends,sent,10
remains,remained,spends,spent,10
remains,remained,suggests,suggested,10
remains,remained,tells,told,10
replaces,replaced,represents,represented,10
replaces,replaced,requires,required,10
replaces,replaced,seems,seemed,10
replaces,replaced,sends,sent,10
replaces,replaced,spends,spent,10
replaces,replaced,suggests,suggested,10
replaces,replaced,tells,told,10
represents,represented,requires,required,10
represents,represented,seems,seemed,10
represents,represented,sends,sent,10
represents,represented,spends,spent,10
represents,represented,suggests,suggested,10
represents,represented,tells,told,10
requires,required,seems,seemed,10
requires,required,sends,sent,10
requires,required,spends,spent,10
requires,required,suggests,suggested,10
requires,required,tells,told,10
seems,seemed,sends,sent,10
seems,seemed,spends,spent,10
seems,seemed,suggests,suggested,10
seems,seemed,tells,told,10
sends,sent,spends,spent,10
sends,sent,suggests,suggested,10
sends,sent,tells,told,10
spends,spent,suggests,suggested,10
spends,spent,tells,told,10
suggests,suggested,tells,told,10
