armchair,chair,blender,appliance,32
armchair,chair,bracelet,jewelry,32
armchair,chair,brooch,jewelry,32
armchair,chair,cake,dessert,32
armchair,chair,computer,device,32
armchair,chair,croissant,pastry,32
armchair,chair,cup,tableware,32
armchair,chair,denim,fabric,32
armchair,chair,deodorant,toiletry,32
armchair,chair,desk,furniture,32
armchair,chair,diary,journal,32
armchair,chair,dishwasher,appliance,32
armchair,chair,dress,clothes,32
armchair,chair,fridge,appliance,32
armchair,chair,gasoline,fuel,32
armchair,chair,grapefruit,citrus,32
armchair,chair,hairnet,net,32
armchair,chair,hairpin,pin,32
armchair,chair,hamburger,sandwich,32
armchair,chair,jacket,clothes,32
armchair,chair,jeans,trousers,32
armchair,chair,juicer,utensil,32
armchair,chair,lemon,citrus,32
armchair,chair,lotion,toiletry,32
armchair,chair,mascara,makeup,32
armchair,chair,necklace,jewelry,32
armchair,chair,notebook,book,32
armchair,chair,notepad,pad,32
armchair,chair,pastry,food,32
armchair,chair,peach,fruit,32
armchair,chair,perfume,toiletry,32
armchair,chair,photo,picture,32
armchair,chair,pie,pastry,32
armchair,chair,plum,fruit,32
armchair,chair,postcard,card,32
armchair,chair,shelf,furniture,32
armchair,chair,shirt,clothes,32
armchair,chair,sidewalk,walk,32
armchair,chair,skirt,clothes,32
armchair,chair,sofa,furniture,32
armchair,chair,stapler,device,32
armchair,chair,sunscreen,cream,32
armchair,chair,sweater,clothes,32
armchair,chair,toaster,appliance,32
armchair,chair,toothbrush,brush,32
armchair,chair,tub,container,32
armchair,chair,tv,device,32
armchair,chair,vase,jar,32
armchair,chair,wristband,band,32
blender,appliance,bracelet,jewelry,32
blender,appliance,brooch,jewelry,32
blender,appliance,cake,dessert,32
blender,appliance,computer,device,32
blender,appliance,croissant,pastry,32
blender,appliance,cup,tableware,32
blender,appliance,denim,fabric,32
blender,appliance,deodorant,toiletry,32
blender,appliance,desk,furniture,32
blender,appliance,diary,journal,32
blender,appliance,dishwasher,appliance,32
blender,appliance,dress,clothes,32
blender,appliance,fridge,appliance,32
blender,appliance,gasoline,fuel,32
blender,appliance,grapefruit,citrus,32
blender,appliance,hairnet,net,32
blender,appliance,hairpin,pin,32
blender,appliance,hamburger,sandwich,32
blender,appliance,jacket,clothes,32
blender,appliance,jeans,trousers,32
blender,appliance,juicer,utensil,32
blender,appliance,lemon,citrus,32
blender,appliance,lotion,toiletry,32
blender,appliance,mascara,makeup,32
blender,appliance,necklace,jewelry,32
blender,appliance,notebook,book,32
blender,appliance,notepad,pad,32
blender,appliance,pastry,food,32
blender,appliance,peach,fruit,32
blender,appliance,perfume,toiletry,32
blender,appliance,photo,picture,32
blender,appliance,pie,pastry,32
blender,appliance,plum,fruit,32
blender,appliance,postcard,card,32
blender,appliance,shelf,furniture,32
blender,appliance,shirt,clothes,32
blender,appliance,sidewalk,walk,32
blender,appliance,skirt,clothes,32
blender,appliance,sofa,furniture,32
blender,appliance,stapler,device,32
blender,appliance,sunscreen,cream,32
blender,appliance,sweater,clothes,32
blender,appliance,toaster,appliance,32
blender,appliance,toothbrush,brush,32
blender,appliance,tub,container,32
blender,appliance,tv,device,32
blender,appliance,vase,jar,32
blender,appliance,wristband,band,32
bracelet,jewelry,brooch,jewelry,32
bracelet,jewelry,cake,dessert,32
bracelet,jewelry,computer,device,32
bracelet,jewelry,croissant,pastry,32
bracelet,jewelry,cup,tableware,32
bracelet,jewelry,denim,fabric,32
bracelet,jewelry,deodorant,toiletry,32
bracelet,jewelry,desk,furniture,32
bracelet,jewelry,diary,journal,32
bracelet,jewelry,dishwasher,appliance,32
bracelet,jewelry,dress,clothes,32
bracelet,jewelry,fridge,appliance,32
bracelet,jewelry,gasoline,fuel,32
bracelet,jewelry,grapefruit,citrus,32
bracelet,jewelry,hairnet,net,32
bracelet,jewelry,hairpin,pin,32
bracelet,jewelry,hamburger,sandwich,32
bracelet,jewelry,jacket,clothes,32
bracelet,jewelry,jeans,trousers,32
bracelet,jewelry,juicer,utensil,32
bracelet,jewelry,lemon,citrus,32
bracelet,jewelry,lotion,toiletry,32
bracelet,jewelry,mascara,makeup,32
bracelet,jewelry,necklace,jewelry,32
bracelet,jewelry,notebook,book,32
bracelet,jewelry,notepad,pad,32
bracelet,jewelry,pastry,food,32
bracelet,jewelry,peach,fruit,32
bracelet,jewelry,perfume,toiletry,32
bracelet,jewelry,photo,picture,32
bracelet,jewelry,pie,pastry,32
bracelet,jewelry,plum,fruit,32
bracelet,jewelry,postcard,card,32
bracelet,jewelry,shelf,furniture,32
bracelet,jewelry,shirt,clothes,32
bracelet,jewelry,sidewalk,walk,32
bracelet,jewelry,skirt,clothes,32
bracelet,jewelry,sofa,furniture,32
bracelet,jewelry,stapler,device,32
bracelet,jewelry,sunscreen,cream,32
bracelet,jewelry,sweater,clothes,32
bracelet,jewelry,toaster,appliance,32
bracelet,jewelry,toothbrush,brush,32
bracelet,jewelry,tub,container,32
bracelet,jewelry,tv,device,32
bracelet,jewelry,vase,jar,32
bracelet,jewelry,wristband,band,32
brooch,jewelry,cake,dessert,32
brooch,jewelry,computer,device,32
brooch,jewelry,croissant,pastry,32
brooch,jewelry,cup,tableware,32
brooch,jewelry,denim,fabric,32
brooch,jewelry,deodorant,toiletry,32
brooch,jewelry,desk,furniture,32
brooch,jewelry,diary,journal,32
brooch,jewelry,dishwasher,appliance,32
brooch,jewelry,dress,clothes,32
brooch,jewelry,fridge,appliance,32
brooch,jewelry,gasoline,fuel,32
brooch,jewelry,grapefruit,citrus,32
brooch,jewelry,hairnet,net,32
brooch,jewelry,hairpin,pin,32
brooch,jewelry,hamburger,sandwich,32
brooch,jewelry,jacket,clothes,32
brooch,jewelry,jeans,trousers,32
brooch,jewelry,juicer,utensil,32
brooch,jewelry,lemon,citrus,32
brooch,jewelry,lotion,toiletry,32
brooch,jewelry,mascara,makeup,32
brooch,jewelry,necklace,jewelry,32
brooch,jewelry,notebook,book,32
brooch,jewelry,notepad,pad,32
brooch,jewelry,pastry,food,32
brooch,jewelry,peach,fruit,32
brooch,jewelry,perfume,toiletry,32
brooch,jewelry,photo,picture,32
brooch,jewelry,pie,pastry,32
brooch,jewelry,plum,fruit,32
brooch,jewelry,postcard,card,32
brooch,jewelry,shelf,furniture,32
brooch,jewelry,shirt,clothes,32
brooch,jewelry,sidewalk,walk,32
brooch,jewelry,skirt,clothes,32
brooch,jewelry,sofa,furniture,32
brooch,jewelry,stapler,device,32
brooch,jewelry,sunscreen,cream,32
brooch,jewelry,sweater,clothes,32
brooch,jewelry,toaster,appliance,32
brooch,jewelry,toothbrush,brush,32
brooch,jewelry,tub,container,32
brooch,jewelry,tv,device,32
brooch,jewelry,vase,jar,32
brooch,jewelry,wristband,band,32
cake,dessert,computer,device,32
cake,dessert,croissant,pastry,32
cake,dessert,cup,tableware,32
cake,dessert,denim,fabric,32
cake,dessert,deodorant,toiletry,32
cake,dessert,desk,furniture,32
cake,dessert,diary,journal,32
cake,dessert,dishwasher,appliance,32
cake,dessert,dress,clothes,32
cake,dessert,fridge,appliance,32
cake,dessert,gasoline,fuel,32
cake,dessert,grapefruit,citrus,32
cake,dessert,hairnet,net,32
cake,dessert,hairpin,pin,32
cake,dessert,hamburger,sandwich,32
cake,dessert,jacket,clothes,32
cake,dessert,jeans,trousers,32
cake,dessert,juicer,utensil,32
cake,dessert,lemon,citrus,32
cake,dessert,lotion,toiletry,32
cake,dessert,mascara,makeup,32
cake,dessert,necklace,jewelry,32
cake,dessert,notebook,book,32
cake,dessert,notepad,pad,32
cake,dessert,pastry,food,32
cake,dessert,peach,fruit,32
cake,dessert,perfume,toiletry,32
cake,dessert,photo,picture,32
cake,dessert,pie,pastry,32
cake,dessert,plum,fruit,32
cake,dessert,postcard,card,32
cake,dessert,shelf,furniture,32
cake,dessert,shirt,clothes,32
cake,dessert,sidewalk,walk,32
cake,dessert,skirt,clothes,32
cake,dessert,sofa,furniture,32
cake,dessert,stapler,device,32
cake,dessert,sunscreen,cream,32
cake,dessert,sweater,clothes,32
cake,dessert,toaster,appliance,32
cake,dessert,toothbrush,brush,32
cake,dessert,tub,container,32
cake,dessert,tv,device,32
cake,dessert,vase,jar,32
cake,dessert,wristband,band,32
computer,device,croissant,pastry,32
computer,device,cup,tableware,32
computer,device,denim,fabric,32
computer,device,deodorant,toiletry,32
computer,device,desk,furniture,32
computer,device,diary,journal,32
computer,device,dishwasher,appliance,32
computer,device,dress,clothes,32
computer,device,fridge,appliance,32
computer,device,gasoline,fuel,32
computer,device,grapefruit,citrus,32
computer,device,hairnet,net,32
computer,device,hairpin,pin,32
computer,device,hamburger,sandwich,32
computer,device,jacket,clothes,32
computer,device,jeans,trousers,32
computer,device,juicer,utensil,32
computer,device,lemon,citrus,32
computer,device,lotion,toiletry,32
computer,device,mascara,makeup,32
computer,device,necklace,jewelry,32
computer,device,notebook,book,32
computer,device,notepad,pad,32
computer,device,pastry,food,32
computer,device,peach,fruit,32
computer,device,perfume,toiletry,32
computer,device,photo,picture,32
computer,device,pie,pastry,32
computer,device,plum,fruit,32
computer,device,postcard,card,32
computer,device,shelf,furniture,32
computer,device,shirt,clothes,32
computer,device,sidewalk,walk,32
computer,device,skirt,clothes,32
computer,device,sofa,furniture,32
computer,device,stapler,device,32
computer,device,sunscreen,cream,32
computer,device,sweater,clothes,32
computer,device,toaster,appliance,32
computer,device,toothbrush,brush,32
computer,device,tub,container,32
computer,device,tv,device,32
computer,device,vase,jar,32
computer,device,wristband,band,32
croissant,pastry,cup,tableware,32
croissant,pastry,denim,fabric,32
croissant,pastry,deodorant,toiletry,32
croissant,pastry,desk,furniture,32
croissant,pastry,diary,journal,32
croissant,pastry,dishwasher,appliance,32
croissant,pastry,dress,clothes,32
croissant,pastry,fridge,appliance,32
croissant,pastry,gasoline,fuel,32
croissant,pastry,grapefruit,citrus,32
croissant,pastry,hairnet,net,32
croissant,pastry,hairpin,pin,32
croissant,pastry,hamburger,sandwich,32
croissant,pastry,jacket,clothes,32
croissant,pastry,jeans,trousers,32
croissant,pastry,juicer,utensil,32
croissant,pastry,lemon,citrus,32
croissant,pastry,lotion,toiletry,32
croissant,pastry,mascara,makeup,32
croissant,pastry,necklace,jewelry,32
croissant,pastry,notebook,book,32
croissant,pastry,notepad,pad,32
croissant,pastry,pastry,food,32
croissant,pastry,peach,fruit,32
croissant,pastry,perfume,toiletry,32
croissant,pastry,photo,picture,32
croissant,pastry,pie,pastry,32
croissant,pastry,plum,fruit,32
croissant,pastry,postcard,card,32
croissant,pastry,shelf,furniture,32
croissant,pastry,shirt,clothes,32
croissant,pastry,sidewalk,walk,32
croissant,pastry,skirt,clothes,32
croissant,pastry,sofa,furniture,32
croissant,pastry,stapler,device,32
croissant,pastry,sunscreen,cream,32
croissant,pastry,sweater,clothes,32
croissant,pastry,toaster,appliance,32
croissant,pastry,toothbrush,brush,32
croissant,pastry,tub,container,32
croissant,pastry,tv,device,32
croissant,pastry,vase,jar,32
croissant,pastry,wristband,band,32
cup,tableware,denim,fabric,32
cup,tableware,deodorant,toiletry,32
cup,tableware,desk,furniture,32
cup,tableware,diary,journal,32
cup,tableware,dishwasher,appliance,32
cup,tableware,dress,clothes,32
cup,tableware,fridge,appliance,32
cup,tableware,gasoline,fuel,32
cup,tableware,grapefruit,citrus,32
cup,tableware,hairnet,net,32
cup,tableware,hairpin,pin,32
cup,tableware,hamburger,sandwich,32
cup,tableware,jacket,clothes,32
cup,tableware,jeans,trousers,32
cup,tableware,juicer,utensil,32
cup,tableware,lemon,citrus,32
cup,tableware,lotion,toiletry,32
cup,tableware,mascara,makeup,32
cup,tableware,necklace,jewelry,32
cup,tableware,notebook,book,32
cup,tableware,notepad,pad,32
cup,tableware,pastry,food,32
cup,tableware,peach,fruit,32
cup,tableware,perfume,toiletry,32
cup,tableware,photo,picture,32
cup,tableware,pie,pastry,32
cup,tableware,plum,fruit,32
cup,tableware,postcard,card,32
cup,tableware,shelf,furniture,32
cup,tableware,shirt,clothes,32
cup,tableware,sidewalk,walk,32
cup,tableware,skirt,clothes,32
cup,tableware,sofa,furniture,32
cup,tableware,stapler,device,32
cup,tableware,sunscreen,cream,32
cup,tableware,sweater,clothes,32
cup,tableware,toaster,appliance,32
cup,tableware,toothbrush,brush,32
cup,tableware,tub,container,32
cup,tableware,tv,device,32
cup,tableware,vase,jar,32
cup,tableware,wristband,band,32
denim,fabric,deodorant,toiletry,32
denim,fabric,desk,furniture,32
denim,fabric,diary,journal,32
denim,fabric,dishwasher,appliance,32
denim,fabric,dress,clothes,32
denim,fabric,fridge,appliance,32
denim,fabric,gasoline,fuel,32
denim,fabric,grapefruit,citrus,32
denim,fabric,hairnet,net,32
denim,fabric,hairpin,pin,32
denim,fabric,hamburger,sandwich,32
denim,fabric,jacket,clothes,32
denim,fabric,jeans,trousers,32
denim,fabric,juicer,utensil,32
denim,fabric,lemon,citrus,32
denim,fabric,lotion,toiletry,32
denim,fabric,mascara,makeup,32
denim,fabric,necklace,jewelry,32
denim,fabric,notebook,book,32
denim,fabric,notepad,pad,32
denim,fabric,pastry,food,32
denim,fabric,peach,fruit,32
denim,fabric,perfume,toiletry,32
denim,fabric,photo,picture,32
denim,fabric,pie,pastry,32
denim,fabric,plum,fruit,32
denim,fabric,postcard,card,32
denim,fabric,shelf,furniture,32
denim,fabric,shirt,clothes,32
denim,fabric,sidewalk,walk,32
denim,fabric,skirt,clothes,32
denim,fabric,sofa,furniture,32
denim,fabric,stapler,device,32
denim,fabric,sunscreen,cream,32
denim,fabric,sweater,clothes,32
denim,fabric,toaster,appliance,32
denim,fabric,toothbrush,brush,32
denim,fabric,tub,container,32
denim,fabric,tv,device,32
denim,fabric,vase,jar,32
denim,fabric,wristband,band,32
deodorant,toiletry,desk,furniture,32
deodorant,toiletry,diary,journal,32
deodorant,toiletry,dishwasher,appliance,32
deodorant,toiletry,dress,clothes,32
deodorant,toiletry,fridge,appliance,32
deodorant,toiletry,gasoline,fuel,32
deodorant,toiletry,grapefruit,citrus,32
deodorant,toiletry,hairnet,net,32
deodorant,toiletry,hairpin,pin,32
deodorant,toiletry,hamburger,sandwich,32
deodorant,toiletry,jacket,clothes,32
deodorant,toiletry,jeans,trousers,32
deodorant,toiletry,juicer,utensil,32
deodorant,toiletry,lemon,citrus,32
deodorant,toiletry,lotion,toiletry,32
deodorant,toiletry,mascara,makeup,32
deodorant,toiletry,necklace,jewelry,32
deodorant,toiletry,notebook,book,32
deodorant,toiletry,notepad,pad,32
deodorant,toiletry,pastry,food,32
deodorant,toiletry,peach,fruit,32
deodorant,toiletry,perfume,toiletry,32
deodorant,toiletry,photo,picture,32
deodorant,toiletry,pie,pastry,32
deodorant,toiletry,plum,fruit,32
deodorant,toiletry,postcard,card,32
deodorant,toiletry,shelf,furniture,32
deodorant,toiletry,shirt,clothes,32
deodorant,toiletry,sidewalk,walk,32
deodorant,toiletry,skirt,clothes,32
deodorant,toiletry,sofa,furniture,32
deodorant,toiletry,stapler,device,32
deodorant,toiletry,sunscreen,cream,32
deodorant,toiletry,sweater,clothes,32
deodorant,toiletry,toaster,appliance,32
deodorant,toiletry,toothbrush,brush,32
deodorant,toiletry,tub,container,32
deodorant,toiletry,tv,device,32
deodorant,toiletry,vase,jar,32
deodorant,toiletry,wristband,band,32
desk,furniture,diary,journal,32
desk,furniture,dishwasher,appliance,32
desk,furniture,dress,clothes,32
desk,furniture,fridge,appliance,32
desk,furniture,gasoline,fuel,32
desk,furniture,grapefruit,citrus,32
desk,furniture,hairnet,net,32
desk,furniture,hairpin,pin,32
desk,furniture,hamburger,sandwich,32
desk,furniture,jacket,clothes,32
desk,furniture,jeans,trousers,32
desk,furniture,juicer,utensil,32
desk,furniture,lemon,citrus,32
desk,furniture,lotion,toiletry,32
desk,furniture,mascara,makeup,32
desk,furniture,necklace,jewelry,32
desk,furniture,notebook,book,32
desk,furniture,notepad,pad,32
desk,furniture,pastry,food,32
desk,furniture,peach,fruit,32
desk,furniture,perfume,toiletry,32
desk,furniture,photo,picture,32
desk,furniture,pie,pastry,32
desk,furniture,plum,fruit,32
desk,furniture,postcard,card,32
desk,furniture,shelf,furniture,32
desk,furniture,shirt,clothes,32
desk,furniture,sidewalk,walk,32
desk,furniture,skirt,clothes,32
desk,furniture,sofa,furniture,32
desk,furniture,stapler,device,32
desk,furniture,sunscreen,cream,32
desk,furniture,sweater,clothes,32
desk,furniture,toaster,appliance,32
desk,furniture,toothbrush,brush,32
desk,furniture,tub,container,32
desk,furniture,tv,device,32
desk,furniture,vase,jar,32
desk,furniture,wristband,band,32
diary,journal,dishwasher,appliance,32
diary,journal,dress,clothes,32
diary,journal,fridge,appliance,32
diary,journal,gasoline,fuel,32
diary,journal,grapefruit,citrus,32
diary,journal,hairnet,net,32
diary,journal,hairpin,pin,32
diary,journal,hamburger,sandwich,32
diary,journal,jacket,clothes,32
diary,journal,jeans,trousers,32
diary,journal,juicer,utensil,32
diary,journal,lemon,citrus,32
diary,journal,lotion,toiletry,32
diary,journal,mascara,makeup,32
diary,journal,necklace,jewelry,32
diary,journal,notebook,book,32
diary,journal,notepad,pad,32
diary,journal,pastry,food,32
diary,journal,peach,fruit,32
diary,journal,perfume,toiletry,32
diary,journal,photo,picture,32
diary,journal,pie,pastry,32
diary,journal,plum,fruit,32
diary,journal,postcard,card,32
diary,journal,shelf,furniture,32
diary,journal,shirt,clothes,32
diary,journal,sidewalk,walk,32
diary,journal,skirt,clothes,32
diary,journal,sofa,furniture,32
diary,journal,stapler,device,32
diary,journal,sunscreen,cream,32
diary,journal,sweater,clothes,32
diary,journal,toaster,appliance,32
diary,journal,toothbrush,brush,32
diary,journal,tub,container,32
diary,journal,tv,device,32
diary,journal,vase,jar,32
diary,journal,wristband,band,32
dishwasher,appliance,dress,clothes,32
dishwasher,appliance,fridge,appliance,32
dishwasher,appliance,gasoline,fuel,32
dishwasher,appliance,grapefruit,citrus,32
dishwasher,appliance,hairnet,net,32
dishwasher,appliance,hairpin,pin,32
dishwasher,appliance,hamburger,sandwich,32
dishwasher,appliance,jacket,clothes,32
dishwasher,appliance,jeans,trousers,32
dishwasher,appliance,juicer,utensil,32
dishwasher,appliance,lemon,citrus,32
dishwasher,appliance,lotion,toiletry,32
dishwasher,appliance,mascara,makeup,32
dishwasher,appliance,necklace,jewelry,32
dishwasher,appliance,notebook,book,32
dishwasher,appliance,notepad,pad,32
dishwasher,appliance,pastry,food,32
dishwasher,appliance,peach,fruit,32
dishwasher,appliance,perfume,toiletry,32
dishwasher,appliance,photo,picture,32
dishwasher,appliance,pie,pastry,32
dishwasher,appliance,plum,fruit,32
dishwasher,appliance,postcard,card,32
dishwasher,appliance,shelf,furniture,32
dishwasher,appliance,shirt,clothes,32
dishwasher,appliance,sidewalk,walk,32
dishwasher,appliance,skirt,clothes,32
dishwasher,appliance,sofa,furniture,32
dishwasher,appliance,stapler,device,32
dishwasher,appliance,sunscreen,cream,32
dishwasher,appliance,sweater,clothes,32
dishwasher,appliance,toaster,appliance,32
dishwasher,appliance,toothbrush,brush,32
dishwasher,appliance,tub,container,32
dishwasher,appliance,tv,device,32
dishwasher,appliance,vase,jar,32
dishwasher,appliance,wristband,band,32
dress,clothes,fridge,appliance,32
dress,clothes,gasoline,fuel,32
dress,clothes,grapefruit,citrus,32
dress,clothes,hairnet,net,32
dress,clothes,hairpin,pin,32
dress,clothes,hamburger,sandwich,32
dress,clothes,jacket,clothes,32
dress,clothes,jeans,trousers,32
dress,clothes,juicer,utensil,32
dress,clothes,lemon,citrus,32
dress,clothes,lotion,toiletry,32
dress,clothes,mascara,makeup,32
dress,clothes,necklace,jewelry,32
dress,clothes,notebook,book,32
dress,clothes,notepad,pad,32
dress,clothes,pastry,food,32
dress,clothes,peach,fruit,32
dress,clothes,perfume,toiletry,32
dress,clothes,photo,picture,32
dress,clothes,pie,pastry,32
dress,clothes,plum,fruit,32
dress,clothes,postcard,card,32
dress,clothes,shelf,furniture,32
dress,clothes,shirt,clothes,32
dress,clothes,sidewalk,walk,32
dress,clothes,skirt,clothes,32
dress,clothes,sofa,furniture,32
dress,clothes,stapler,device,32
dress,clothes,sunscreen,cream,32
dress,clothes,sweater,clothes,32
dress,clothes,toaster,appliance,32
dress,clothes,toothbrush,brush,32
dress,clothes,tub,container,32
dress,clothes,tv,device,32
dress,clothes,vase,jar,32
dress,clothes,wristband,band,32
fridge,appliance,gasoline,fuel,32
fridge,appliance,grapefruit,citrus,32
fridge,appliance,hairnet,net,32
fridge,appliance,hairpin,pin,32
fridge,appliance,hamburger,sandwich,32
fridge,appliance,jacket,clothes,32
fridge,appliance,jeans,trousers,32
fridge,appliance,juicer,utensil,32
fridge,appliance,lemon,citrus,32
fridge,appliance,lotion,toiletry,32
fridge,appliance,mascara,makeup,32
fridge,appliance,necklace,jewelry,32
fridge,appliance,notebook,book,32
fridge,appliance,notepad,pad,32
fridge,appliance,pastry,food,32
fridge,appliance,peach,fruit,32
fridge,appliance,perfume,toiletry,32
fridge,appliance,photo,picture,32
fridge,appliance,pie,pastry,32
fridge,appliance,plum,fruit,32
fridge,appliance,postcard,card,32
fridge,appliance,shelf,furniture,32
fridge,appliance,shirt,clothes,32
fridge,appliance,sidewalk,walk,32
fridge,appliance,skirt,clothes,32
fridge,appliance,sofa,furniture,32
fridge,appliance,stapler,device,32
fridge,appliance,sunscreen,cream,32
fridge,appliance,sweater,clothes,32
fridge,appliance,toaster,appliance,32
fridge,appliance,toothbrush,brush,32
fridge,appliance,tub,container,32
fridge,appliance,tv,device,32
fridge,appliance,vase,jar,32
fridge,appliance,wristband,band,32
gasoline,fuel,grapefruit,citrus,32
gasoline,fuel,hairnet,net,32
gasoline,fuel,hairpin,pin,32
gasoline,fuel,hamburger,sandwich,32
gasoline,fuel,jacket,clothes,32
gasoline,fuel,jeans,trousers,32
gasoline,fuel,juicer,utensil,32
gasoline,fuel,lemon,citrus,32
gasoline,fuel,lotion,toiletry,32
gasoline,fuel,mascara,makeup,32
gasoline,fuel,necklace,jewelry,32
gasoline,fuel,notebook,book,32
gasoline,fuel,notepad,pad,32
gasoline,fuel,pastry,food,32
gasoline,fuel,peach,fruit,32
gasoline,fuel,perfume,toiletry,32
gasoline,fuel,photo,picture,32
gasoline,fuel,pie,pastry,32
gasoline,fuel,plum,fruit,32
gasoline,fuel,postcard,card,32
gasoline,fuel,shelf,furniture,32
gasoline,fuel,shirt,clothes,32
gasoline,fuel,sidewalk,walk,32
gasoline,fuel,skirt,clothes,32
gasoline,fuel,sofa,furniture,32
gasoline,fuel,stapler,device,32
gasoline,fuel,sunscreen,cream,32
gasoline,fuel,sweater,clothes,32
gasoline,fuel,toaster,appliance,32
gasoline,fuel,toothbrush,brush,32
gasoline,fuel,tub,container,32
gasoline,fuel,tv,device,32
gasoline,fuel,vase,jar,32
gasoline,fuel,wristband,band,32
grapefruit,citrus,hairnet,net,32
grapefruit,citrus,hairpin,pin,32
grapefruit,citrus,hamburger,sandwich,32
grapefruit,citrus,jacket,clothes,32
grapefruit,citrus,jeans,trousers,32
grapefruit,citrus,juicer,utensil,32
grapefruit,citrus,lemon,citrus,32
grapefruit,citrus,lotion,toiletry,32
grapefruit,citrus,mascara,makeup,32
grapefruit,citrus,necklace,jewelry,32
grapefruit,citrus,notebook,book,32
grapefruit,citrus,notepad,pad,32
grapefruit,citrus,pastry,food,32
grapefruit,citrus,peach,fruit,32
grapefruit,citrus,perfume,toiletry,32
grapefruit,citrus,photo,picture,32
grapefruit,citrus,pie,pastry,32
grapefruit,citrus,plum,fruit,32
grapefruit,citrus,postcard,card,32
grapefruit,citrus,shelf,furniture,32
grapefruit,citrus,shirt,clothes,32
grapefruit,citrus,sidewalk,walk,32
grapefruit,citrus,skirt,clothes,32
grapefruit,citrus,sofa,furniture,32
grapefruit,citrus,stapler,device,32
grapefruit,citrus,sunscreen,cream,32
grapefruit,citrus,sweater,clothes,32
grapefruit,citrus,toaster,appliance,32
grapefruit,citrus,toothbrush,brush,32
grapefruit,citrus,tub,container,32
grapefruit,citrus,tv,device,32
grapefruit,citrus,vase,jar,32
grapefruit,citrus,wristband,band,32
hairnet,net,hairpin,pin,32
hairnet,net,hamburger,sandwich,32
hairnet,net,jacket,clothes,32
hairnet,net,jeans,trousers,32
hairnet,net,juicer,utensil,32
hairnet,net,lemon,citrus,32
hairnet,net,lotion,toiletry,32
hairnet,net,mascara,makeup,32
hairnet,net,necklace,jewelry,32
hairnet,net,notebook,book,32
hairnet,net,notepad,pad,32
hairnet,net,pastry,food,32
hairnet,net,peach,fruit,32
hairnet,net,perfume,toiletry,32
hairnet,net,photo,picture,32
hairnet,net,pie,pastry,32
hairnet,net,plum,fruit,32
hairnet,net,postcard,card,32
hairnet,net,shelf,furniture,32
hairnet,net,shirt,clothes,32
hairnet,net,sidewalk,walk,32
hairnet,net,skirt,clothes,32
hairnet,net,sofa,furniture,32
hairnet,net,stapler,device,32
hairnet,net,sunscreen,cream,32
hairnet,net,sweater,clothes,32
hairnet,net,toaster,appliance,32
hairnet,net,toothbrush,brush,32
hairnet,net,tub,container,32
hairnet,net,tv,device,32
hairnet,net,vase,jar,32
hairnet,net,wristband,band,32
hairpin,pin,hamburger,sandwich,32
hairpin,pin,jacket,clothes,32
hairpin,pin,jeans,trousers,32
hairpin,pin,juicer,utensil,32
hairpin,pin,lemon,citrus,32
hairpin,pin,lotion,toiletry,32
hairpin,pin,mascara,makeup,32
hairpin,pin,necklace,jewelry,32
hairpin,pin,notebook,book,32
hairpin,pin,notepad,pad,32
hairpin,pin,pastry,food,32
hairpin,pin,peach,fruit,32
hairpin,pin,perfume,toiletry,32
hairpin,pin,photo,picture,32
hairpin,pin,pie,pastry,32
hairpin,pin,plum,fruit,32
hairpin,pin,postcard,card,32
hairpin,pin,shelf,furniture,32
hairpin,pin,shirt,clothes,32
hairpin,pin,sidewalk,walk,32
hairpin,pin,skirt,clothes,32
hairpin,pin,sofa,furniture,32
hairpin,pin,stapler,device,32
hairpin,pin,sunscreen,cream,32
hairpin,pin,sweater,clothes,32
hairpin,pin,toaster,appliance,32
hairpin,pin,toothbrush,brush,32
hairpin,pin,tub,container,32
hairpin,pin,tv,device,32
hairpin,pin,vase,jar,32
hairpin,pin,wristband,band,32
hamburger,sandwich,jacket,clothes,32
hamburger,sandwich,jeans,trousers,32
hamburger,sandwich,juicer,utensil,32
hamburger,sandwich,lemon,citrus,32
hamburger,sandwich,lotion,toiletry,32
hamburger,sandwich,mascara,makeup,32
hamburger,sandwich,necklace,jewelry,32
hamburger,sandwich,notebook,book,32
hamburger,sandwich,notepad,pad,32
hamburger,sandwich,pastry,food,32
hamburger,sandwich,peach,fruit,32
hamburger,sandwich,perfume,toiletry,32
hamburger,sandwich,photo,picture,32
hamburger,sandwich,pie,pastry,32
hamburger,sandwich,plum,fruit,32
hamburger,sandwich,postcard,card,32
hamburger,sandwich,shelf,furniture,32
hamburger,sandwich,shirt,clothes,32
hamburger,sandwich,sidewalk,walk,32
hamburger,sandwich,skirt,clothes,32
hamburger,sandwich,sofa,furniture,32
hamburger,sandwich,stapler,device,32
hamburger,sandwich,sunscreen,cream,32
hamburger,sandwich,sweater,clothes,32
hamburger,sandwich,toaster,appliance,32
hamburger,sandwich,toothbrush,brush,32
hamburger,sandwich,tub,container,32
hamburger,sandwich,tv,device,32
hamburger,sandwich,vase,jar,32
hamburger,sandwich,wristband,band,32
jacket,clothes,jeans,trousers,32
jacket,clothes,juicer,utensil,32
jacket,clothes,lemon,citrus,32
jacket,clothes,lotion,toiletry,32
jacket,clothes,mascara,makeup,32
jacket,clothes,necklace,jewelry,32
jacket,clothes,notebook,book,32
jacket,clothes,notepad,pad,32
jacket,clothes,pastry,food,32
jacket,clothes,peach,fruit,32
jacket,clothes,perfume,toiletry,32
jacket,clothes,photo,picture,32
jacket,clothes,pie,pastry,32
jacket,clothes,plum,fruit,32
jacket,clothes,postcard,card,32
jacket,clothes,shelf,furniture,32
jacket,clothes,shirt,clothes,32
jacket,clothes,sidewalk,walk,32
jacket,clothes,skirt,clothes,32
jacket,clothes,sofa,furniture,32
jacket,clothes,stapler,device,32
jacket,clothes,sunscreen,cream,32
jacket,clothes,sweater,clothes,32
jacket,clothes,toaster,appliance,32
jacket,clothes,toothbrush,brush,32
jacket,clothes,tub,container,32
jacket,clothes,tv,device,32
jacket,clothes,vase,jar,32
jacket,clothes,wristband,band,32
jeans,trousers,juicer,utensil,32
jeans,trousers,lemon,citrus,32
jeans,trousers,lotion,toiletry,32
jeans,trousers,mascara,makeup,32
jeans,trousers,necklace,jewelry,32
jeans,trousers,notebook,book,32
jeans,trousers,notepad,pad,32
jeans,trousers,pastry,food,32
jeans,trousers,peach,fruit,32
jeans,trousers,perfume,toiletry,32
jeans,trousers,photo,picture,32
jeans,trousers,pie,pastry,32
jeans,trousers,plum,fruit,32
jeans,trousers,postcard,card,32
jeans,trousers,shelf,furniture,32
jeans,trousers,shirt,clothes,32
jeans,trousers,sidewalk,walk,32
jeans,trousers,skirt,clothes,32
jeans,trousers,sofa,furniture,32
jeans,trousers,stapler,device,32
jeans,trousers,sunscreen,cream,32
jeans,trousers,sweater,clothes,32
jeans,trousers,toaster,appliance,32
jeans,trousers,toothbrush,brush,32
jeans,trousers,tub,container,32
jeans,trousers,tv,device,32
jeans,trousers,vase,jar,32
jeans,trousers,wristband,band,32
juicer,utensil,lemon,citrus,32
juicer,utensil,lotion,toiletry,32
juicer,utensil,mascara,makeup,32
juicer,utensil,necklace,jewelry,32
juicer,utensil,notebook,book,32
juicer,utensil,notepad,pad,32
juicer,utensil,pastry,food,32
juicer,utensil,peach,fruit,32
juicer,utensil,perfume,toiletry,32
juicer,utensil,photo,picture,32
juicer,utensil,pie,pastry,32
juicer,utensil,plum,fruit,32
juicer,utensil,postcard,card,32
juicer,utensil,shelf,furniture,32
juicer,utensil,shirt,clothes,32
juicer,utensil,sidewalk,walk,32
juicer,utensil,skirt,clothes,32
juicer,utensil,sofa,furniture,32
juicer,utensil,stapler,device,32
juicer,utensil,sunscreen,cream,32
juicer,utensil,sweater,clothes,32
juicer,utensil,toaster,appliance,32
juicer,utensil,toothbrush,brush,32
juicer,utensil,tub,container,32
juicer,utensil,tv,device,32
juicer,utensil,vase,jar,32
juicer,utensil,wristband,band,32
lemon,citrus,lotion,toiletry,32
lemon,citrus,mascara,makeup,32
lemon,citrus,necklace,jewelry,32
lemon,citrus,notebook,book,32
lemon,citrus,notepad,pad,32
lemon,citrus,pastry,food,32
lemon,citrus,peach,fruit,32
lemon,citrus,perfume,toiletry,32
lemon,citrus,photo,picture,32
lemon,citrus,pie,pastry,32
lemon,citrus,plum,fruit,32
lemon,citrus,postcard,card,32
lemon,citrus,shelf,furniture,32
lemon,citrus,shirt,clothes,32
lemon,citrus,sidewalk,walk,32
lemon,citrus,skirt,clothes,32
lemon,citrus,sofa,furniture,32
lemon,citrus,stapler,device,32
lemon,citrus,sunscreen,cream,32
lemon,citrus,sweater,clothes,32
lemon,citrus,toaster,appliance,32
lemon,citrus,toothbrush,brush,32
lemon,citrus,tub,container,32
lemon,citrus,tv,device,32
lemon,citrus,vase,jar,32
lemon,citrus,wristband,band,32
lotion,toiletry,mascara,makeup,32
lotion,toiletry,necklace,jewelry,32
lotion,toiletry,notebook,book,32
lotion,toiletry,notepad,pad,32
lotion,toiletry,pastry,food,32
lotion,toiletry,peach,fruit,32
lotion,toiletry,perfume,toiletry,32
lotion,toiletry,photo,picture,32
lotion,toiletry,pie,pastry,32
lotion,toiletry,plum,fruit,32
lotion,toiletry,postcard,card,32
lotion,toiletry,shelf,furniture,32
lotion,toiletry,shirt,clothes,32
lotion,toiletry,sidewalk,walk,32
lotion,toiletry,skirt,clothes,32
lotion,toiletry,sofa,furniture,32
lotion,toiletry,stapler,device,32
lotion,toiletry,sunscreen,cream,32
lotion,toiletry,sweater,clothes,32
lotion,toiletry,toaster,appliance,32
lotion,toiletry,toothbrush,brush,32
lotion,toiletry,tub,container,32
lotion,toiletry,tv,device,32
lotion,toiletry,vase,jar,32
lotion,toiletry,wristband,band,32
mascara,makeup,necklace,jewelry,32
mascara,makeup,notebook,book,32
mascara,makeup,notepad,pad,32
mascara,makeup,pastry,food,32
mascara,makeup,peach,fruit,32
mascara,makeup,perfume,toiletry,32
mascara,makeup,photo,picture,32
mascara,makeup,pie,pastry,32
mascara,makeup,plum,fruit,32
mascara,makeup,postcard,card,32
mascara,makeup,shelf,furniture,32
mascara,makeup,shirt,clothes,32
mascara,makeup,sidewalk,walk,32
mascara,makeup,skirt,clothes,32
mascara,makeup,sofa,furniture,32
mascara,makeup,stapler,device,32
mascara,makeup,sunscreen,cream,32
mascara,makeup,sweater,clothes,32
mascara,makeup,toaster,appliance,32
mascara,makeup,toothbrush,brush,32
mascara,makeup,tub,container,32
mascara,makeup,tv,device,32
mascara,makeup,vase,jar,32
mascara,makeup,wristband,band,32
necklace,jewelry,notebook,book,32
necklace,jewelry,notepad,pad,32
necklace,jewelry,pastry,food,32
necklace,jewelry,peach,fruit,32
necklace,jewelry,perfume,toiletry,32
necklace,jewelry,photo,picture,32
necklace,jewelry,pie,pastry,32
necklace,jewelry,plum,fruit,32
necklace,jewelry,postcard,card,32
necklace,jewelry,shelf,furniture,32
necklace,jewelry,shirt,clothes,32
necklace,jewelry,sidewalk,walk,32
necklace,jewelry,skirt,clothes,32
necklace,jewelry,sofa,furniture,32
necklace,jewelry,stapler,device,32
necklace,jewelry,sunscreen,cream,32
necklace,jewelry,sweater,clothes,32
necklace,jewelry,toaster,appliance,32
necklace,jewelry,toothbrush,brush,32
necklace,jewelry,tub,container,32
necklace,jewelry,tv,device,32
necklace,jewelry,vase,jar,32
necklace,jewelry,wristband,band,32
notebook,book,notepad,pad,32
notebook,book,pastry,food,32
notebook,book,peach,fruit,32
notebook,book,perfume,toiletry,32
notebook,book,photo,picture,32
notebook,book,pie,pastry,32
notebook,book,plum,fruit,32
notebook,book,postcard,card,32
notebook,book,shelf,furniture,32
notebook,book,shirt,clothes,32
notebook,book,sidewalk,walk,32
notebook,book,skirt,clothes,32
notebook,book,sofa,furniture,32
notebook,book,stapler,device,32
notebook,book,sunscreen,cream,32
notebook,book,sweater,clothes,32
notebook,book,toaster,appliance,32
notebook,book,toothbrush,brush,32
notebook,book,tub,container,32
notebook,book,tv,device,32
notebook,book,vase,jar,32
notebook,book,wristband,band,32
notepad,pad,pastry,food,32
notepad,pad,peach,fruit,32
notepad,pad,perfume,toiletry,32
notepad,pad,photo,picture,32
notepad,pad,pie,pastry,32
notepad,pad,plum,fruit,32
notepad,pad,postcard,card,32
notepad,pad,shelf,furniture,32
notepad,pad,shirt,clothes,32
notepad,pad,sidewalk,walk,32
notepad,pad,skirt,clothes,32
notepad,pad,sofa,furniture,32
notepad,pad,stapler,device,32
notepad,pad,sunscreen,cream,32
notepad,pad,sweater,clothes,32
notepad,pad,toaster,appliance,32
notepad,pad,toothbrush,brush,32
notepad,pad,tub,container,32
notepad,pad,tv,device,32
notepad,pad,vase,jar,32
notepad,pad,wristband,band,32
pastry,food,peach,fruit,32
pastry,food,perfume,toiletry,32
pastry,food,photo,picture,32
pastry,food,pie,pastry,32
pastry,food,plum,fruit,32
pastry,food,postcard,card,32
pastry,food,shelf,furniture,32
pastry,food,shirt,clothes,32
pastry,food,sidewalk,walk,32
pastry,food,skirt,clothes,32
pastry,food,sofa,furniture,32
pastry,food,stapler,device,32
pastry,food,sunscreen,cream,32
pastry,food,sweater,clothes,32
pastry,food,toaster,appliance,32
pastry,food,toothbrush,brush,32
pastry,food,tub,container,32
pastry,food,tv,device,32
pastry,food,vase,jar,32
pastry,food,wristband,band,32
peach,fruit,perfume,toiletry,32
peach,fruit,photo,picture,32
peach,fruit,pie,pastry,32
peach,fruit,plum,fruit,32
peach,fruit,postcard,card,32
peach,fruit,shelf,furniture,32
peach,fruit,shirt,clothes,32
peach,fruit,sidewalk,walk,32
peach,fruit,skirt,clothes,32
peach,fruit,sofa,furniture,32
peach,fruit,stapler,device,32
peach,fruit,sunscreen,cream,32
peach,fruit,sweater,clothes,32
peach,fruit,toaster,appliance,32
peach,fruit,toothbrush,brush,32
peach,fruit,tub,container,32
peach,fruit,tv,device,32
peach,fruit,vase,jar,32
peach,fruit,wristband,band,32
perfume,toiletry,photo,picture,32
perfume,toiletry,pie,pastry,32
perfume,toiletry,plum,fruit,32
perfume,toiletry,postcard,card,32
perfume,toiletry,shelf,furniture,32
perfume,toiletry,shirt,clothes,32
perfume,toiletry,sidewalk,walk,32
perfume,toiletry,skirt,clothes,32
perfume,toiletry,sofa,furniture,32
perfume,toiletry,stapler,device,32
perfume,toiletry,sunscreen,cream,32
perfume,toiletry,sweater,clothes,32
perfume,toiletry,toaster,appliance,32
perfume,toiletry,toothbrush,brush,32
perfume,toiletry,tub,container,32
perfume,toiletry,tv,device,32
perfume,toiletry,vase,jar,32
perfume,toiletry,wristband,band,32
photo,picture,pie,pastry,32
photo,picture,plum,fruit,32
photo,picture,postcard,card,32
photo,picture,shelf,furniture,32
photo,picture,shirt,clothes,32
photo,picture,sidewalk,walk,32
photo,picture,skirt,clothes,32
photo,picture,sofa,furniture,32
photo,picture,stapler,device,32
photo,picture,sunscreen,cream,32
photo,picture,sweater,clothes,32
photo,picture,toaster,appliance,32
photo,picture,toothbrush,brush,32
photo,picture,tub,container,32
photo,picture,tv,device,32
photo,picture,vase,jar,32
photo,picture,wristband,band,32
pie,pastry,plum,fruit,32
pie,pastry,postcard,card,32
pie,pastry,shelf,furniture,32
pie,pastry,shirt,clothes,32
pie,pastry,sidewalk,walk,32
pie,pastry,skirt,clothes,32
pie,pastry,sofa,furniture,32
pie,pastry,stapler,device,32
pie,pastry,sunscreen,cream,32
pie,pastry,sweater,clothes,32
pie,pastry,toaster,appliance,32
pie,pastry,toothbrush,brush,32
pie,pastry,tub,container,32
pie,pastry,tv,device,32
pie,pastry,vase,jar,32
pie,pastry,wristband,band,32
plum,fruit,postcard,card,32
plum,fruit,shelf,furniture,32
plum,fruit,shirt,clothes,32
plum,fruit,sidewalk,walk,32
plum,fruit,skirt,clothes,32
plum,fruit,sofa,furniture,32
plum,fruit,stapler,device,32
plum,fruit,sunscreen,cream,32
plum,fruit,sweater,clothes,32
plum,fruit,toaster,appliance,32
plum,fruit,toothbrush,brush,32
plum,fruit,tub,container,32
plum,fruit,tv,device,32
plum,fruit,vase,jar,32
plum,fruit,wristband,band,32
postcard,card,shelf,furniture,32
postcard,card,shirt,clothes,32
postcard,card,sidewalk,walk,32
postcard,card,skirt,clothes,32
postcard,card,sofa,furniture,32
postcard,card,stapler,device,32
postcard,card,sunscreen,cream,32
postcard,card,sweater,clothes,32
postcard,card,toaster,appliance,32
postcard,card,toothbrush,brush,32
postcard,card,tub,container,32
postcard,card,tv,device,32
postcard,card,vase,jar,32
postcard,card,wristband,band,32
shelf,furniture,shirt,clothes,32
shelf,furniture,sidewalk,walk,32
shelf,furniture,skirt,clothes,32
shelf,furniture,sofa,furniture,32
shelf,furniture,stapler,device,32
shelf,furniture,sunscreen,cream,32
shelf,furniture,sweater,clothes,32
shelf,furniture,toaster,appliance,32
shelf,furniture,toothbrush,brush,32
shelf,furniture,tub,container,32
shelf,furniture,tv,device,32
shelf,furniture,vase,jar,32
shelf,furniture,wristband,band,32
shirt,clothes,sidewalk,walk,32
shirt,clothes,skirt,clothes,32
shirt,clothes,sofa,furniture,32
shirt,clothes,stapler,device,32
shirt,clothes,sunscreen,cream,32
shirt,clothes,sweater,clothes,32
shirt,clothes,toaster,appliance,32
shirt,clothes,toothbrush,brush,32
shirt,clothes,tub,container,32
shirt,clothes,tv,device,32
shirt,clothes,vase,jar,32
shirt,clothes,wristband,band,32
sidewalk,walk,skirt,clothes,32
sidewalk,walk,sofa,furniture,32
sidewalk,walk,stapler,device,32
sidewalk,walk,sunscreen,cream,32
sidewalk,walk,sweater,clothes,32
sidewalk,walk,toaster,appliance,32
sidewalk,walk,toothbrush,brush,32
sidewalk,walk,tub,container,32
sidewalk,walk,tv,device,32
sidewalk,walk,vase,jar,32
sidewalk,walk,wristband,band,32
skirt,clothes,sofa,furniture,32
skirt,clothes,stapler,device,32
skirt,clothes,sunscreen,cream,32
skirt,clothes,sweater,clothes,32
skirt,clothes,toaster,appliance,32
skirt,clothes,toothbrush,brush,32
skirt,clothes,tub,container,32
skirt,clothes,tv,device,32
skirt,clothes,vase,jar,32
skirt,clothes,wristband,band,32
sofa,furniture,stapler,device,32
sofa,furniture,sunscreen,cream,32
sofa,furniture,sweater,clothes,32
sofa,furniture,toaster,appliance,32
sofa,furniture,toothbrush,brush,32
sofa,furniture,tub,container,32
sofa,furniture,tv,device,32
sofa,furniture,vase,jar,32
sofa,furniture,wristband,band,32
stapler,device,sunscreen,cream,32
stapler,device,sweater,clothes,32
stapler,device,toaster,appliance,32
stapler,device,toothbrush,brush,32
stapler,device,tub,container,32
stapler,device,tv,device,32
stapler,device,vase,jar,32
stapler,device,wristband,band,32
sunscreen,cream,sweater,clothes,32
sunscreen,cream,toaster,appliance,32
sunscreen,cream,toothbrush,brush,32
sunscreen,cream,tub,container,32
sunscreen,cream,tv,device,32
sunscreen,cream,vase,jar,32
sunscreen,cream,wristband,band,32
sweater,clothes,toaster,appliance,32
sweater,clothes,toothbrush,brush,32
sweater,clothes,tub,container,32
sweater,clothes,tv,device,32
sweater,clothes,vase,jar,32
sweater,clothes,wristband,band,32
toaster,appliance,toothbrush,brush,32
toaster,appliance,tub,container,32
toaster,appliance,tv,device,32
toaster,appliance,vase,jar,32
toaster,appliance,wristband,band,32
toothbrush,brush,tub,container,32
toothbrush,brush,tv,device,32
toothbrush,brush,vase,jar,32
toothbrush,brush,wristband,band,32
tub,container,tv,device,32
tub,container,vase,jar,32
tub,container,wristband,band,32
tv,device,vase,jar,32
tv,device,wristband,band,32
vase,jar,wristband,band,32
