bag,pouch,bed,bunk,33
bag,pouch,boat,ferry,33
bag,pouch,book,paperback,33
bag,pouch,brush,toothbrush,33
bag,pouch,burger,hamburger,33
bag,pouch,camera,camcorder,33
bag,pouch,candy,lollipop,33
bag,pouch,car,limousine,33
bag,pouch,church,chapel,33
bag,pouch,citrus,lemon,33
bag,pouch,cloud,thundercloud,33
bag,pouch,collar,choker,33
bag,pouch,color,white,33
bag,pouch,computer,laptop,33
bag,pouch,container,bag,33
bag,pouch,cookware,pot,33
bag,pouch,cup,teacup,33
bag,pouch,cushion,pincushion,33
bag,pouch,cutlery,knife,33
bag,pouch,dessert,cake,33
bag,pouch,dress,gown,33
bag,pouch,drum,tambourine,33
bag,pouch,emotion,anger,33
bag,pouch,flask,thermos,33
bag,pouch,guitar,ukulele,33
bag,pouch,gun,rifle,33
bag,pouch,jewel,diamond,33
bag,pouch,jewelry,bracelet,33
bag,pouch,mixer,blender,33
bag,pouch,month,january,33
bag,pouch,oven,broiler,33
bag,pouch,painting,watercolor,33
bag,pouch,poem,haiku,33
bag,pouch,railway,monorail,33
bag,pouch,season,spring,33
bag,pouch,seat,chair,33
bag,pouch,shelf,bookshelf,33
bag,pouch,shirt,polo,33
bag,pouch,shoes,sneakers,33
bag,pouch,sofa,divan,33
bag,pouch,song,lullaby,33
bag,pouch,spice,pepper,33
bag,pouch,sweater,turtleneck,33
bag,pouch,tool,rake,33
bag,pouch,toy,doll,33
bag,pouch,trousers,jeans,33
bag,pouch,weapon,gun,33
bag,pouch,weekday,monday,33
bed,bunk,boat,ferry,33
bed,bunk,book,paperback,33
bed,bunk,brush,toothbrush,33
bed,bunk,burger,hamburger,33
bed,bunk,camera,camcorder,33
bed,bunk,candy,lollipop,33
bed,bunk,car,limousine,33
bed,bunk,church,chapel,33
bed,bunk,citrus,lemon,33
bed,bunk,cloud,thundercloud,33
bed,bunk,collar,choker,33
bed,bunk,color,white,33
bed,bunk,computer,laptop,33
bed,bunk,container,bag,33
bed,bunk,cookware,pot,33
bed,bunk,cup,teacup,33
bed,bunk,cushion,pincushion,33
bed,bunk,cutlery,knife,33
bed,bunk,dessert,cake,33
bed,bunk,dress,gown,33
bed,bunk,drum,tambourine,33
bed,bunk,emotion,anger,33
bed,bunk,flask,thermos,33
bed,bunk,guitar,ukulele,33
bed,bunk,gun,rifle,33
bed,bunk,jewel,diamond,33
bed,bunk,jewelry,bracelet,33
bed,bunk,mixer,blender,33
bed,bunk,month,january,33
bed,bunk,oven,broiler,33
bed,bunk,painting,watercolor,33
bed,bunk,poem,haiku,33
bed,bunk,railway,monorail,33
bed,bunk,season,spring,33
bed,bunk,seat,chair,33
bed,bunk,shelf,bookshelf,33
bed,bunk,shirt,polo,33
bed,bunk,shoes,sneakers,33
bed,bunk,sofa,divan,33
bed,bunk,song,lullaby,33
bed,bunk,spice,pepper,33
bed,bunk,sweater,turtleneck,33
bed,bunk,tool,rake,33
bed,bunk,toy,doll,33
bed,bunk,trousers,jeans,33
bed,bunk,weapon,gun,33
bed,bunk,weekday,monday,33
boat,ferry,book,paperback,33
boat,ferry,brush,toothbrush,33
boat,ferry,burger,hamburger,33
boat,ferry,camera,camcorder,33
boat,ferry,candy,lollipop,33
boat,ferry,car,limousine,33
boat,ferry,church,chapel,33
boat,ferry,citrus,lemon,33
boat,ferry,cloud,thundercloud,33
boat,ferry,collar,choker,33
boat,ferry,color,white,33
boat,ferry,computer,laptop,33
boat,ferry,container,bag,33
boat,ferry,cookware,pot,33
boat,ferry,cup,teacup,33
boat,ferry,cushion,pincushion,33
boat,ferry,cutlery,knife,33
boat,ferry,dessert,cake,33
boat,ferry,dress,gown,33
boat,ferry,drum,tambourine,33
boat,ferry,emotion,anger,33
boat,ferry,flask,thermos,33
boat,ferry,guitar,ukulele,33
boat,ferry,gun,rifle,33
boat,ferry,jewel,diamond,33
boat,ferry,jewelry,bracelet,33
boat,ferry,mixer,blender,33
boat,ferry,month,january,33
boat,ferry,oven,broiler,33
boat,ferry,painting,watercolor,33
boat,ferry,poem,haiku,33
boat,ferry,railway,monorail,33
boat,ferry,season,spring,33
boat,ferry,seat,chair,33
boat,ferry,shelf,bookshelf,33
boat,ferry,shirt,polo,33
boat,ferry,shoes,sneakers,33
boat,ferry,sofa,divan,33
boat,ferry,song,lullaby,33
boat,ferry,spice,pepper,33
boat,ferry,sweater,turtleneck,33
boat,ferry,tool,rake,33
boat,ferry,toy,doll,33
boat,ferry,trousers,jeans,33
boat,ferry,weapon,gun,33
boat,ferry,weekday,monday,33
book,paperback,brush,toothbrush,33
book,paperback,burger,hamburger,33
book,paperback,camera,camcorder,33
book,paperback,candy,lollipop,33
book,paperback,car,limousine,33
book,paperback,church,chapel,33
book,paperback,citrus,lemon,33
book,paperback,cloud,thundercloud,33
book,paperback,collar,choker,33
book,paperback,color,white,33
book,paperback,computer,laptop,33
book,paperback,container,bag,33
book,paperback,cookware,pot,33
book,paperback,cup,teacup,33
book,paperback,cushion,pincushion,33
book,paperback,cutlery,knife,33
book,paperback,dessert,cake,33
book,paperback,dress,gown,33
book,paperback,drum,tambourine,33
book,paperback,emotion,anger,33
book,paperback,flask,thermos,33
book,paperback,guitar,ukulele,33
book,paperback,gun,rifle,33
book,paperback,jewel,diamond,33
book,paperback,jewelry,bracelet,33
book,paperback,mixer,blender,33
book,paperback,month,january,33
book,paperback,oven,broiler,33
book,paperback,painting,watercolor,33
book,paperback,poem,haiku,33
book,paperback,railway,monorail,33
book,paperback,season,spring,33
book,paperback,seat,chair,33
book,paperback,shelf,bookshelf,33
book,paperback,shirt,polo,33
book,paperback,shoes,sneakers,33
book,paperback,sofa,divan,33
book,paperback,song,lullaby,33
book,paperback,spice,pepper,33
book,paperback,sweater,turtleneck,33
book,paperback,tool,rake,33
book,paperback,toy,doll,33
book,paperback,trousers,jeans,33
book,paperback,weapon,gun,33
book,paperback,weekday,monday,33
brush,toothbrush,burger,hamburger,33
brush,toothbrush,camera,camcorder,33
brush,toothbrush,candy,lollipop,33
brush,toothbrush,car,limousine,33
brush,toothbrush,church,chapel,33
brush,toothbrush,citrus,lemon,33
brush,toothbrush,cloud,thundercloud,33
brush,toothbrush,collar,choker,33
brush,toothbrush,color,white,33
brush,toothbrush,computer,laptop,33
brush,toothbrush,container,bag,33
brush,toothbrush,cookware,pot,33
brush,toothbrush,cup,teacup,33
brush,toothbrush,cushion,pincushion,33
brush,toothbrush,cutlery,knife,33
brush,toothbrush,dessert,cake,33
brush,toothbrush,dress,gown,33
brush,toothbrush,drum,tambourine,33
brush,toothbrush,emotion,anger,33
brush,toothbrush,flask,thermos,33
brush,toothbrush,guitar,ukulele,33
brush,toothbrush,gun,rifle,33
brush,toothbrush,jewel,diamond,33
brush,toothbrush,jewelry,bracelet,33
brush,toothbrush,mixer,blender,33
brush,toothbrush,month,january,33
brush,toothbrush,oven,broiler,33
brush,toothbrush,painting,watercolor,33
brush,toothbrush,poem,haiku,33
brush,toothbrush,railway,monorail,33
brush,toothbrush,season,spring,33
brush,toothbrush,seat,chair,33
brush,toothbrush,shelf,bookshelf,33
brush,toothbrush,shirt,polo,33
brush,toothbrush,shoes,sneakers,33
brush,toothbrush,sofa,divan,33
brush,toothbrush,song,lullaby,33
brush,toothbrush,spice,pepper,33
brush,toothbrush,sweater,turtleneck,33
brush,toothbrush,tool,rake,33
brush,toothbrush,toy,doll,33
brush,toothbrush,trousers,jeans,33
brush,toothbrush,weapon,gun,33
brush,toothbrush,weekday,monday,33
burger,hamburger,camera,camcorder,33
burger,hamburger,candy,lollipop,33
burger,hamburger,car,limousine,33
burger,hamburger,church,chapel,33
burger,hamburger,citrus,lemon,33
burger,hamburger,cloud,thundercloud,33
burger,hamburger,collar,choker,33
burger,hamburger,color,white,33
burger,hamburger,computer,laptop,33
burger,hamburger,container,bag,33
burger,hamburger,cookware,pot,33
burger,hamburger,cup,teacup,33
burger,hamburger,cushion,pincushion,33
burger,hamburger,cutlery,knife,33
burger,hamburger,dessert,cake,33
burger,hamburger,dress,gown,33
burger,hamburger,drum,tambourine,33
burger,hamburger,emotion,anger,33
burger,hamburger,flask,thermos,33
burger,hamburger,guitar,ukulele,33
burger,hamburger,gun,rifle,33
burger,hamburger,jewel,diamond,33
burger,hamburger,jewelry,bracelet,33
burger,hamburger,mixer,blender,33
burger,hamburger,month,january,33
burger,hamburger,oven,broiler,33
burger,hamburger,painting,watercolor,33
burger,hamburger,poem,haiku,33
burger,hamburger,railway,monorail,33
burger,hamburger,season,spring,33
burger,hamburger,seat,chair,33
burger,hamburger,shelf,bookshelf,33
burger,hamburger,shirt,polo,33
burger,hamburger,shoes,sneakers,33
burger,hamburger,sofa,divan,33
burger,hamburger,song,lullaby,33
burger,hamburger,spice,pepper,33
burger,hamburger,sweater,turtleneck,33
burger,hamburger,tool,rake,33
burger,hamburger,toy,doll,33
burger,hamburger,trousers,jeans,33
burger,hamburger,weapon,gun,33
burger,hamburger,weekday,monday,33
camera,camcorder,candy,lollipop,33
camera,camcorder,car,limousine,33
camera,camcorder,church,chapel,33
camera,camcorder,citrus,lemon,33
camera,camcorder,cloud,thundercloud,33
camera,camcorder,collar,choker,33
camera,camcorder,color,white,33
camera,camcorder,computer,laptop,33
camera,camcorder,container,bag,33
camera,camcorder,cookware,pot,33
camera,camcorder,cup,teacup,33
camera,camcorder,cushion,pincushion,33
camera,camcorder,cutlery,knife,33
camera,camcorder,dessert,cake,33
camera,camcorder,dress,gown,33
camera,camcorder,drum,tambourine,33
camera,camcorder,emotion,anger,33
camera,camcorder,flask,thermos,33
camera,camcorder,guitar,ukulele,33
camera,camcorder,gun,rifle,33
camera,camcorder,jewel,diamond,33
camera,camcorder,jewelry,bracelet,33
camera,camcorder,mixer,blender,33
camera,camcorder,month,january,33
camera,camcorder,oven,broiler,33
camera,camcorder,painting,watercolor,33
camera,camcorder,poem,haiku,33
camera,camcorder,railway,monorail,33
camera,camcorder,season,spring,33
camera,camcorder,seat,chair,33
camera,camcorder,shelf,bookshelf,33
camera,camcorder,shirt,polo,33
camera,camcorder,shoes,sneakers,33
camera,camcorder,sofa,divan,33
camera,camcorder,song,lullaby,33
camera,camcorder,spice,pepper,33
camera,camcorder,sweater,turtleneck,33
camera,camcorder,tool,rake,33
camera,camcorder,toy,doll,33
camera,camcorder,trousers,jeans,33
camera,camcorder,weapon,gun,33
camera,camcorder,weekday,monday,33
candy,lollipop,car,limousine,33
candy,lollipop,church,chapel,33
candy,lollipop,citrus,lemon,33
candy,lollipop,cloud,thundercloud,33
candy,lollipop,collar,choker,33
candy,lollipop,color,white,33
candy,lollipop,computer,laptop,33
candy,lollipop,container,bag,33
candy,lollipop,cookware,pot,33
candy,lollipop,cup,teacup,33
candy,lollipop,cushion,pincushion,33
candy,lollipop,cutlery,knife,33
candy,lollipop,dessert,cake,33
candy,lollipop,dress,gown,33
candy,lollipop,drum,tambourine,33
candy,lollipop,emotion,anger,33
candy,lollipop,flask,thermos,33
candy,lollipop,guitar,ukulele,33
candy,lollipop,gun,rifle,33
candy,lollipop,jewel,diamond,33
candy,lollipop,jewelry,bracelet,33
candy,lollipop,mixer,blender,33
candy,lollipop,month,january,33
candy,lollipop,oven,broiler,33
candy,lollipop,painting,watercolor,33
candy,lollipop,poem,haiku,33
candy,lollipop,railway,monorail,33
candy,lollipop,season,spring,33
candy,lollipop,seat,chair,33
candy,lollipop,shelf,bookshelf,33
candy,lollipop,shirt,polo,33
candy,lollipop,shoes,sneakers,33
candy,lollipop,sofa,divan,33
candy,lollipop,song,lullaby,33
candy,lollipop,spice,pepper,33
candy,lollipop,sweater,turtleneck,33
candy,lollipop,tool,rake,33
candy,lollipop,toy,doll,33
candy,lollipop,trousers,jeans,33
candy,lollipop,weapon,gun,33
candy,lollipop,weekday,monday,33
car,limousine,church,chapel,33
car,limousine,citrus,lemon,33
car,limousine,cloud,thundercloud,33
car,limousine,collar,choker,33
car,limousine,color,white,33
car,limousine,computer,laptop,33
car,limousine,container,bag,33
car,limousine,cookware,pot,33
car,limousine,cup,teacup,33
car,limousine,cushion,pincushion,33
car,limousine,cutlery,knife,33
car,limousine,dessert,cake,33
car,limousine,dress,gown,33
car,limousine,drum,tambourine,33
car,limousine,emotion,anger,33
car,limousine,flask,thermos,33
car,limousine,guitar,ukulele,33
car,limousine,gun,rifle,33
car,limousine,jewel,diamond,33
car,limousine,jewelry,bracelet,33
car,limousine,mixer,blender,33
car,limousine,month,january,33
car,limousine,oven,broiler,33
car,limousine,painting,watercolor,33
car,limousine,poem,haiku,33
car,limousine,railway,monorail,33
car,limousine,season,spring,33
car,limousine,seat,chair,33
car,limousine,shelf,bookshelf,33
car,limousine,shirt,polo,33
car,limousine,shoes,sneakers,33
car,limousine,sofa,divan,33
car,limousine,song,lullaby,33
car,limousine,spice,pepper,33
car,limousine,sweater,turtleneck,33
car,limousine,tool,rake,33
car,limousine,toy,doll,33
car,limousine,trousers,jeans,33
car,limousine,weapon,gun,33
car,limousine,weekday,monday,33
church,chapel,citrus,lemon,33
church,chapel,cloud,thundercloud,33
church,chapel,collar,choker,33
church,chapel,color,white,33
church,chapel,computer,laptop,33
church,chapel,container,bag,33
church,chapel,cookware,pot,33
church,chapel,cup,teacup,33
church,chapel,cushion,pincushion,33
church,chapel,cutlery,knife,33
church,chapel,dessert,cake,33
church,chapel,dress,gown,33
church,chapel,drum,tambourine,33
church,chapel,emotion,anger,33
church,chapel,flask,thermos,33
church,chapel,guitar,ukulele,33
church,chapel,gun,rifle,33
church,chapel,jewel,diamond,33
church,chapel,jewelry,bracelet,33
church,chapel,mixer,blender,33
church,chapel,month,january,33
church,chapel,oven,broiler,33
church,chapel,painting,watercolor,33
church,chapel,poem,haiku,33
church,chapel,railway,monorail,33
church,chapel,season,spring,33
church,chapel,seat,chair,33
church,chapel,shelf,bookshelf,33
church,chapel,shirt,polo,33
church,chapel,shoes,sneakers,33
church,chapel,sofa,divan,33
church,chapel,song,lullaby,33
church,chapel,spice,pepper,33
church,chapel,sweater,turtleneck,33
church,chapel,tool,rake,33
church,chapel,toy,doll,33
church,chapel,trousers,jeans,33
church,chapel,weapon,gun,33
church,chapel,weekday,monday,33
citrus,lemon,cloud,thundercloud,33
citrus,lemon,collar,choker,33
citrus,lemon,color,white,33
citrus,lemon,computer,laptop,33
citrus,lemon,container,bag,33
citrus,lemon,cookware,pot,33
citrus,lemon,cup,teacup,33
citrus,lemon,cushion,pincushion,33
citrus,lemon,cutlery,knife,33
citrus,lemon,dessert,cake,33
citrus,lemon,dress,gown,33
citrus,lemon,drum,tambourine,33
citrus,lemon,emotion,anger,33
citrus,lemon,flask,thermos,33
citrus,lemon,guitar,ukulele,33
citrus,lemon,gun,rifle,33
citrus,lemon,jewel,diamond,33
citrus,lemon,jewelry,bracelet,33
citrus,lemon,mixer,blender,33
citrus,lemon,month,january,33
citrus,lemon,oven,broiler,33
citrus,lemon,painting,watercolor,33
citrus,lemon,poem,haiku,33
citrus,lemon,railway,monorail,33
citrus,lemon,season,spring,33
citrus,lemon,seat,chair,33
citrus,lemon,shelf,bookshelf,33
citrus,lemon,shirt,polo,33
citrus,lemon,shoes,sneakers,33
citrus,lemon,sofa,divan,33
citrus,lemon,song,lullaby,33
citrus,lemon,spice,pepper,33
citrus,lemon,sweater,turtleneck,33
citrus,lemon,tool,rake,33
citrus,lemon,toy,doll,33
citrus,lemon,trousers,jeans,33
citrus,lemon,weapon,gun,33
citrus,lemon,weekday,monday,33
cloud,thundercloud,collar,choker,33
cloud,thundercloud,color,white,33
cloud,thundercloud,computer,laptop,33
cloud,thundercloud,container,bag,33
cloud,thundercloud,cookware,pot,33
cloud,thundercloud,cup,teacup,33
cloud,thundercloud,cushion,pincushion,33
cloud,thundercloud,cutlery,knife,33
cloud,thundercloud,dessert,cake,33
cloud,thundercloud,dress,gown,33
cloud,thundercloud,drum,tambourine,33
cloud,thundercloud,emotion,anger,33
cloud,thundercloud,flask,thermos,33
cloud,thundercloud,guitar,ukulele,33
cloud,thundercloud,gun,rifle,33
cloud,thundercloud,jewel,diamond,33
cloud,thundercloud,jewelry,bracelet,33
cloud,thundercloud,mixer,blender,33
cloud,thundercloud,month,january,33
cloud,thundercloud,oven,broiler,33
cloud,thundercloud,painting,watercolor,33
cloud,thundercloud,poem,haiku,33
cloud,thundercloud,railway,monorail,33
cloud,thundercloud,season,spring,33
cloud,thundercloud,seat,chair,33
cloud,thundercloud,shelf,bookshelf,33
cloud,thundercloud,shirt,polo,33
cloud,thundercloud,shoes,sneakers,33
cloud,thundercloud,sofa,divan,33
cloud,thundercloud,song,lullaby,33
cloud,thundercloud,spice,pepper,33
cloud,thundercloud,sweater,turtleneck,33
cloud,thundercloud,tool,rake,33
cloud,thundercloud,toy,doll,33
cloud,thundercloud,trousers,jeans,33
cloud,thundercloud,weapon,gun,33
cloud,thundercloud,weekday,monday,33
collar,choker,color,white,33
collar,choker,computer,laptop,33
collar,choker,container,bag,33
collar,choker,cookware,pot,33
collar,choker,cup,teacup,33
collar,choker,cushion,pincushion,33
collar,choker,cutlery,knife,33
collar,choker,dessert,cake,33
collar,choker,dress,gown,33
collar,choker,drum,tambourine,33
collar,choker,emotion,anger,33
collar,choker,flask,thermos,33
collar,choker,guitar,ukulele,33
collar,choker,gun,rifle,33
collar,choker,jewel,diamond,33
collar,choker,jewelry,bracelet,33
collar,choker,mixer,blender,33
collar,choker,month,january,33
collar,choker,oven,broiler,33
collar,choker,painting,watercolor,33
collar,choker,poem,haiku,33
collar,choker,railway,monorail,33
collar,choker,season,spring,33
collar,choker,seat,chair,33
collar,choker,shelf,bookshelf,33
collar,choker,shirt,polo,33
collar,choker,shoes,sneakers,33
collar,choker,sofa,divan,33
collar,choker,song,lullaby,33
collar,choker,spice,pepper,33
collar,choker,sweater,turtleneck,33
collar,choker,tool,rake,33
collar,choker,toy,doll,33
collar,choker,trousers,jeans,33
collar,choker,weapon,gun,33
collar,choker,weekday,monday,33
color,white,computer,laptop,33
color,white,container,bag,33
color,white,cookware,pot,33
color,white,cup,teacup,33
color,white,cushion,pincushion,33
color,white,cutlery,knife,33
color,white,dessert,cake,33
color,white,dress,gown,33
color,white,drum,tambourine,33
color,white,emotion,anger,33
color,white,flask,thermos,33
color,white,guitar,ukulele,33
color,white,gun,rifle,33
color,white,jewel,diamond,33
color,white,jewelry,bracelet,33
color,white,mixer,blender,33
color,white,month,january,33
color,white,oven,broiler,33
color,white,painting,watercolor,33
color,white,poem,haiku,33
color,white,railway,monorail,33
color,white,season,spring,33
color,white,seat,chair,33
color,white,shelf,bookshelf,33
color,white,shirt,polo,33
color,white,shoes,sneakers,33
color,white,sofa,divan,33
color,white,song,lullaby,33
color,white,spice,pepper,33
color,white,sweater,turtleneck,33
color,white,tool,rake,33
color,white,toy,doll,33
color,white,trousers,jeans,33
color,white,weapon,gun,33
color,white,weekday,monday,33
computer,laptop,container,bag,33
computer,laptop,cookware,pot,33
computer,laptop,cup,teacup,33
computer,laptop,cushion,pincushion,33
computer,laptop,cutlery,knife,33
computer,laptop,dessert,cake,33
computer,laptop,dress,gown,33
computer,laptop,drum,tambourine,33
computer,laptop,emotion,anger,33
computer,laptop,flask,thermos,33
computer,laptop,guitar,ukulele,33
computer,laptop,gun,rifle,33
computer,laptop,jewel,diamond,33
computer,laptop,jewelry,bracelet,33
computer,laptop,mixer,blender,33
computer,laptop,month,january,33
computer,laptop,oven,broiler,33
computer,laptop,painting,watercolor,33
computer,laptop,poem,haiku,33
computer,laptop,railway,monorail,33
computer,laptop,season,spring,33
computer,laptop,seat,chair,33
computer,laptop,shelf,bookshelf,33
computer,laptop,shirt,polo,33
computer,laptop,shoes,sneakers,33
computer,laptop,sofa,divan,33
computer,laptop,song,lullaby,33
computer,laptop,spice,pepper,33
computer,laptop,sweater,turtleneck,33
computer,laptop,tool,rake,33
computer,laptop,toy,doll,33
computer,laptop,trousers,jeans,33
computer,laptop,weapon,gun,33
computer,laptop,weekday,monday,33
container,bag,cookware,pot,33
container,bag,cup,teacup,33
container,bag,cushion,pincushion,33
container,bag,cutlery,knife,33
container,bag,dessert,cake,33
container,bag,dress,gown,33
container,bag,drum,tambourine,33
container,bag,emotion,anger,33
container,bag,flask,thermos,33
container,bag,guitar,ukulele,33
container,bag,gun,rifle,33
container,bag,jewel,diamond,33
container,bag,jewelry,bracelet,33
container,bag,mixer,blender,33
container,bag,month,january,33
container,bag,oven,broiler,33
container,bag,painting,watercolor,33
container,bag,poem,haiku,33
container,bag,railway,monorail,33
container,bag,season,spring,33
container,bag,seat,chair,33
container,bag,shelf,bookshelf,33
container,bag,shirt,polo,33
container,bag,shoes,sneakers,33
container,bag,sofa,divan,33
container,bag,song,lullaby,33
container,bag,spice,pepper,33
container,bag,sweater,turtleneck,33
container,bag,tool,rake,33
container,bag,toy,doll,33
container,bag,trousers,jeans,33
container,bag,weapon,gun,33
container,bag,weekday,monday,33
cookware,pot,cup,teacup,33
cookware,pot,cushion,pincushion,33
cookware,pot,cutlery,knife,33
cookware,pot,dessert,cake,33
cookware,pot,dress,gown,33
cookware,pot,drum,tambourine,33
cookware,pot,emotion,anger,33
cookware,pot,flask,thermos,33
cookware,pot,guitar,ukulele,33
cookware,pot,gun,rifle,33
cookware,pot,jewel,diamond,33
cookware,pot,jewelry,bracelet,33
cookware,pot,mixer,blender,33
cookware,pot,month,january,33
cookware,pot,oven,broiler,33
cookware,pot,painting,watercolor,33
cookware,pot,poem,haiku,33
cookware,pot,railway,monorail,33
cookware,pot,season,spring,33
cookware,pot,seat,chair,33
cookware,pot,shelf,bookshelf,33
cookware,pot,shirt,polo,33
cookware,pot,shoes,sneakers,33
cookware,pot,sofa,divan,33
cookware,pot,song,lullaby,33
cookware,pot,spice,pepper,33
cookware,pot,sweater,turtleneck,33
cookware,pot,tool,rake,33
cookware,pot,toy,doll,33
cookware,pot,trousers,jeans,33
cookware,pot,weapon,gun,33
cookware,pot,weekday,monday,33
cup,teacup,cushion,pincushion,33
cup,teacup,cutlery,knife,33
cup,teacup,dessert,cake,33
cup,teacup,dress,gown,33
cup,teacup,drum,tambourine,33
cup,teacup,emotion,anger,33
cup,teacup,flask,thermos,33
cup,teacup,guitar,ukulele,33
cup,teacup,gun,rifle,33
cup,teacup,jewel,diamond,33
cup,teacup,jewelry,bracelet,33
cup,teacup,mixer,blender,33
cup,teacup,month,january,33
cup,teacup,oven,broiler,33
cup,teacup,painting,watercolor,33
cup,teacup,poem,haiku,33
cup,teacup,railway,monorail,33
cup,teacup,season,spring,33
cup,teacup,seat,chair,33
cup,teacup,shelf,bookshelf,33
cup,teacup,shirt,polo,33
cup,teacup,shoes,sneakers,33
cup,teacup,sofa,divan,33
cup,teacup,song,lullaby,33
cup,teacup,spice,pepper,33
cup,teacup,sweater,turtleneck,33
cup,teacup,tool,rake,33
cup,teacup,toy,doll,33
cup,teacup,trousers,jeans,33
cup,teacup,weapon,gun,33
cup,teacup,weekday,monday,33
cushion,pincushion,cutlery,knife,33
cushion,pincushion,dessert,cake,33
cushion,pincushion,dress,gown,33
cushion,pincushion,drum,tambourine,33
cushion,pincushion,emotion,anger,33
cushion,pincushion,flask,thermos,33
cushion,pincushion,guitar,ukulele,33
cushion,pincushion,gun,rifle,33
cushion,pincushion,jewel,diamond,33
cushion,pincushion,jewelry,bracelet,33
cushion,pincushion,mixer,blender,33
cushion,pincushion,month,january,33
cushion,pincushion,oven,broiler,33
cushion,pincushion,painting,watercolor,33
cushion,pincushion,poem,haiku,33
cushion,pincushion,railway,monorail,33
cushion,pincushion,season,spring,33
cushion,pincushion,seat,chair,33
cushion,pincushion,shelf,bookshelf,33
cushion,pincushion,shirt,polo,33
cushion,pincushion,shoes,sneakers,33
cushion,pincushion,sofa,divan,33
cushion,pincushion,song,lullaby,33
cushion,pincushion,spice,pepper,33
cushion,pincushion,sweater,turtleneck,33
cushion,pincushion,tool,rake,33
cushion,pincushion,toy,doll,33
cushion,pincushion,trousers,jeans,33
cushion,pincushion,weapon,gun,33
cushion,pincushion,weekday,monday,33
cutlery,knife,dessert,cake,33
cutlery,knife,dress,gown,33
cutlery,knife,drum,tambourine,33
cutlery,knife,emotion,anger,33
cutlery,knife,flask,thermos,33
cutlery,knife,guitar,ukulele,33
cutlery,knife,gun,rifle,33
cutlery,knife,jewel,diamond,33
cutlery,knife,jewelry,bracelet,33
cutlery,knife,mixer,blender,33
cutlery,knife,month,january,33
cutlery,knife,oven,broiler,33
cutlery,knife,painting,watercolor,33
cutlery,knife,poem,haiku,33
cutlery,knife,railway,monorail,33
cutlery,knife,season,spring,33
cutlery,knife,seat,chair,33
cutlery,knife,shelf,bookshelf,33
cutlery,knife,shirt,polo,33
cutlery,knife,shoes,sneakers,33
cutlery,knife,sofa,divan,33
cutlery,knife,song,lullaby,33
cutlery,knife,spice,pepper,33
cutlery,knife,sweater,turtleneck,33
cutlery,knife,tool,rake,33
cutlery,knife,toy,doll,33
cutlery,knife,trousers,jeans,33
cutlery,knife,weapon,gun,33
cutlery,knife,weekday,monday,33
dessert,cake,dress,gown,33
dessert,cake,drum,tambourine,33
dessert,cake,emotion,anger,33
dessert,cake,flask,thermos,33
dessert,cake,guitar,ukulele,33
dessert,cake,gun,rifle,33
dessert,cake,jewel,diamond,33
dessert,cake,jewelry,bracelet,33
dessert,cake,mixer,blender,33
dessert,cake,month,january,33
dessert,cake,oven,broiler,33
dessert,cake,painting,watercolor,33
dessert,cake,poem,haiku,33
dessert,cake,railway,monorail,33
dessert,cake,season,spring,33
dessert,cake,seat,chair,33
dessert,cake,shelf,bookshelf,33
dessert,cake,shirt,polo,33
dessert,cake,shoes,sneakers,33
dessert,cake,sofa,divan,33
dessert,cake,song,lullaby,33
dessert,cake,spice,pepper,33
dessert,cake,sweater,turtleneck,33
dessert,cake,tool,rake,33
dessert,cake,toy,doll,33
dessert,cake,trousers,jeans,33
dessert,cake,weapon,gun,33
dessert,cake,weekday,monday,33
dress,gown,drum,tambourine,33
dress,gown,emotion,anger,33
dress,gown,flask,thermos,33
dress,gown,guitar,ukulele,33
dress,gown,gun,rifle,33
dress,gown,jewel,diamond,33
dress,gown,jewelry,bracelet,33
dress,gown,mixer,blender,33
dress,gown,month,january,33
dress,gown,oven,broiler,33
dress,gown,painting,watercolor,33
dress,gown,poem,haiku,33
dress,gown,railway,monorail,33
dress,gown,season,spring,33
dress,gown,seat,chair,33
dress,gown,shelf,bookshelf,33
dress,gown,shirt,polo,33
dress,gown,shoes,sneakers,33
dress,gown,sofa,divan,33
dress,gown,song,lullaby,33
dress,gown,spice,pepper,33
dress,gown,sweater,turtleneck,33
dress,gown,tool,rake,33
dress,gown,toy,doll,33
dress,gown,trousers,jeans,33
dress,gown,weapon,gun,33
dress,gown,weekday,monday,33
drum,tambourine,emotion,anger,33
drum,tambourine,flask,thermos,33
drum,tambourine,guitar,ukulele,33
drum,tambourine,gun,rifle,33
drum,tambourine,jewel,diamond,33
drum,tambourine,jewelry,bracelet,33
drum,tambourine,mixer,blender,33
drum,tambourine,month,january,33
drum,tambourine,oven,broiler,33
drum,tambourine,painting,watercolor,33
drum,tambourine,poem,haiku,33
drum,tambourine,railway,monorail,33
drum,tambourine,season,spring,33
drum,tambourine,seat,chair,33
drum,tambourine,shelf,bookshelf,33
drum,tambourine,shirt,polo,33
drum,tambourine,shoes,sneakers,33
drum,tambourine,sofa,divan,33
drum,tambourine,song,lullaby,33
drum,tambourine,spice,pepper,33
drum,tambourine,sweater,turtleneck,33
drum,tambourine,tool,rake,33
drum,tambourine,toy,doll,33
drum,tambourine,trousers,jeans,33
drum,tambourine,weapon,gun,33
drum,tambourine,weekday,monday,33
emotion,anger,flask,thermos,33
emotion,anger,guitar,ukulele,33
emotion,anger,gun,rifle,33
emotion,anger,jewel,diamond,33
emotion,anger,jewelry,bracelet,33
emotion,anger,mixer,blender,33
emotion,anger,month,january,33
emotion,anger,oven,broiler,33
emotion,anger,painting,watercolor,33
emotion,anger,poem,haiku,33
emotion,anger,railway,monorail,33
emotion,anger,season,spring,33
emotion,anger,seat,chair,33
emotion,anger,shelf,bookshelf,33
emotion,anger,shirt,polo,33
emotion,anger,shoes,sneakers,33
emotion,anger,sofa,divan,33
emotion,anger,song,lullaby,33
emotion,anger,spice,pepper,33
emotion,anger,sweater,turtleneck,33
emotion,anger,tool,rake,33
emotion,anger,toy,doll,33
emotion,anger,trousers,jeans,33
emotion,anger,weapon,gun,33
emotion,anger,weekday,monday,33
flask,thermos,guitar,ukulele,33
flask,thermos,gun,rifle,33
flask,thermos,jewel,diamond,33
flask,thermos,jewelry,bracelet,33
flask,thermos,mixer,blender,33
flask,thermos,month,january,33
flask,thermos,oven,broiler,33
flask,thermos,painting,watercolor,33
flask,thermos,poem,haiku,33
flask,thermos,railway,monorail,33
flask,thermos,season,spring,33
flask,thermos,seat,chair,33
flask,thermos,shelf,bookshelf,33
flask,thermos,shirt,polo,33
flask,thermos,shoes,sneakers,33
flask,thermos,sofa,divan,33
flask,thermos,song,lullaby,33
flask,thermos,spice,pepper,33
flask,thermos,sweater,turtleneck,33
flask,thermos,tool,rake,33
flask,thermos,toy,doll,33
flask,thermos,trousers,jeans,33
flask,thermos,weapon,gun,33
flask,thermos,weekday,monday,33
guitar,ukulele,gun,rifle,33
guitar,ukulele,jewel,diamond,33
guitar,ukulele,jewelry,bracelet,33
guitar,ukulele,mixer,blender,33
guitar,ukulele,month,january,33
guitar,ukulele,oven,broiler,33
guitar,ukulele,painting,watercolor,33
guitar,ukulele,poem,haiku,33
guitar,ukulele,railway,monorail,33
guitar,ukulele,season,spring,33
guitar,ukulele,seat,chair,33
guitar,ukulele,shelf,bookshelf,33
guitar,ukulele,shirt,polo,33
guitar,ukulele,shoes,sneakers,33
guitar,ukulele,sofa,divan,33
guitar,ukulele,song,lullaby,33
guitar,ukulele,spice,pepper,33
guitar,ukulele,sweater,turtleneck,33
guitar,ukulele,tool,rake,33
guitar,ukulele,toy,doll,33
guitar,ukulele,trousers,jeans,33
guitar,ukulele,weapon,gun,33
guitar,ukulele,weekday,monday,33
gun,rifle,jewel,diamond,33
gun,rifle,jewelry,bracelet,33
gun,rifle,mixer,blender,33
gun,rifle,month,january,33
gun,rifle,oven,broiler,33
gun,rifle,painting,watercolor,33
gun,rifle,poem,haiku,33
gun,rifle,railway,monorail,33
gun,rifle,season,spring,33
gun,rifle,seat,chair,33
gun,rifle,shelf,bookshelf,33
gun,rifle,shirt,polo,33
gun,rifle,shoes,sneakers,33
gun,rifle,sofa,divan,33
gun,rifle,song,lullaby,33
gun,rifle,spice,pepper,33
gun,rifle,sweater,turtleneck,33
gun,rifle,tool,rake,33
gun,rifle,toy,doll,33
gun,rifle,trousers,jeans,33
gun,rifle,weapon,gun,33
gun,rifle,weekday,monday,33
jewel,diamond,jewelry,bracelet,33
jewel,diamond,mixer,blender,33
jewel,diamond,month,january,33
jewel,diamond,oven,broiler,33
jewel,diamond,painting,watercolor,33
jewel,diamond,poem,haiku,33
jewel,diamond,railway,monorail,33
jewel,diamond,season,spring,33
jewel,diamond,seat,chair,33
jewel,diamond,shelf,bookshelf,33
jewel,diamond,shirt,polo,33
jewel,diamond,shoes,sneakers,33
jewel,diamond,sofa,divan,33
jewel,diamond,song,lullaby,33
jewel,diamond,spice,pepper,33
jewel,diamond,sweater,turtleneck,33
jewel,diamond,tool,rake,33
jewel,diamond,toy,doll,33
jewel,diamond,trousers,jeans,33
jewel,diamond,weapon,gun,33
jewel,diamond,weekday,monday,33
jewelry,bracelet,mixer,blender,33
jewelry,bracelet,month,january,33
jewelry,bracelet,oven,broiler,33
jewelry,bracelet,painting,watercolor,33
jewelry,bracelet,poem,haiku,33
jewelry,bracelet,railway,monorail,33
jewelry,bracelet,season,spring,33
jewelry,bracelet,seat,chair,33
jewelry,bracelet,shelf,bookshelf,33
jewelry,bracelet,shirt,polo,33
jewelry,bracelet,shoes,sneakers,33
jewelry,bracelet,sofa,divan,33
jewelry,bracelet,song,lullaby,33
jewelry,bracelet,spice,pepper,33
jewelry,bracelet,sweater,turtleneck,33
jewelry,bracelet,tool,rake,33
jewelry,bracelet,toy,doll,33
jewelry,bracelet,trousers,jeans,33
jewelry,bracelet,weapon,gun,33
jewelry,bracelet,weekday,monday,33
mixer,blender,month,january,33
mixer,blender,oven,broiler,33
mixer,blender,painting,watercolor,33
mixer,blender,poem,haiku,33
mixer,blender,railway,monorail,33
mixer,blender,season,spring,33
mixer,blender,seat,chair,33
mixer,blender,shelf,bookshelf,33
mixer,blender,shirt,polo,33
mixer,blender,shoes,sneakers,33
mixer,blender,sofa,divan,33
mixer,blender,song,lullaby,33
mixer,blender,spice,pepper,33
mixer,blender,sweater,turtleneck,33
mixer,blender,tool,rake,33
mixer,blender,toy,doll,33
mixer,blender,trousers,jeans,33
mixer,blender,weapon,gun,33
mixer,blender,weekday,monday,33
month,january,oven,broiler,33
month,january,painting,watercolor,33
month,january,poem,haiku,33
month,january,railway,monorail,33
month,january,season,spring,33
month,january,seat,chair,33
month,january,shelf,bookshelf,33
month,january,shirt,polo,33
month,january,shoes,sneakers,33
month,january,sofa,divan,33
month,january,song,lullaby,33
month,january,spice,pepper,33
month,january,sweater,turtleneck,33
month,january,tool,rake,33
month,january,toy,doll,33
month,january,trousers,jeans,33
month,january,weapon,gun,33
month,january,weekday,monday,33
oven,broiler,painting,watercolor,33
oven,broiler,poem,haiku,33
oven,broiler,railway,monorail,33
oven,broiler,season,spring,33
oven,broiler,seat,chair,33
oven,broiler,shelf,bookshelf,33
oven,broiler,shirt,polo,33
oven,broiler,shoes,sneakers,33
oven,broiler,sofa,divan,33
oven,broiler,song,lullaby,33
oven,broiler,spice,pepper,33
oven,broiler,sweater,turtleneck,33
oven,broiler,tool,rake,33
oven,broiler,toy,doll,33
oven,broiler,trousers,jeans,33
oven,broiler,weapon,gun,33
oven,broiler,weekday,monday,33
painting,watercolor,poem,haiku,33
painting,watercolor,railway,monorail,33
painting,watercolor,season,spring,33
painting,watercolor,seat,chair,33
painting,watercolor,shelf,bookshelf,33
painting,watercolor,shirt,polo,33
painting,watercolor,shoes,sneakers,33
painting,watercolor,sofa,divan,33
painting,watercolor,song,lullaby,33
painting,watercolor,spice,pepper,33
painting,watercolor,sweater,turtleneck,33
painting,watercolor,tool,rake,33
painting,watercolor,toy,doll,33
painting,watercolor,trousers,jeans,33
painting,watercolor,weapon,gun,33
painting,watercolor,weekday,monday,33
poem,haiku,railway,monorail,33
poem,haiku,season,spring,33
poem,haiku,seat,chair,33
poem,haiku,shelf,bookshelf,33
poem,haiku,shirt,polo,33
poem,haiku,shoes,sneakers,33
poem,haiku,sofa,divan,33
poem,haiku,song,lullaby,33
poem,haiku,spice,pepper,33
poem,haiku,sweater,turtleneck,33
poem,haiku,tool,rake,33
poem,haiku,toy,doll,33
poem,haiku,trousers,jeans,33
poem,haiku,weapon,gun,33
poem,haiku,weekday,monday,33
railway,monorail,season,spring,33
railway,monorail,seat,chair,33
railway,monorail,shelf,bookshelf,33
railway,monorail,shirt,polo,33
railway,monorail,shoes,sneakers,33
railway,monorail,sofa,divan,33
railway,monorail,song,lullaby,33
railway,monorail,spice,pepper,33
railway,monorail,sweater,turtleneck,33
railway,monorail,tool,rake,33
railway,monorail,toy,doll,33
railway,monorail,trousers,jeans,33
railway,monorail,weapon,gun,33
railway,monorail,weekday,monday,33
season,spring,seat,chair,33
season,spring,shelf,bookshelf,33
season,spring,shirt,polo,33
season,spring,shoes,sneakers,33
season,spring,sofa,divan,33
season,spring,song,lullaby,33
season,spring,spice,pepper,33
season,spring,sweater,turtleneck,33
season,spring,tool,rake,33
season,spring,toy,doll,33
season,spring,trousers,jeans,33
season,spring,weapon,gun,33
season,spring,weekday,monday,33
seat,chair,shelf,bookshelf,33
seat,chair,shirt,polo,33
seat,chair,shoes,sneakers,33
seat,chair,sofa,divan,33
seat,chair,song,lullaby,33
seat,chair,spice,pepper,33
seat,chair,sweater,turtleneck,33
seat,chair,tool,rake,33
seat,chair,toy,doll,33
seat,chair,trousers,jeans,33
seat,chair,weapon,gun,33
seat,chair,weekday,monday,33
shelf,bookshelf,shirt,polo,33
shelf,bookshelf,shoes,sneakers,33
shelf,bookshelf,sofa,divan,33
shelf,bookshelf,song,lullaby,33
shelf,bookshelf,spice,pepper,33
shelf,bookshelf,sweater,turtleneck,33
shelf,bookshelf,tool,rake,33
shelf,bookshelf,toy,doll,33
shelf,bookshelf,trousers,jeans,33
shelf,bookshelf,weapon,gun,33
shelf,bookshelf,weekday,monday,33
shirt,polo,shoes,sneakers,33
shirt,polo,sofa,divan,33
shirt,polo,song,lullaby,33
shirt,polo,spice,pepper,33
shirt,polo,sweater,turtleneck,33
shirt,polo,tool,rake,33
shirt,polo,toy,doll,33
shirt,polo,trousers,jeans,33
shirt,polo,weapon,gun,33
shirt,polo,weekday,monday,33
shoes,sneakers,sofa,divan,33
shoes,sneakers,song,lullaby,33
shoes,sneakers,spice,pepper,33
shoes,sneakers,sweater,turtleneck,33
shoes,sneakers,tool,rake,33
shoes,sneakers,toy,doll,33
shoes,sneakers,trousers,jeans,33
shoes,sneakers,weapon,gun,33
shoes,sneakers,weekday,monday,33
sofa,divan,song,lullaby,33
sofa,divan,spice,pepper,33
sofa,divan,sweater,turtleneck,33
sofa,divan,tool,rake,33
sofa,divan,toy,doll,33
sofa,divan,trousers,jeans,33
sofa,divan,weapon,gun,33
sofa,divan,weekday,monday,33
song,lullaby,spice,pepper,33
song,lullaby,sweater,turtleneck,33
song,lullaby,tool,rake,33
song,lullaby,toy,doll,33
song,lullaby,trousers,jeans,33
song,lullaby,weapon,gun,33
song,lullaby,weekday,monday,33
spice,pepper,sweater,turtleneck,33
spice,pepper,tool,rake,33
spice,pepper,toy,doll,33
spice,pepper,trousers,jeans,33
spice,pepper,weapon,gun,33
spice,pepper,weekday,monday,33
sweater,turtleneck,tool,rake,33
sweater,turtleneck,toy,doll,33
sweater,turtleneck,trousers,jeans,33
sweater,turtleneck,weapon,gun,33
sweater,turtleneck,weekday,monday,33
tool,rake,toy,doll,33
tool,rake,trousers,jeans,33
tool,rake,weapon,gun,33
tool,rake,weekday,monday,33
toy,doll,trousers,jeans,33
toy,doll,weapon,gun,33
toy,doll,weekday,monday,33
trousers,jeans,weapon,gun,33
trousers,jeans,weekday,monday,33
weapon,gun,weekday,monday,33
