atmosphere,gas,bag,leather,34
atmosphere,gas,beach,sand,34
atmosphere,gas,beard,hair,34
atmosphere,gas,body,flesh,34
atmosphere,gas,boots,leather,34
atmosphere,gas,bottle,glass,34
atmosphere,gas,bowl,glass,34
atmosphere,gas,box,cardboard,34
atmosphere,gas,bread,flour,34
atmosphere,gas,bronze,copper,34
atmosphere,gas,candy,sugar,34
atmosphere,gas,chocolate,cocoa,34
atmosphere,gas,clothing,fabric,34
atmosphere,gas,cloud,vapor,34
atmosphere,gas,cocktail,alcohol,34
atmosphere,gas,concrete,silicon,34
atmosphere,gas,desk,wood,34
atmosphere,gas,diamond,carbon,34
atmosphere,gas,doorknob,metal,34
atmosphere,gas,flag,fabric,34
atmosphere,gas,glacier,ice,34
atmosphere,gas,glass,silicone,34
atmosphere,gas,house,bricks,34
atmosphere,gas,ice,water,34
atmosphere,gas,icicle,ice,34
atmosphere,gas,jam,fruit,34
atmosphere,gas,jeans,fabric,34
atmosphere,gas,lawn,grass,34
atmosphere,gas,lens,glass,34
atmosphere,gas,mirror,glass,34
atmosphere,gas,money,paper,34
atmosphere,gas,ocean,water,34
atmosphere,gas,omelette,eggs,34
atmosphere,gas,pastry,flour,34
atmosphere,gas,penny,metal,34
atmosphere,gas,pill,medicine,34
atmosphere,gas,plastic,polymer,34
atmosphere,gas,roof,shingles,34
atmosphere,gas,sea,water,34
atmosphere,gas,snow,water,34
atmosphere,gas,spoon,aluminium,34
atmosphere,gas,steel,iron,34
atmosphere,gas,table,wood,34
atmosphere,gas,wall,cement,34
atmosphere,gas,water,oxygen,34
atmosphere,gas,wig,hair,34
atmosphere,gas,wine,grapes,34
atmosphere,gas,wire,metal,34
atmosphere,gas,yogurt,milk,34
bag,leather,beach,sand,34
bag,leather,beard,hair,34
bag,leather,body,flesh,34
bag,leather,boots,leather,34
bag,leather,bottle,glass,34
bag,leather,bowl,glass,34
bag,leather,box,cardboard,34
bag,leather,bread,flour,34
bag,leather,bronze,copper,34
bag,leather,candy,sugar,34
bag,leather,chocolate,cocoa,34
bag,leather,clothing,fabric,34
bag,leather,cloud,vapor,34
bag,leather,cocktail,alcohol,34
bag,leather,concrete,silicon,34
bag,leather,desk,wood,34
bag,leather,diamond,carbon,34
bag,leather,doorknob,metal,34
bag,leather,flag,fabric,34
bag,leather,glacier,ice,34
bag,leather,glass,silicone,34
bag,leather,house,bricks,34
bag,leather,ice,water,34
bag,leather,icicle,ice,34
bag,leather,jam,fruit,34
bag,leather,jeans,fabric,34
bag,leather,lawn,grass,34
bag,leather,lens,glass,34
bag,leather,mirror,glass,34
bag,leather,money,paper,34
bag,leather,ocean,water,34
bag,leather,omelette,eggs,34
bag,leather,pastry,flour,34
bag,leather,penny,metal,34
bag,leather,pill,medicine,34
bag,leather,plastic,polymer,34
bag,leather,roof,shingles,34
bag,leather,sea,water,34
bag,leather,snow,water,34
bag,leather,spoon,aluminium,34
bag,leather,steel,iron,34
bag,leather,table,wood,34
bag,leather,wall,cement,34
bag,leather,water,oxygen,34
bag,leather,wig,hair,34
bag,leather,wine,grapes,34
bag,leather,wire,metal,34
bag,leather,yogurt,milk,34
beach,sand,beard,hair,34
beach,sand,body,flesh,34
beach,sand,boots,leather,34
beach,sand,bottle,glass,34
beach,sand,bowl,glass,34
beach,sand,box,cardboard,34
beach,sand,bread,flour,34
beach,sand,bronze,copper,34
beach,sand,candy,sugar,34
beach,sand,chocolate,cocoa,34
beach,sand,clothing,fabric,34
beach,sand,cloud,vapor,34
beach,sand,cocktail,alcohol,34
beach,sand,concrete,silicon,34
beach,sand,desk,wood,34
beach,sand,diamond,carbon,34
beach,sand,doorknob,metal,34
beach,sand,flag,fabric,34
beach,sand,glacier,ice,34
beach,sand,glass,silicone,34
beach,sand,house,bricks,34
beach,sand,ice,water,34
beach,sand,icicle,ice,34
beach,sand,jam,fruit,34
beach,sand,jeans,fabric,34
beach,sand,lawn,grass,34
beach,sand,lens,glass,34
beach,sand,mirror,glass,34
beach,sand,money,paper,34
beach,sand,ocean,water,34
beach,sand,omelette,eggs,34
beach,sand,pastry,flour,34
beach,sand,penny,metal,34
beach,sand,pill,medicine,34
beach,sand,plastic,polymer,34
beach,sand,roof,shingles,34
beach,sand,sea,water,34
beach,sand,snow,water,34
beach,sand,spoon,aluminium,34
beach,sand,steel,iron,34
beach,sand,table,wood,34
beach,sand,wall,cement,34
beach,sand,water,oxygen,34
beach,sand,wig,hair,34
beach,sand,wine,grapes,34
beach,sand,wire,metal,34
beach,sand,yogurt,milk,34
beard,hair,body,flesh,34
beard,hair,boots,leather,34
beard,hair,bottle,glass,34
beard,hair,bowl,glass,34
beard,hair,box,cardboard,34
beard,hair,bread,flour,34
beard,hair,bronze,copper,34
beard,hair,candy,sugar,34
beard,hair,chocolate,cocoa,34
beard,hair,clothing,fabric,34
beard,hair,cloud,vapor,34
beard,hair,cocktail,alcohol,34
beard,hair,concrete,silicon,34
beard,hair,desk,wood,34
beard,hair,diamond,carbon,34
beard,hair,doorknob,metal,34
beard,hair,flag,fabric,34
beard,hair,glacier,ice,34
beard,hair,glass,silicone,34
beard,hair,house,bricks,34
beard,hair,ice,water,34
beard,hair,icicle,ice,34
beard,hair,jam,fruit,34
beard,hair,jeans,fabric,34
beard,hair,lawn,grass,34
beard,hair,lens,glass,34
beard,hair,mirror,glass,34
beard,hair,money,paper,34
beard,hair,ocean,water,34
beard,hair,omelette,eggs,34
beard,hair,pastry,flour,34
beard,hair,penny,metal,34
beard,hair,pill,medicine,34
beard,hair,plastic,polymer,34
beard,hair,roof,shingles,34
beard,hair,sea,water,34
beard,hair,snow,water,34
beard,hair,spoon,aluminium,34
beard,hair,steel,iron,34
beard,hair,table,wood,34
beard,hair,wall,cement,34
beard,hair,water,oxygen,34
beard,hair,wig,hair,34
beard,hair,wine,grapes,34
beard,hair,wire,metal,34
beard,hair,yogurt,milk,34
body,flesh,boots,leather,34
body,flesh,bottle,glass,34
body,flesh,bowl,glass,34
body,flesh,box,cardboard,34
body,flesh,bread,flour,34
body,flesh,bronze,copper,34
body,flesh,candy,sugar,34
body,flesh,chocolate,cocoa,34
body,flesh,clothing,fabric,34
body,flesh,cloud,vapor,34
body,flesh,cocktail,alcohol,34
body,flesh,concrete,silicon,34
body,flesh,desk,wood,34
body,flesh,diamond,carbon,34
body,flesh,doorknob,metal,34
body,flesh,flag,fabric,34
body,flesh,glacier,ice,34
body,flesh,glass,silicone,34
body,flesh,house,bricks,34
body,flesh,ice,water,34
body,flesh,icicle,ice,34
body,flesh,jam,fruit,34
body,flesh,jeans,fabric,34
body,flesh,lawn,grass,34
body,flesh,lens,glass,34
body,flesh,mirror,glass,34
body,flesh,money,paper,34
body,flesh,ocean,water,34
body,flesh,omelette,eggs,34
body,flesh,pastry,flour,34
body,flesh,penny,metal,34
body,flesh,pill,medicine,34
body,flesh,plastic,polymer,34
body,flesh,roof,shingles,34
body,flesh,sea,water,34
body,flesh,snow,water,34
body,flesh,spoon,aluminium,34
body,flesh,steel,iron,34
body,flesh,table,wood,34
body,flesh,wall,cement,34
body,flesh,water,oxygen,34
body,flesh,wig,hair,34
body,flesh,wine,grapes,34
body,flesh,wire,metal,34
body,flesh,yogurt,milk,34
boots,leather,bottle,glass,34
boots,leather,bowl,glass,34
boots,leather,box,cardboard,34
boots,leather,bread,flour,34
boots,leather,bronze,copper,34
boots,leather,candy,sugar,34
boots,leather,chocolate,cocoa,34
boots,leather,clothing,fabric,34
boots,leather,cloud,vapor,34
boots,leather,cocktail,alcohol,34
boots,leather,concrete,silicon,34
boots,leather,desk,wood,34
boots,leather,diamond,carbon,34
boots,leather,doorknob,metal,34
boots,leather,flag,fabric,34
boots,leather,glacier,ice,34
boots,leather,glass,silicone,34
boots,leather,house,bricks,34
boots,leather,ice,water,34
boots,leather,icicle,ice,34
boots,leather,jam,fruit,34
boots,leather,jeans,fabric,34
boots,leather,lawn,grass,34
boots,leather,lens,glass,34
boots,leather,mirror,glass,34
boots,leather,money,paper,34
boots,leather,ocean,water,34
boots,leather,omelette,eggs,34
boots,leather,pastry,flour,34
boots,leather,penny,metal,34
boots,leather,pill,medicine,34
boots,leather,plastic,polymer,34
boots,leather,roof,shingles,34
boots,leather,sea,water,34
boots,leather,snow,water,34
boots,leather,spoon,aluminium,34
boots,leather,steel,iron,34
boots,leather,table,wood,34
boots,leather,wall,cement,34
boots,leather,water,oxygen,34
boots,leather,wig,hair,34
boots,leather,wine,grapes,34
boots,leather,wire,metal,34
boots,leather,yogurt,milk,34
bottle,glass,bowl,glass,34
bottle,glass,box,cardboard,34
bottle,glass,bread,flour,34
bottle,glass,bronze,copper,34
bottle,glass,candy,sugar,34
bottle,glass,chocolate,cocoa,34
bottle,glass,clothing,fabric,34
bottle,glass,cloud,vapor,34
bottle,glass,cocktail,alcohol,34
bottle,glass,concrete,silicon,34
bottle,glass,desk,wood,34
bottle,glass,diamond,carbon,34
bottle,glass,doorknob,metal,34
bottle,glass,flag,fabric,34
bottle,glass,glacier,ice,34
bottle,glass,glass,silicone,34
bottle,glass,house,bricks,34
bottle,glass,ice,water,34
bottle,glass,icicle,ice,34
bottle,glass,jam,fruit,34
bottle,glass,jeans,fabric,34
bottle,glass,lawn,grass,34
bottle,glass,lens,glass,34
bottle,glass,mirror,glass,34
bottle,glass,money,paper,34
bottle,glass,ocean,water,34
bottle,glass,omelette,eggs,34
bottle,glass,pastry,flour,34
bottle,glass,penny,metal,34
bottle,glass,pill,medicine,34
bottle,glass,plastic,polymer,34
bottle,glass,roof,shingles,34
bottle,glass,sea,water,34
bottle,glass,snow,water,34
bottle,glass,spoon,aluminium,34
bottle,glass,steel,iron,34
bottle,glass,table,wood,34
bottle,glass,wall,cement,34
bottle,glass,water,oxygen,34
bottle,glass,wig,hair,34
bottle,glass,wine,grapes,34
bottle,glass,wire,metal,34
bottle,glass,yogurt,milk,34
bowl,glass,box,cardboard,34
bowl,glass,bread,flour,34
bowl,glass,bronze,copper,34
bowl,glass,candy,sugar,34
bowl,glass,chocolate,cocoa,34
bowl,glass,clothing,fabric,34
bowl,glass,cloud,vapor,34
bowl,glass,cocktail,alcohol,34
bowl,glass,concrete,silicon,34
bowl,glass,desk,wood,34
bowl,glass,diamond,carbon,34
bowl,glass,doorknob,metal,34
bowl,glass,flag,fabric,34
bowl,glass,glacier,ice,34
bowl,glass,glass,silicone,34
bowl,glass,house,bricks,34
bowl,glass,ice,water,34
bowl,glass,icicle,ice,34
bowl,glass,jam,fruit,34
bowl,glass,jeans,fabric,34
bowl,glass,lawn,grass,34
bowl,glass,lens,glass,34
bowl,glass,mirror,glass,34
bowl,glass,money,paper,34
bowl,glass,ocean,water,34
bowl,glass,omelette,eggs,34
bowl,glass,pastry,flour,34
bowl,glass,penny,metal,34
bowl,glass,pill,medicine,34
bowl,glass,plastic,polymer,34
bowl,glass,roof,shingles,34
bowl,glass,sea,water,34
bowl,glass,snow,water,34
bowl,glass,spoon,aluminium,34
bowl,glass,steel,iron,34
bowl,glass,table,wood,34
bowl,glass,wall,cement,34
bowl,glass,water,oxygen,34
bowl,glass,wig,hair,34
bowl,glass,wine,grapes,34
bowl,glass,wire,metal,34
bowl,glass,yogurt,milk,34
box,cardboard,bread,flour,34
box,cardboard,bronze,copper,34
box,cardboard,candy,sugar,34
box,cardboard,chocolate,cocoa,34
box,cardboard,clothing,fabric,34
box,cardboard,cloud,vapor,34
box,cardboard,cocktail,alcohol,34
box,cardboard,concrete,silicon,34
box,cardboard,desk,wood,34
box,cardboard,diamond,carbon,34
box,cardboard,doorknob,metal,34
box,cardboard,flag,fabric,34
box,cardboard,glacier,ice,34
box,cardboard,glass,silicone,34
box,cardboard,house,bricks,34
box,cardboard,ice,water,34
box,cardboard,icicle,ice,34
box,cardboard,jam,fruit,34
box,cardboard,jeans,fabric,34
box,cardboard,lawn,grass,34
box,cardboard,lens,glass,34
box,cardboard,mirror,glass,34
box,cardboard,money,paper,34
box,cardboard,ocean,water,34
box,cardboard,omelette,eggs,34
box,cardboard,pastry,flour,34
box,cardboard,penny,metal,34
box,cardboard,pill,medicine,34
box,cardboard,plastic,polymer,34
box,cardboard,roof,shingles,34
box,cardboard,sea,water,34
box,cardboard,snow,water,34
box,cardboard,spoon,aluminium,34
box,cardboard,steel,iron,34
box,cardboard,table,wood,34
box,cardboard,wall,cement,34
box,cardboard,water,oxygen,34
box,cardboard,wig,hair,34
box,cardboard,wine,grapes,34
box,cardboard,wire,metal,34
box,cardboard,yogurt,milk,34
bread,flour,bronze,copper,34
bread,flour,candy,sugar,34
bread,flour,chocolate,cocoa,34
bread,flour,clothing,fabric,34
bread,flour,cloud,vapor,34
bread,flour,cocktail,alcohol,34
bread,flour,concrete,silicon,34
bread,flour,desk,wood,34
bread,flour,diamond,carbon,34
bread,flour,doorknob,metal,34
bread,flour,flag,fabric,34
bread,flour,glacier,ice,34
bread,flour,glass,silicone,34
bread,flour,house,bricks,34
bread,flour,ice,water,34
bread,flour,icicle,ice,34
bread,flour,jam,fruit,34
bread,flour,jeans,fabric,34
bread,flour,lawn,grass,34
bread,flour,lens,glass,34
bread,flour,mirror,glass,34
bread,flour,money,paper,34
bread,flour,ocean,water,34
bread,flour,omelette,eggs,34
bread,flour,pastry,flour,34
bread,flour,penny,metal,34
bread,flour,pill,medicine,34
bread,flour,plastic,polymer,34
bread,flour,roof,shingles,34
bread,flour,sea,water,34
bread,flour,snow,water,34
bread,flour,spoon,aluminium,34
bread,flour,steel,iron,34
bread,flour,table,wood,34
bread,flour,wall,cement,34
bread,flour,water,oxygen,34
bread,flour,wig,hair,34
bread,flour,wine,grapes,34
bread,flour,wire,metal,34
bread,flour,yogurt,milk,34
bronze,copper,candy,sugar,34
bronze,copper,chocolate,cocoa,34
bronze,copper,clothing,fabric,34
bronze,copper,cloud,vapor,34
bronze,copper,cocktail,alcohol,34
bronze,copper,concrete,silicon,34
bronze,copper,desk,wood,34
bronze,copper,diamond,carbon,34
bronze,copper,doorknob,metal,34
bronze,copper,flag,fabric,34
bronze,copper,glacier,ice,34
bronze,copper,glass,silicone,34
bronze,copper,house,bricks,34
bronze,copper,ice,water,34
bronze,copper,icicle,ice,34
bronze,copper,jam,fruit,34
bronze,copper,jeans,fabric,34
bronze,copper,lawn,grass,34
bronze,copper,lens,glass,34
bronze,copper,mirror,glass,34
bronze,copper,money,paper,34
bronze,copper,ocean,water,34
bronze,copper,omelette,eggs,34
bronze,copper,pastry,flour,34
bronze,copper,penny,metal,34
bronze,copper,pill,medicine,34
bronze,copper,plastic,polymer,34
bronze,copper,roof,shingles,34
bronze,copper,sea,water,34
bronze,copper,snow,water,34
bronze,copper,spoon,aluminium,34
bronze,copper,steel,iron,34
bronze,copper,table,wood,34
bronze,copper,wall,cement,34
bronze,copper,water,oxygen,34
bronze,copper,wig,hair,34
bronze,copper,wine,grapes,34
bronze,copper,wire,metal,34
bronze,copper,yogurt,milk,34
candy,sugar,chocolate,cocoa,34
candy,sugar,clothing,fabric,34
candy,sugar,cloud,vapor,34
candy,sugar,cocktail,alcohol,34
candy,sugar,concrete,silicon,34
candy,sugar,desk,wood,34
candy,sugar,diamond,carbon,34
candy,sugar,doorknob,metal,34
candy,sugar,flag,fabric,34
candy,sugar,glacier,ice,34
candy,sugar,glass,silicone,34
candy,sugar,house,bricks,34
candy,sugar,ice,water,34
candy,sugar,icicle,ice,34
candy,sugar,jam,fruit,34
candy,sugar,jeans,fabric,34
candy,sugar,lawn,grass,34
candy,sugar,lens,glass,34
candy,sugar,mirror,glass,34
candy,sugar,money,paper,34
candy,sugar,ocean,water,34
candy,sugar,omelette,eggs,34
candy,sugar,pastry,flour,34
candy,sugar,penny,metal,34
candy,sugar,pill,medicine,34
candy,sugar,plastic,polymer,34
candy,sugar,roof,shingles,34
candy,sugar,sea,water,34
candy,sugar,snow,water,34
candy,sugar,spoon,aluminium,34
candy,sugar,steel,iron,34
candy,sugar,table,wood,34
candy,sugar,wall,cement,34
candy,sugar,water,oxygen,34
candy,sugar,wig,hair,34
candy,sugar,wine,grapes,34
candy,sugar,wire,metal,34
candy,sugar,yogurt,milk,34
chocolate,cocoa,clothing,fabric,34
chocolate,cocoa,cloud,vapor,34
chocolate,cocoa,cocktail,alcohol,34
chocolate,cocoa,concrete,silicon,34
chocolate,cocoa,desk,wood,34
chocolate,cocoa,diamond,carbon,34
chocolate,cocoa,doorknob,metal,34
chocolate,cocoa,flag,fabric,34
chocolate,cocoa,glacier,ice,34
chocolate,cocoa,glass,silicone,34
chocolate,cocoa,house,bricks,34
chocolate,cocoa,ice,water,34
chocolate,cocoa,icicle,ice,34
chocolate,cocoa,jam,fruit,34
chocolate,cocoa,jeans,fabric,34
chocolate,cocoa,lawn,grass,34
chocolate,cocoa,lens,glass,34
chocolate,cocoa,mirror,glass,34
chocolate,cocoa,money,paper,34
chocolate,cocoa,ocean,water,34
chocolate,cocoa,omelette,eggs,34
chocolate,cocoa,pastry,flour,34
chocolate,cocoa,penny,metal,34
chocolate,cocoa,pill,medicine,34
chocolate,cocoa,plastic,polymer,34
chocolate,cocoa,roof,shingles,34
chocolate,cocoa,sea,water,34
chocolate,cocoa,snow,water,34
chocolate,cocoa,spoon,aluminium,34
chocolate,cocoa,steel,iron,34
chocolate,cocoa,table,wood,34
chocolate,cocoa,wall,cement,34
chocolate,cocoa,water,oxygen,34
chocolate,cocoa,wig,hair,34
chocolate,cocoa,wine,grapes,34
chocolate,cocoa,wire,metal,34
chocolate,cocoa,yogurt,milk,34
clothing,fabric,cloud,vapor,34
clothing,fabric,cocktail,alcohol,34
clothing,fabric,concrete,silicon,34
clothing,fabric,desk,wood,34
clothing,fabric,diamond,carbon,34
clothing,fabric,doorknob,metal,34
clothing,fabric,flag,fabric,34
clothing,fabric,glacier,ice,34
clothing,fabric,glass,silicone,34
clothing,fabric,house,bricks,34
clothing,fabric,ice,water,34
clothing,fabric,icicle,ice,34
clothing,fabric,jam,fruit,34
clothing,fabric,jeans,fabric,34
clothing,fabric,lawn,grass,34
clothing,fabric,lens,glass,34
clothing,fabric,mirror,glass,34
clothing,fabric,money,paper,34
clothing,fabric,ocean,water,34
clothing,fabric,omelette,eggs,34
clothing,fabric,pastry,flour,34
clothing,fabric,penny,metal,34
clothing,fabric,pill,medicine,34
clothing,fabric,plastic,polymer,34
clothing,fabric,roof,shingles,34
clothing,fabric,sea,water,34
clothing,fabric,snow,water,34
clothing,fabric,spoon,aluminium,34
clothing,fabric,steel,iron,34
clothing,fabric,table,wood,34
clothing,fabric,wall,cement,34
clothing,fabric,water,oxygen,34
clothing,fabric,wig,hair,34
clothing,fabric,wine,grapes,34
clothing,fabric,wire,metal,34
clothing,fabric,yogurt,milk,34
cloud,vapor,cocktail,alcohol,34
cloud,vapor,concrete,silicon,34
cloud,vapor,desk,wood,34
cloud,vapor,diamond,carbon,34
cloud,vapor,doorknob,metal,34
cloud,vapor,flag,fabric,34
cloud,vapor,glacier,ice,34
cloud,vapor,glass,silicone,34
cloud,vapor,house,bricks,34
cloud,vapor,ice,water,34
cloud,vapor,icicle,ice,34
cloud,vapor,jam,fruit,34
cloud,vapor,jeans,fabric,34
cloud,vapor,lawn,grass,34
cloud,vapor,lens,glass,34
cloud,vapor,mirror,glass,34
cloud,vapor,money,paper,34
cloud,vapor,ocean,water,34
cloud,vapor,omelette,eggs,34
cloud,vapor,pastry,flour,34
cloud,vapor,penny,metal,34
cloud,vapor,pill,medicine,34
cloud,vapor,plastic,polymer,34
cloud,vapor,roof,shingles,34
cloud,vapor,sea,water,34
cloud,vapor,snow,water,34
cloud,vapor,spoon,aluminium,34
cloud,vapor,steel,iron,34
cloud,vapor,table,wood,34
cloud,vapor,wall,cement,34
cloud,vapor,water,oxygen,34
cloud,vapor,wig,hair,34
cloud,vapor,wine,grapes,34
cloud,vapor,wire,metal,34
cloud,vapor,yogurt,milk,34
cocktail,alcohol,concrete,silicon,34
cocktail,alcohol,desk,wood,34
cocktail,alcohol,diamond,carbon,34
cocktail,alcohol,doorknob,metal,34
cocktail,alcohol,flag,fabric,34
cocktail,alcohol,glacier,ice,34
cocktail,alcohol,glass,silicone,34
cocktail,alcohol,house,bricks,34
cocktail,alcohol,ice,water,34
cocktail,alcohol,icicle,ice,34
cocktail,alcohol,jam,fruit,34
cocktail,alcohol,jeans,fabric,34
cocktail,alcohol,lawn,grass,34
cocktail,alcohol,lens,glass,34
cocktail,alcohol,mirror,glass,34
cocktail,alcohol,money,paper,34
cocktail,alcohol,ocean,water,34
cocktail,alcohol,omelette,eggs,34
cocktail,alcohol,pastry,flour,34
cocktail,alcohol,penny,metal,34
cocktail,alcohol,pill,medicine,34
cocktail,alcohol,plastic,polymer,34
cocktail,alcohol,roof,shingles,34
cocktail,alcohol,sea,water,34
cocktail,alcohol,snow,water,34
cocktail,alcohol,spoon,aluminium,34
cocktail,alcohol,steel,iron,34
cocktail,alcohol,table,wood,34
cocktail,alcohol,wall,cement,34
cocktail,alcohol,water,oxygen,34
cocktail,alcohol,wig,hair,34
cocktail,alcohol,wine,grapes,34
cocktail,alcohol,wire,metal,34
cocktail,alcohol,yogurt,milk,34
concrete,silicon,desk,wood,34
concrete,silicon,diamond,carbon,34
concrete,silicon,doorknob,metal,34
concrete,silicon,flag,fabric,34
concrete,silicon,glacier,ice,34
concrete,silicon,glass,silicone,34
concrete,silicon,house,bricks,34
concrete,silicon,ice,water,34
concrete,silicon,icicle,ice,34
concrete,silicon,jam,fruit,34
concrete,silicon,jeans,fabric,34
concrete,silicon,lawn,grass,34
concrete,silicon,lens,glass,34
concrete,silicon,mirror,glass,34
concrete,silicon,money,paper,34
concrete,silicon,ocean,water,34
concrete,silicon,omelette,eggs,34
concrete,silicon,pastry,flour,34
concrete,silicon,penny,metal,34
concrete,silicon,pill,medicine,34
concrete,silicon,plastic,polymer,34
concrete,silicon,roof,shingles,34
concrete,silicon,sea,water,34
concrete,silicon,snow,water,34
concrete,silicon,spoon,aluminium,34
concrete,silicon,steel,iron,34
concrete,silicon,table,wood,34
concrete,silicon,wall,cement,34
concrete,silicon,water,oxygen,34
concrete,silicon,wig,hair,34
concrete,silicon,wine,grapes,34
concrete,silicon,wire,metal,34
concrete,silicon,yogurt,milk,34
desk,wood,diamond,carbon,34
desk,wood,doorknob,metal,34
desk,wood,flag,fabric,34
desk,wood,glacier,ice,34
desk,wood,glass,silicone,34
desk,wood,house,bricks,34
desk,wood,ice,water,34
desk,wood,icicle,ice,34
desk,wood,jam,fruit,34
desk,wood,jeans,fabric,34
desk,wood,lawn,grass,34
desk,wood,lens,glass,34
desk,wood,mirror,glass,34
desk,wood,money,paper,34
desk,wood,ocean,water,34
desk,wood,omelette,eggs,34
desk,wood,pastry,flour,34
desk,wood,penny,metal,34
desk,wood,pill,medicine,34
desk,wood,plastic,polymer,34
desk,wood,roof,shingles,34
desk,wood,sea,water,34
desk,wood,snow,water,34
desk,wood,spoon,aluminium,34
desk,wood,steel,iron,34
desk,wood,table,wood,34
desk,wood,wall,cement,34
desk,wood,water,oxygen,34
desk,wood,wig,hair,34
desk,wood,wine,grapes,34
desk,wood,wire,metal,34
desk,wood,yogurt,milk,34
diamond,carbon,doorknob,metal,34
diamond,carbon,flag,fabric,34
diamond,carbon,glacier,ice,34
diamond,carbon,glass,silicone,34
diamond,carbon,house,bricks,34
diamond,carbon,ice,water,34
diamond,carbon,icicle,ice,34
diamond,carbon,jam,fruit,34
diamond,carbon,jeans,fabric,34
diamond,carbon,lawn,grass,34
diamond,carbon,lens,glass,34
diamond,carbon,mirror,glass,34
diamond,carbon,money,paper,34
diamond,carbon,ocean,water,34
diamond,carbon,omelette,eggs,34
diamond,carbon,pastry,flour,34
diamond,carbon,penny,metal,34
diamond,carbon,pill,medicine,34
diamond,carbon,plastic,polymer,34
diamond,carbon,roof,shingles,34
diamond,carbon,sea,water,34
diamond,carbon,snow,water,34
diamond,carbon,spoon,aluminium,34
diamond,carbon,steel,iron,34
diamond,carbon,table,wood,34
diamond,carbon,wall,cement,34
diamond,carbon,water,oxygen,34
diamond,carbon,wig,hair,34
diamond,carbon,wine,grapes,34
diamond,carbon,wire,metal,34
diamond,carbon,yogurt,milk,34
doorknob,metal,flag,fabric,34
doorknob,metal,glacier,ice,34
doorknob,metal,glass,silicone,34
doorknob,metal,house,bricks,34
doorknob,metal,ice,water,34
doorknob,metal,icicle,ice,34
doorknob,metal,jam,fruit,34
doorknob,metal,jeans,fabric,34
doorknob,metal,lawn,grass,34
doorknob,metal,lens,glass,34
doorknob,metal,mirror,glass,34
doorknob,metal,money,paper,34
doorknob,metal,ocean,water,34
doorknob,metal,omelette,eggs,34
doorknob,metal,pastry,flour,34
doorknob,metal,penny,metal,34
doorknob,metal,pill,medicine,34
doorknob,metal,plastic,polymer,34
doorknob,metal,roof,shingles,34
doorknob,metal,sea,water,34
doorknob,metal,snow,water,34
doorknob,metal,spoon,aluminium,34
doorknob,metal,steel,iron,34
doorknob,metal,table,wood,34
doorknob,metal,wall,cement,34
doorknob,metal,water,oxygen,34
doorknob,metal,wig,hair,34
doorknob,metal,wine,grapes,34
doorknob,metal,wire,metal,34
doorknob,metal,yogurt,milk,34
flag,fabric,glacier,ice,34
flag,fabric,glass,silicone,34
flag,fabric,house,bricks,34
flag,fabric,ice,water,34
flag,fabric,icicle,ice,34
flag,fabric,jam,fruit,34
flag,fabric,jeans,fabric,34
flag,fabric,lawn,grass,34
flag,fabric,lens,glass,34
flag,fabric,mirror,glass,34
flag,fabric,money,paper,34
flag,fabric,ocean,water,34
flag,fabric,omelette,eggs,34
flag,fabric,pastry,flour,34
flag,fabric,penny,metal,34
flag,fabric,pill,medicine,34
flag,fabric,plastic,polymer,34
flag,fabric,roof,shingles,34
flag,fabric,sea,water,34
flag,fabric,snow,water,34
flag,fabric,spoon,aluminium,34
flag,fabric,steel,iron,34
flag,fabric,table,wood,34
flag,fabric,wall,cement,34
flag,fabric,water,oxygen,34
flag,fabric,wig,hair,34
flag,fabric,wine,grapes,34
flag,fabric,wire,metal,34
flag,fabric,yogurt,milk,34
glacier,ice,glass,silicone,34
glacier,ice,house,bricks,34
glacier,ice,ice,water,34
glacier,ice,icicle,ice,34
glacier,ice,jam,fruit,34
glacier,ice,jeans,fabric,34
glacier,ice,lawn,grass,34
glacier,ice,lens,glass,34
glacier,ice,mirror,glass,34
glacier,ice,money,paper,34
glacier,ice,ocean,water,34
glacier,ice,omelette,eggs,34
glacier,ice,pastry,flour,34
glacier,ice,penny,metal,34
glacier,ice,pill,medicine,34
glacier,ice,plastic,polymer,34
glacier,ice,roof,shingles,34
glacier,ice,sea,water,34
glacier,ice,snow,water,34
glacier,ice,spoon,aluminium,34
glacier,ice,steel,iron,34
glacier,ice,table,wood,34
glacier,ice,wall,cement,34
glacier,ice,water,oxygen,34
glacier,ice,wig,hair,34
glacier,ice,wine,grapes,34
glacier,ice,wire,metal,34
glacier,ice,yogurt,milk,34
glass,silicone,house,bricks,34
glass,silicone,ice,water,34
glass,silicone,icicle,ice,34
glass,silicone,jam,fruit,34
glass,silicone,jeans,fabric,34
glass,silicone,lawn,grass,34
glass,silicone,lens,glass,34
glass,silicone,mirror,glass,34
glass,silicone,money,paper,34
glass,silicone,ocean,water,34
glass,silicone,omelette,eggs,34
glass,silicone,pastry,flour,34
glass,silicone,penny,metal,34
glass,silicone,pill,medicine,34
glass,silicone,plastic,polymer,34
glass,silicone,roof,shingles,34
glass,silicone,sea,water,34
glass,silicone,snow,water,34
glass,silicone,spoon,aluminium,34
glass,silicone,steel,iron,34
glass,silicone,table,wood,34
glass,silicone,wall,cement,34
glass,silicone,water,oxygen,34
glass,silicone,wig,hair,34
glass,silicone,wine,grapes,34
glass,silicone,wire,metal,34
glass,silicone,yogurt,milk,34
house,bricks,ice,water,34
house,bricks,icicle,ice,34
house,bricks,jam,fruit,34
house,bricks,jeans,fabric,34
house,bricks,lawn,grass,34
house,bricks,lens,glass,34
house,bricks,mirror,glass,34
house,bricks,money,paper,34
house,bricks,ocean,water,34
house,bricks,omelette,eggs,34
house,bricks,pastry,flour,34
house,bricks,penny,metal,34
house,bricks,pill,medicine,34
house,bricks,plastic,polymer,34
house,bricks,roof,shingles,34
house,bricks,sea,water,34
house,bricks,snow,water,34
house,bricks,spoon,aluminium,34
house,bricks,steel,iron,34
house,bricks,table,wood,34
house,bricks,wall,cement,34
house,bricks,water,oxygen,34
house,bricks,wig,hair,34
house,bricks,wine,grapes,34
house,bricks,wire,metal,34
house,bricks,yogurt,milk,34
ice,water,icicle,ice,34
ice,water,jam,fruit,34
ice,water,jeans,fabric,34
ice,water,lawn,grass,34
ice,water,lens,glass,34
ice,water,mirror,glass,34
ice,water,money,paper,34
ice,water,ocean,water,34
ice,water,omelette,eggs,34
ice,water,pastry,flour,34
ice,water,penny,metal,34
ice,water,pill,medicine,34
ice,water,plastic,polymer,34
ice,water,roof,shingles,34
ice,water,sea,water,34
ice,water,snow,water,34
ice,water,spoon,aluminium,34
ice,water,steel,iron,34
ice,water,table,wood,34
ice,water,wall,cement,34
ice,water,water,oxygen,34
ice,water,wig,hair,34
ice,water,wine,grapes,34
ice,water,wire,metal,34
ice,water,yogurt,milk,34
icicle,ice,jam,fruit,34
icicle,ice,jeans,fabric,34
icicle,ice,lawn,grass,34
icicle,ice,lens,glass,34
icicle,ice,mirror,glass,34
icicle,ice,money,paper,34
icicle,ice,ocean,water,34
icicle,ice,omelette,eggs,34
icicle,ice,pastry,flour,34
icicle,ice,penny,metal,34
icicle,ice,pill,medicine,34
icicle,ice,plastic,polymer,34
icicle,ice,roof,shingles,34
icicle,ice,sea,water,34
icicle,ice,snow,water,34
icicle,ice,spoon,aluminium,34
icicle,ice,steel,iron,34
icicle,ice,table,wood,34
icicle,ice,wall,cement,34
icicle,ice,water,oxygen,34
icicle,ice,wig,hair,34
icicle,ice,wine,grapes,34
icicle,ice,wire,metal,34
icicle,ice,yogurt,milk,34
jam,fruit,jeans,fabric,34
jam,fruit,lawn,grass,34
jam,fruit,lens,glass,34
jam,fruit,mirror,glass,34
jam,fruit,money,paper,34
jam,fruit,ocean,water,34
jam,fruit,omelette,eggs,34
jam,fruit,pastry,flour,34
jam,fruit,penny,metal,34
jam,fruit,pill,medicine,34
jam,fruit,plastic,polymer,34
jam,fruit,roof,shingles,34
jam,fruit,sea,water,34
jam,fruit,snow,water,34
jam,fruit,spoon,aluminium,34
jam,fruit,steel,iron,34
jam,fruit,table,wood,34
jam,fruit,wall,cement,34
jam,fruit,water,oxygen,34
jam,fruit,wig,hair,34
jam,fruit,wine,grapes,34
jam,fruit,wire,metal,34
jam,fruit,yogurt,milk,34
jeans,fabric,lawn,grass,34
jeans,fabric,lens,glass,34
jeans,fabric,mirror,glass,34
jeans,fabric,money,paper,34
jeans,fabric,ocean,water,34
jeans,fabric,omelette,eggs,34
jeans,fabric,pastry,flour,34
jeans,fabric,penny,metal,34
jeans,fabric,pill,medicine,34
jeans,fabric,plastic,polymer,34
jeans,fabric,roof,shingles,34
jeans,fabric,sea,water,34
jeans,fabric,snow,water,34
jeans,fabric,spoon,aluminium,34
jeans,fabric,steel,iron,34
jeans,fabric,table,wood,34
jeans,fabric,wall,cement,34
jeans,fabric,water,oxygen,34
jeans,fabric,wig,hair,34
jeans,fabric,wine,grapes,34
jeans,fabric,wire,metal,34
jeans,fabric,yogurt,milk,34
lawn,grass,lens,glass,34
lawn,grass,mirror,glass,34
lawn,grass,money,paper,34
lawn,grass,ocean,water,34
lawn,grass,omelette,eggs,34
lawn,grass,pastry,flour,34
lawn,grass,penny,metal,34
lawn,grass,pill,medicine,34
lawn,grass,plastic,polymer,34
lawn,grass,roof,shingles,34
lawn,grass,sea,water,34
lawn,grass,snow,water,34
lawn,grass,spoon,aluminium,34
lawn,grass,steel,iron,34
lawn,grass,table,wood,34
lawn,grass,wall,cement,34
lawn,grass,water,oxygen,34
lawn,grass,wig,hair,34
lawn,grass,wine,grapes,34
lawn,grass,wire,metal,34
lawn,grass,yogurt,milk,34
lens,glass,mirror,glass,34
lens,glass,money,paper,34
lens,glass,ocean,water,34
lens,glass,omelette,eggs,34
lens,glass,pastry,flour,34
lens,glass,penny,metal,34
lens,glass,pill,medicine,34
lens,glass,plastic,polymer,34
lens,glass,roof,shingles,34
lens,glass,sea,water,34
lens,glass,snow,water,34
lens,glass,spoon,aluminium,34
lens,glass,steel,iron,34
lens,glass,table,wood,34
lens,glass,wall,cement,34
lens,glass,water,oxygen,34
lens,glass,wig,hair,34
lens,glass,wine,grapes,34
lens,glass,wire,metal,34
lens,glass,yogurt,milk,34
mirror,glass,money,paper,34
mirror,glass,ocean,water,34
mirror,glass,omelette,eggs,34
mirror,glass,pastry,flour,34
mirror,glass,penny,metal,34
mirror,glass,pill,medicine,34
mirror,glass,plastic,polymer,34
mirror,glass,roof,shingles,34
mirror,glass,sea,water,34
mirror,glass,snow,water,34
mirror,glass,spoon,aluminium,34
mirror,glass,steel,iron,34
mirror,glass,table,wood,34
mirror,glass,wall,cement,34
mirror,glass,water,oxygen,34
mirror,glass,wig,hair,34
mirror,glass,wine,grapes,34
mirror,glass,wire,metal,34
mirror,glass,yogurt,milk,34
money,paper,ocean,water,34
money,paper,omelette,eggs,34
money,paper,pastry,flour,34
money,paper,penny,metal,34
money,paper,pill,medicine,34
money,paper,plastic,polymer,34
money,paper,roof,shingles,34
money,paper,sea,water,34
money,paper,snow,water,34
money,paper,spoon,aluminium,34
money,paper,steel,iron,34
money,paper,table,wood,34
money,paper,wall,cement,34
money,paper,water,oxygen,34
money,paper,wig,hair,34
money,paper,wine,grapes,34
money,paper,wire,metal,34
money,paper,yogurt,milk,34
ocean,water,omelette,eggs,34
ocean,water,pastry,flour,34
ocean,water,penny,metal,34
ocean,water,pill,medicine,34
ocean,water,plastic,polymer,34
ocean,water,roof,shingles,34
ocean,water,sea,water,34
ocean,water,snow,water,34
ocean,water,spoon,aluminium,34
ocean,water,steel,iron,34
ocean,water,table,wood,34
ocean,water,wall,cement,34
ocean,water,water,oxygen,34
ocean,water,wig,hair,34
ocean,water,wine,grapes,34
ocean,water,wire,metal,34
ocean,water,yogurt,milk,34
omelette,eggs,pastry,flour,34
omelette,eggs,penny,metal,34
omelette,eggs,pill,medicine,34
omelette,eggs,plastic,polymer,34
omelette,eggs,roof,shingles,34
omelette,eggs,sea,water,34
omelette,eggs,snow,water,34
omelette,eggs,spoon,aluminium,34
omelette,eggs,steel,iron,34
omelette,eggs,table,wood,34
omelette,eggs,wall,cement,34
omelette,eggs,water,oxygen,34
omelette,eggs,wig,hair,34
omelette,eggs,wine,grapes,34
omelette,eggs,wire,metal,34
omelette,eggs,yogurt,milk,34
pastry,flour,penny,metal,34
pastry,flour,pill,medicine,34
pastry,flour,plastic,polymer,34
pastry,flour,roof,shingles,34
pastry,flour,sea,water,34
pastry,flour,snow,water,34
pastry,flour,spoon,aluminium,34
pastry,flour,steel,iron,34
pastry,flour,table,wood,34
pastry,flour,wall,cement,34
pastry,flour,water,oxygen,34
pastry,flour,wig,hair,34
pastry,flour,wine,grapes,34
pastry,flour,wire,metal,34
pastry,flour,yogurt,milk,34
penny,metal,pill,medicine,34
penny,metal,plastic,polymer,34
penny,metal,roof,shingles,34
penny,metal,sea,water,34
penny,metal,snow,water,34
penny,metal,spoon,aluminium,34
penny,metal,steel,iron,34
penny,metal,table,wood,34
penny,metal,wall,cement,34
penny,metal,water,oxygen,34
penny,metal,wig,hair,34
penny,metal,wine,grapes,34
penny,metal,wire,metal,34
penny,metal,yogurt,milk,34
pill,medicine,plastic,polymer,34
pill,medicine,roof,shingles,34
pill,medicine,sea,water,34
pill,medicine,snow,water,34
pill,medicine,spoon,aluminium,34
pill,medicine,steel,iron,34
pill,medicine,table,wood,34
pill,medicine,wall,cement,34
pill,medicine,water,oxygen,34
pill,medicine,wig,hair,34
pill,medicine,wine,grapes,34
pill,medicine,wire,metal,34
pill,medicine,yogurt,milk,34
plastic,polymer,roof,shingles,34
plastic,polymer,sea,water,34
plastic,polymer,snow,water,34
plastic,polymer,spoon,aluminium,34
plastic,polymer,steel,iron,34
plastic,polymer,table,wood,34
plastic,polymer,wall,cement,34
plastic,polymer,water,oxygen,34
plastic,polymer,wig,hair,34
plastic,polymer,wine,grapes,34
plastic,polymer,wire,metal,34
plastic,polymer,yogurt,milk,34
roof,shingles,sea,water,34
roof,shingles,snow,water,34
roof,shingles,spoon,aluminium,34
roof,shingles,steel,iron,34
roof,shingles,table,wood,34
roof,shingles,wall,cement,34
roof,shingles,water,oxygen,34
roof,shingles,wig,hair,34
roof,shingles,wine,grapes,34
roof,shingles,wire,metal,34
roof,shingles,yogurt,milk,34
sea,water,snow,water,34
sea,water,spoon,aluminium,34
sea,water,steel,iron,34
sea,water,table,wood,34
sea,water,wall,cement,34
sea,water,water,oxygen,34
sea,water,wig,hair,34
sea,water,wine,grapes,34
sea,water,wire,metal,34
sea,water,yogurt,milk,34
snow,water,spoon,aluminium,34
snow,water,steel,iron,34
snow,water,table,wood,34
snow,water,wall,cement,34
snow,water,water,oxygen,34
snow,water,wig,hair,34
snow,water,wine,grapes,34
snow,water,wire,metal,34
snow,water,yogurt,milk,34
spoon,aluminium,steel,iron,34
spoon,aluminium,table,wood,34
spoon,aluminium,wall,cement,34
spoon,aluminium,water,oxygen,34
spoon,aluminium,wig,hair,34
spoon,aluminium,wine,grapes,34
spoon,aluminium,wire,metal,34
spoon,aluminium,yogurt,milk,34
steel,iron,table,wood,34
steel,iron,wall,cement,34
steel,iron,water,oxygen,34
steel,iron,wig,hair,34
steel,iron,wine,grapes,34
steel,iron,wire,metal,34
steel,iron,yogurt,milk,34
table,wood,wall,cement,34
table,wood,water,oxygen,34
table,wood,wig,hair,34
table,wood,wine,grapes,34
table,wood,wire,metal,34
table,wood,yogurt,milk,34
wall,cement,water,oxygen,34
wall,cement,wig,hair,34
wall,cement,wine,grapes,34
wall,cement,wire,metal,34
wall,cement,yogurt,milk,34
water,oxygen,wig,hair,34
water,oxygen,wine,grapes,34
water,oxygen,wire,metal,34
water,oxygen,yogurt,milk,34
wig,hair,wine,grapes,34
wig,hair,wire,metal,34
wig,hair,yogurt,milk,34
wine,grapes,wire,metal,34
wine,grapes,yogurt,milk,34
wire,metal,yogurt,milk,34
