academia,college,apartment,bedroom,36
academia,college,bird,feathers,36
academia,college,brush,bristle,36
academia,college,bus,seats,36
academia,college,byte,bit,36
academia,college,car,engine,36
academia,college,castle,donjon,36
academia,college,cat,whiskers,36
academia,college,chair,seat,36
academia,college,church,altar,36
academia,college,comb,teeth,36
academia,college,day,hour,36
academia,college,deer,antler,36
academia,college,dollar,cent,36
academia,college,door,hinge,36
academia,college,dress,sleeve,36
academia,college,filename,extension,36
academia,college,flower,petal,36
academia,college,gigabit,megabit,36
academia,college,gramm,milligram,36
academia,college,guitar,string,36
academia,college,gun,trigger,36
academia,college,harbor,dock,36
academia,college,jail,cell,36
academia,college,jewellery,bead,36
academia,college,litre,millilitre,36
academia,college,movie,scene,36
academia,college,orthography,hyphenation,36
academia,college,piano,keyboard,36
academia,college,pie,crust,36
academia,college,poem,stanza,36
academia,college,pub,bar,36
academia,college,radio,receiver,36
academia,college,railcar,suspension,36
academia,college,seafront,harbor,36
academia,college,shilling,pence,36
academia,college,shirt,button,36
academia,college,sonata,movement,36
academia,college,staircase,step,36
academia,college,sword,blade,36
academia,college,table,tabletop,36
academia,college,teapot,spout,36
academia,college,telephone,receiver,36
academia,college,tonne,kilogram,36
academia,college,torso,chest,36
academia,college,tripod,leg,36
academia,college,typewriter,keyboard,36
academia,college,window,pane,36
academia,college,womb,cervix,36
apartment,bedroom,bird,feathers,36
apartment,bedroom,brush,bristle,36
apartment,bedroom,bus,seats,36
apartment,bedroom,byte,bit,36
apartment,bedroom,car,engine,36
apartment,bedroom,castle,donjon,36
apartment,bedroom,cat,whiskers,36
apartment,bedroom,chair,seat,36
apartment,bedroom,church,altar,36
apartment,bedroom,comb,teeth,36
apartment,bedroom,day,hour,36
apartment,bedroom,deer,antler,36
apartment,bedroom,dollar,cent,36
apartment,bedroom,door,hinge,36
apartment,bedroom,dress,sleeve,36
apartment,bedroom,filename,extension,36
apartment,bedroom,flower,petal,36
apartment,bedroom,gigabit,megabit,36
apartment,bedroom,gramm,milligram,36
apartment,bedroom,guitar,string,36
apartment,bedroom,gun,trigger,36
apartment,bedroom,harbor,dock,36
apartment,bedroom,jail,cell,36
apartment,bedroom,jewellery,bead,36
apartment,bedroom,litre,millilitre,36
apartment,bedroom,movie,scene,36
apartment,bedroom,orthography,hyphenation,36
apartment,bedroom,piano,keyboard,36
apartment,bedroom,pie,crust,36
apartment,bedroom,poem,stanza,36
apartment,bedroom,pub,bar,36
apartment,bedroom,radio,receiver,36
apartment,bedroom,railcar,suspension,36
apartment,bedroom,seafront,harbor,36
apartment,bedroom,shilling,pence,36
apartment,bedroom,shirt,button,36
apartment,bedroom,sonata,movement,36
apartment,bedroom,staircase,step,36
apartment,bedroom,sword,blade,36
apartment,bedroom,table,tabletop,36
apartment,bedroom,teapot,spout,36
apartment,bedroom,telephone,receiver,36
apartment,bedroom,tonne,kilogram,36
apartment,bedroom,torso,chest,36
apartment,bedroom,tripod,leg,36
apartment,bedroom,typewriter,keyboard,36
apartment,bedroom,window,pane,36
apartment,bedroom,womb,cervix,36
bird,feathers,brush,bristle,36
bird,feathers,bus,seats,36
bird,feathers,byte,bit,36
bird,feathers,car,engine,36
bird,feathers,castle,donjon,36
bird,feathers,cat,whiskers,36
bird,feathers,chair,seat,36
bird,feathers,church,altar,36
bird,feathers,comb,teeth,36
bird,feathers,day,hour,36
bird,feathers,deer,antler,36
bird,feathers,dollar,cent,36
bird,feathers,door,hinge,36
bird,feathers,dress,sleeve,36
bird,feathers,filename,extension,36
bird,feathers,flower,petal,36
bird,feathers,gigabit,megabit,36
bird,feathers,gramm,milligram,36
bird,feathers,guitar,string,36
bird,feathers,gun,trigger,36
bird,feathers,harbor,dock,36
bird,feathers,jail,cell,36
bird,feathers,jewellery,bead,36
bird,feathers,litre,millilitre,36
bird,feathers,movie,scene,36
bird,feathers,orthography,hyphenation,36
bird,feathers,piano,keyboard,36
bird,feathers,pie,crust,36
bird,feathers,poem,stanza,36
bird,feathers,pub,bar,36
bird,feathers,radio,receiver,36
bird,feathers,railcar,suspension,36
bird,feathers,seafront,harbor,36
bird,feathers,shilling,pence,36
bird,feathers,shirt,button,36
bird,feathers,sonata,movement,36
bird,feathers,staircase,step,36
bird,feathers,sword,blade,36
bird,feathers,table,tabletop,36
bird,feathers,teapot,spout,36
bird,feathers,telephone,receiver,36
bird,feathers,tonne,kilogram,36
bird,feathers,torso,chest,36
bird,feathers,tripod,leg,36
bird,feathers,typewriter,keyboard,36
bird,feathers,window,pane,36
bird,feathers,womb,cervix,36
brush,bristle,bus,seats,36
brush,bristle,byte,bit,36
brush,bristle,car,engine,36
brush,bristle,castle,donjon,36
brush,bristle,cat,whiskers,36
brush,bristle,chair,seat,36
brush,bristle,church,altar,36
brush,bristle,comb,teeth,36
brush,bristle,day,hour,36
brush,bristle,deer,antler,36
brush,bristle,dollar,cent,36
brush,bristle,door,hinge,36
brush,bristle,dress,sleeve,36
brush,bristle,filename,extension,36
brush,bristle,flower,petal,36
brush,bristle,gigabit,megabit,36
brush,bristle,gramm,milligram,36
brush,bristle,guitar,string,36
brush,bristle,gun,trigger,36
brush,bristle,harbor,dock,36
brush,bristle,jail,cell,36
brush,bristle,jewellery,bead,36
brush,bristle,litre,millilitre,36
brush,bristle,movie,scene,36
brush,bristle,orthography,hyphenation,36
brush,bristle,piano,keyboard,36
brush,bristle,pie,crust,36
brush,bristle,poem,stanza,36
brush,bristle,pub,bar,36
brush,bristle,radio,receiver,36
brush,bristle,railcar,suspension,36
brush,bristle,seafront,harbor,36
brush,bristle,shilling,pence,36
brush,bristle,shirt,button,36
brush,bristle,sonata,movement,36
brush,bristle,staircase,step,36
brush,bristle,sword,blade,36
brush,bristle,table,tabletop,36
brush,bristle,teapot,spout,36
brush,bristle,telephone,receiver,36
brush,bristle,tonne,kilogram,36
brush,bristle,torso,chest,36
brush,bristle,tripod,leg,36
brush,bristle,typewriter,keyboard,36
brush,bristle,window,pane,36
brush,bristle,womb,cervix,36
bus,seats,byte,bit,36
bus,seats,car,engine,36
bus,seats,castle,donjon,36
bus,seats,cat,whiskers,36
bus,seats,chair,seat,36
bus,seats,church,altar,36
bus,seats,comb,teeth,36
bus,seats,day,hour,36
bus,seats,deer,antler,36
bus,seats,dollar,cent,36
bus,seats,door,hinge,36
bus,seats,dress,sleeve,36
bus,seats,filename,extension,36
bus,seats,flower,petal,36
bus,seats,gigabit,megabit,36
bus,seats,gramm,milligram,36
bus,seats,guitar,string,36
bus,seats,gun,trigger,36
bus,seats,harbor,dock,36
bus,seats,jail,cell,36
bus,seats,jewellery,bead,36
bus,seats,litre,millilitre,36
bus,seats,movie,scene,36
bus,seats,orthography,hyphenation,36
bus,seats,piano,keyboard,36
bus,seats,pie,crust,36
bus,seats,poem,stanza,36
bus,seats,pub,bar,36
bus,seats,radio,receiver,36
bus,seats,railcar,suspension,36
bus,seats,seafront,harbor,36
bus,seats,shilling,pence,36
bus,seats,shirt,button,36
bus,seats,sonata,movement,36
bus,seats,staircase,step,36
bus,seats,sword,blade,36
bus,seats,table,tabletop,36
bus,seats,teapot,spout,36
bus,seats,telephone,receiver,36
bus,seats,tonne,kilogram,36
bus,seats,torso,chest,36
bus,seats,tripod,leg,36
bus,seats,typewriter,keyboard,36
bus,seats,window,pane,36
bus,seats,womb,cervix,36
byte,bit,car,engine,36
byte,bit,castle,donjon,36
byte,bit,cat,whiskers,36
byte,bit,chair,seat,36
byte,bit,church,altar,36
byte,bit,comb,teeth,36
byte,bit,day,hour,36
byte,bit,deer,antler,36
byte,bit,dollar,cent,36
byte,bit,door,hinge,36
byte,bit,dress,sleeve,36
byte,bit,filename,extension,36
byte,bit,flower,petal,36
byte,bit,gigabit,megabit,36
byte,bit,gramm,milligram,36
byte,bit,guitar,string,36
byte,bit,gun,trigger,36
byte,bit,harbor,dock,36
byte,bit,jail,cell,36
byte,bit,jewellery,bead,36
byte,bit,litre,millilitre,36
byte,bit,movie,scene,36
byte,bit,orthography,hyphenation,36
byte,bit,piano,keyboard,36
byte,bit,pie,crust,36
byte,bit,poem,stanza,36
byte,bit,pub,bar,36
byte,bit,radio,receiver,36
byte,bit,railcar,suspension,36
byte,bit,seafront,harbor,36
byte,bit,shilling,pence,36
byte,bit,shirt,button,36
byte,bit,sonata,movement,36
byte,bit,staircase,step,36
byte,bit,sword,blade,36
byte,bit,table,tabletop,36
byte,bit,teapot,spout,36
byte,bit,telephone,receiver,36
byte,bit,tonne,kilogram,36
byte,bit,torso,chest,36
byte,bit,tripod,leg,36
byte,bit,typewriter,keyboard,36
byte,bit,window,pane,36
byte,bit,womb,cervix,36
car,engine,castle,donjon,36
car,engine,cat,whiskers,36
car,engine,chair,seat,36
car,engine,church,altar,36
car,engine,comb,teeth,36
car,engine,day,hour,36
car,engine,deer,antler,36
car,engine,dollar,cent,36
car,engine,door,hinge,36
car,engine,dress,sleeve,36
car,engine,filename,extension,36
car,engine,flower,petal,36
car,engine,gigabit,megabit,36
car,engine,gramm,milligram,36
car,engine,guitar,string,36
car,engine,gun,trigger,36
car,engine,harbor,dock,36
car,engine,jail,cell,36
car,engine,jewellery,bead,36
car,engine,litre,millilitre,36
car,engine,movie,scene,36
car,engine,orthography,hyphenation,36
car,engine,piano,keyboard,36
car,engine,pie,crust,36
car,engine,poem,stanza,36
car,engine,pub,bar,36
car,engine,radio,receiver,36
car,engine,railcar,suspension,36
car,engine,seafront,harbor,36
car,engine,shilling,pence,36
car,engine,shirt,button,36
car,engine,sonata,movement,36
car,engine,staircase,step,36
car,engine,sword,blade,36
car,engine,table,tabletop,36
car,engine,teapot,spout,36
car,engine,telephone,receiver,36
car,engine,tonne,kilogram,36
car,engine,torso,chest,36
car,engine,tripod,leg,36
car,engine,typewriter,keyboard,36
car,engine,window,pane,36
car,engine,womb,cervix,36
castle,donjon,cat,whiskers,36
castle,donjon,chair,seat,36
castle,donjon,church,altar,36
castle,donjon,comb,teeth,36
castle,donjon,day,hour,36
castle,donjon,deer,antler,36
castle,donjon,dollar,cent,36
castle,donjon,door,hinge,36
castle,donjon,dress,sleeve,36
castle,donjon,filename,extension,36
castle,donjon,flower,petal,36
castle,donjon,gigabit,megabit,36
castle,donjon,gramm,milligram,36
castle,donjon,guitar,string,36
castle,donjon,gun,trigger,36
castle,donjon,harbor,dock,36
castle,donjon,jail,cell,36
castle,donjon,jewellery,bead,36
castle,donjon,litre,millilitre,36
castle,donjon,movie,scene,36
castle,donjon,orthography,hyphenation,36
castle,donjon,piano,keyboard,36
castle,donjon,pie,crust,36
castle,donjon,poem,stanza,36
castle,donjon,pub,bar,36
castle,donjon,radio,receiver,36
castle,donjon,railcar,suspension,36
castle,donjon,seafront,harbor,36
castle,donjon,shilling,pence,36
castle,donjon,shirt,button,36
castle,donjon,sonata,movement,36
castle,donjon,staircase,step,36
castle,donjon,sword,blade,36
castle,donjon,table,tabletop,36
castle,donjon,teapot,spout,36
castle,donjon,telephone,receiver,36
castle,donjon,tonne,kilogram,36
castle,donjon,torso,chest,36
castle,donjon,tripod,leg,36
castle,donjon,typewriter,keyboard,36
castle,donjon,window,pane,36
castle,donjon,womb,cervix,36
cat,whiskers,chair,seat,36
cat,whiskers,church,altar,36
cat,whiskers,comb,teeth,36
cat,whiskers,day,hour,36
cat,whiskers,deer,antler,36
cat,whiskers,dollar,cent,36
cat,whiskers,door,hinge,36
cat,whiskers,dress,sleeve,36
cat,whiskers,filename,extension,36
cat,whiskers,flower,petal,36
cat,whiskers,gigabit,megabit,36
cat,whiskers,gramm,milligram,36
cat,whiskers,guitar,string,36
cat,whiskers,gun,trigger,36
cat,whiskers,harbor,dock,36
cat,whiskers,jail,cell,36
cat,whiskers,jewellery,bead,36
cat,whiskers,litre,millilitre,36
cat,whiskers,movie,scene,36
cat,whiskers,orthography,hyphenation,36
cat,whiskers,piano,keyboard,36
cat,whiskers,pie,crust,36
cat,whiskers,poem,stanza,36
cat,whiskers,pub,bar,36
cat,whiskers,radio,receiver,36
cat,whiskers,railcar,suspension,36
cat,whiskers,seafront,harbor,36
cat,whiskers,shilling,pence,36
cat,whiskers,shirt,button,36
cat,whiskers,sonata,movement,36
cat,whiskers,staircase,step,36
cat,whiskers,sword,blade,36
cat,whiskers,table,tabletop,36
cat,whiskers,teapot,spout,36
cat,whiskers,telephone,receiver,36
cat,whiskers,tonne,kilogram,36
cat,whiskers,torso,chest,36
cat,whiskers,tripod,leg,36
cat,whiskers,typewriter,keyboard,36
cat,whiskers,window,pane,36
cat,whiskers,womb,cervix,36
chair,seat,church,altar,36
chair,seat,comb,teeth,36
chair,seat,day,hour,36
chair,seat,deer,antler,36
chair,seat,dollar,cent,36
chair,seat,door,hinge,36
chair,seat,dress,sleeve,36
chair,seat,filename,extension,36
chair,seat,flower,petal,36
chair,seat,gigabit,megabit,36
chair,seat,gramm,milligram,36
chair,seat,guitar,string,36
chair,seat,gun,trigger,36
chair,seat,harbor,dock,36
chair,seat,jail,cell,36
chair,seat,jewellery,bead,36
chair,seat,litre,millilitre,36
chair,seat,movie,scene,36
chair,seat,orthography,hyphenation,36
chair,seat,piano,keyboard,36
chair,seat,pie,crust,36
chair,seat,poem,stanza,36
chair,seat,pub,bar,36
chair,seat,radio,receiver,36
chair,seat,railcar,suspension,36
chair,seat,seafront,harbor,36
chair,seat,shilling,pence,36
chair,seat,shirt,button,36
chair,seat,sonata,movement,36
chair,seat,staircase,step,36
chair,seat,sword,blade,36
chair,seat,table,tabletop,36
chair,seat,teapot,spout,36
chair,seat,telephone,receiver,36
chair,seat,tonne,kilogram,36
chair,seat,torso,chest,36
chair,seat,tripod,leg,36
chair,seat,typewriter,keyboard,36
chair,seat,window,pane,36
chair,seat,womb,cervix,36
church,altar,comb,teeth,36
church,altar,day,hour,36
church,altar,deer,antler,36
church,altar,dollar,cent,36
church,altar,door,hinge,36
church,altar,dress,sleeve,36
church,altar,filename,extension,36
church,altar,flower,petal,36
church,altar,gigabit,megabit,36
church,altar,gramm,milligram,36
church,altar,guitar,string,36
church,altar,gun,trigger,36
church,altar,harbor,dock,36
church,altar,jail,cell,36
church,altar,jewellery,bead,36
church,altar,litre,millilitre,36
church,altar,movie,scene,36
church,altar,orthography,hyphenation,36
church,altar,piano,keyboard,36
church,altar,pie,crust,36
church,altar,poem,stanza,36
church,altar,pub,bar,36
church,altar,radio,receiver,36
church,altar,railcar,suspension,36
church,altar,seafront,harbor,36
church,altar,shilling,pence,36
church,altar,shirt,button,36
church,altar,sonata,movement,36
church,altar,staircase,step,36
church,altar,sword,blade,36
church,altar,table,tabletop,36
church,altar,teapot,spout,36
church,altar,telephone,receiver,36
church,altar,tonne,kilogram,36
church,altar,torso,chest,36
church,altar,tripod,leg,36
church,altar,typewriter,keyboard,36
church,altar,window,pane,36
church,altar,womb,cervix,36
comb,teeth,day,hour,36
comb,teeth,deer,antler,36
comb,teeth,dollar,cent,36
comb,teeth,door,hinge,36
comb,teeth,dress,sleeve,36
comb,teeth,filename,extension,36
comb,teeth,flower,petal,36
comb,teeth,gigabit,megabit,36
comb,teeth,gramm,milligram,36
comb,teeth,guitar,string,36
comb,teeth,gun,trigger,36
comb,teeth,harbor,dock,36
comb,teeth,jail,cell,36
comb,teeth,jewellery,bead,36
comb,teeth,litre,millilitre,36
comb,teeth,movie,scene,36
comb,teeth,orthography,hyphenation,36
comb,teeth,piano,keyboard,36
comb,teeth,pie,crust,36
comb,teeth,poem,stanza,36
comb,teeth,pub,bar,36
comb,teeth,radio,receiver,36
comb,teeth,railcar,suspension,36
comb,teeth,seafront,harbor,36
comb,teeth,shilling,pence,36
comb,teeth,shirt,button,36
comb,teeth,sonata,movement,36
comb,teeth,staircase,step,36
comb,teeth,sword,blade,36
comb,teeth,table,tabletop,36
comb,teeth,teapot,spout,36
comb,teeth,telephone,receiver,36
comb,teeth,tonne,kilogram,36
comb,teeth,torso,chest,36
comb,teeth,tripod,leg,36
comb,teeth,typewriter,keyboard,36
comb,teeth,window,pane,36
comb,teeth,womb,cervix,36
day,hour,deer,antler,36
day,hour,dollar,cent,36
day,hour,door,hinge,36
day,hour,dress,sleeve,36
day,hour,filename,extension,36
day,hour,flower,petal,36
day,hour,gigabit,megabit,36
day,hour,gramm,milligram,36
day,hour,guitar,string,36
day,hour,gun,trigger,36
day,hour,harbor,dock,36
day,hour,jail,cell,36
day,hour,jewellery,bead,36
day,hour,litre,millilitre,36
day,hour,movie,scene,36
day,hour,orthography,hyphenation,36
day,hour,piano,keyboard,36
day,hour,pie,crust,36
day,hour,poem,stanza,36
day,hour,pub,bar,36
day,hour,radio,receiver,36
day,hour,railcar,suspension,36
day,hour,seafront,harbor,36
day,hour,shilling,pence,36
day,hour,shirt,button,36
day,hour,sonata,movement,36
day,hour,staircase,step,36
day,hour,sword,blade,36
day,hour,table,tabletop,36
day,hour,teapot,spout,36
day,hour,telephone,receiver,36
day,hour,tonne,kilogram,36
day,hour,torso,chest,36
day,hour,tripod,leg,36
day,hour,typewriter,keyboard,36
day,hour,window,pane,36
day,hour,womb,cervix,36
deer,antler,dollar,cent,36
deer,antler,door,hinge,36
deer,antler,dress,sleeve,36
deer,antler,filename,extension,36
deer,antler,flower,petal,36
deer,antler,gigabit,megabit,36
deer,antler,gramm,milligram,36
deer,antler,guitar,string,36
deer,antler,gun,trigger,36
deer,antler,harbor,dock,36
deer,antler,jail,cell,36
deer,antler,jewellery,bead,36
deer,antler,litre,millilitre,36
deer,antler,movie,scene,36
deer,antler,orthography,hyphenation,36
deer,antler,piano,keyboard,36
deer,antler,pie,crust,36
deer,antler,poem,stanza,36
deer,antler,pub,bar,36
deer,antler,radio,receiver,36
deer,antler,railcar,suspension,36
deer,antler,seafront,harbor,36
deer,antler,shilling,pence,36
deer,antler,shirt,button,36
deer,antler,sonata,movement,36
deer,antler,staircase,step,36
deer,antler,sword,blade,36
deer,antler,table,tabletop,36
deer,antler,teapot,spout,36
deer,antler,telephone,receiver,36
deer,antler,tonne,kilogram,36
deer,antler,torso,chest,36
deer,antler,tripod,leg,36
deer,antler,typewriter,keyboard,36
deer,antler,window,pane,36
deer,antler,womb,cervix,36
dollar,cent,door,hinge,36
dollar,cent,dress,sleeve,36
dollar,cent,filename,extension,36
dollar,cent,flower,petal,36
dollar,cent,gigabit,megabit,36
dollar,cent,gramm,milligram,36
dollar,cent,guitar,string,36
dollar,cent,gun,trigger,36
dollar,cent,harbor,dock,36
dollar,cent,jail,cell,36
dollar,cent,jewellery,bead,36
dollar,cent,litre,millilitre,36
dollar,cent,movie,scene,36
dollar,cent,orthography,hyphenation,36
dollar,cent,piano,keyboard,36
dollar,cent,pie,crust,36
dollar,cent,poem,stanza,36
dollar,cent,pub,bar,36
dollar,cent,radio,receiver,36
dollar,cent,railcar,suspension,36
dollar,cent,seafront,harbor,36
dollar,cent,shilling,pence,36
dollar,cent,shirt,button,36
dollar,cent,sonata,movement,36
dollar,cent,staircase,step,36
dollar,cent,sword,blade,36
dollar,cent,table,tabletop,36
dollar,cent,teapot,spout,36
dollar,cent,telephone,receiver,36
dollar,cent,tonne,kilogram,36
dollar,cent,torso,chest,36
dollar,cent,tripod,leg,36
dollar,cent,typewriter,keyboard,36
dollar,cent,window,pane,36
dollar,cent,womb,cervix,36
door,hinge,dress,sleeve,36
door,hinge,filename,extension,36
door,hinge,flower,petal,36
door,hinge,gigabit,megabit,36
door,hinge,gramm,milligram,36
door,hinge,guitar,string,36
door,hinge,gun,trigger,36
door,hinge,harbor,dock,36
door,hinge,jail,cell,36
door,hinge,jewellery,bead,36
door,hinge,litre,millilitre,36
door,hinge,movie,scene,36
door,hinge,orthography,hyphenation,36
door,hinge,piano,keyboard,36
door,hinge,pie,crust,36
door,hinge,poem,stanza,36
door,hinge,pub,bar,36
door,hinge,radio,receiver,36
door,hinge,railcar,suspension,36
door,hinge,seafront,harbor,36
door,hinge,shilling,pence,36
door,hinge,shirt,button,36
door,hinge,sonata,movement,36
door,hinge,staircase,step,36
door,hinge,sword,blade,36
door,hinge,table,tabletop,36
door,hinge,teapot,spout,36
door,hinge,telephone,receiver,36
door,hinge,tonne,kilogram,36
door,hinge,torso,chest,36
door,hinge,tripod,leg,36
door,hinge,typewriter,keyboard,36
door,hinge,window,pane,36
door,hinge,womb,cervix,36
dress,sleeve,filename,extension,36
dress,sleeve,flower,petal,36
dress,sleeve,gigabit,megabit,36
dress,sleeve,gramm,milligram,36
dress,sleeve,guitar,string,36
dress,sleeve,gun,trigger,36
dress,sleeve,harbor,dock,36
dress,sleeve,jail,cell,36
dress,sleeve,jewellery,bead,36
dress,sleeve,litre,millilitre,36
dress,sleeve,movie,scene,36
dress,sleeve,orthography,hyphenation,36
dress,sleeve,piano,keyboard,36
dress,sleeve,pie,crust,36
dress,sleeve,poem,stanza,36
dress,sleeve,pub,bar,36
dress,sleeve,radio,receiver,36
dress,sleeve,railcar,suspension,36
dress,sleeve,seafront,harbor,36
dress,sleeve,shilling,pence,36
dress,sleeve,shirt,button,36
dress,sleeve,sonata,movement,36
dress,sleeve,staircase,step,36
dress,sleeve,sword,blade,36
dress,sleeve,table,tabletop,36
dress,sleeve,teapot,spout,36
dress,sleeve,telephone,receiver,36
dress,sleeve,tonne,kilogram,36
dress,sleeve,torso,chest,36
dress,sleeve,tripod,leg,36
dress,sleeve,typewriter,keyboard,36
dress,sleeve,window,pane,36
dress,sleeve,womb,cervix,36
filename,extension,flower,petal,36
filename,extension,gigabit,megabit,36
filename,extension,gramm,milligram,36
filename,extension,guitar,string,36
filename,extension,gun,trigger,36
filename,extension,harbor,dock,36
filename,extension,jail,cell,36
filename,extension,jewellery,bead,36
filename,extension,litre,millilitre,36
filename,extension,movie,scene,36
filename,extension,orthography,hyphenation,36
filename,extension,piano,keyboard,36
filename,extension,pie,crust,36
filename,extension,poem,stanza,36
filename,extension,pub,bar,36
filename,extension,radio,receiver,36
filename,extension,railcar,suspension,36
filename,extension,seafront,harbor,36
filename,extension,shilling,pence,36
filename,extension,shirt,button,36
filename,extension,sonata,movement,36
filename,extension,staircase,step,36
filename,extension,sword,blade,36
filename,extension,table,tabletop,36
filename,extension,teapot,spout,36
filename,extension,telephone,receiver,36
filename,extension,tonne,kilogram,36
filename,extension,torso,chest,36
filename,extension,tripod,leg,36
filename,extension,typewriter,keyboard,36
filename,extension,window,pane,36
filename,extension,womb,cervix,36
flower,petal,gigabit,megabit,36
flower,petal,gramm,milligram,36
flower,petal,guitar,string,36
flower,petal,gun,trigger,36
flower,petal,harbor,dock,36
flower,petal,jail,cell,36
flower,petal,jewellery,bead,36
flower,petal,litre,millilitre,36
flower,petal,movie,scene,36
flower,petal,orthography,hyphenation,36
flower,petal,piano,keyboard,36
flower,petal,pie,crust,36
flower,petal,poem,stanza,36
flower,petal,pub,bar,36
flower,petal,radio,receiver,36
flower,petal,railcar,suspension,36
flower,petal,seafront,harbor,36
flower,petal,shilling,pence,36
flower,petal,shirt,button,36
flower,petal,sonata,movement,36
flower,petal,staircase,step,36
flower,petal,sword,blade,36
flower,petal,table,tabletop,36
flower,petal,teapot,spout,36
flower,petal,telephone,receiver,36
flower,petal,tonne,kilogram,36
flower,petal,torso,chest,36
flower,petal,tripod,leg,36
flower,petal,typewriter,keyboard,36
flower,petal,window,pane,36
flower,petal,womb,cervix,36
gigabit,megabit,gramm,milligram,36
gigabit,megabit,guitar,string,36
gigabit,megabit,gun,trigger,36
gigabit,megabit,harbor,dock,36
gigabit,megabit,jail,cell,36
gigabit,megabit,jewellery,bead,36
gigabit,megabit,litre,millilitre,36
gigabit,megabit,movie,scene,36
gigabit,megabit,orthography,hyphenation,36
gigabit,megabit,piano,keyboard,36
gigabit,megabit,pie,crust,36
gigabit,megabit,poem,stanza,36
gigabit,megabit,pub,bar,36
gigabit,megabit,radio,receiver,36
gigabit,megabit,railcar,suspension,36
gigabit,megabit,seafront,harbor,36
gigabit,megabit,shilling,pence,36
gigabit,megabit,shirt,button,36
gigabit,megabit,sonata,movement,36
gigabit,megabit,staircase,step,36
gigabit,megabit,sword,blade,36
gigabit,megabit,table,tabletop,36
gigabit,megabit,teapot,spout,36
gigabit,megabit,telephone,receiver,36
gigabit,megabit,tonne,kilogram,36
gigabit,megabit,torso,chest,36
gigabit,megabit,tripod,leg,36
gigabit,megabit,typewriter,keyboard,36
gigabit,megabit,window,pane,36
gigabit,megabit,womb,cervix,36
gramm,milligram,guitar,string,36
gramm,milligram,gun,trigger,36
gramm,milligram,harbor,dock,36
gramm,milligram,jail,cell,36
gramm,milligram,jewellery,bead,36
gramm,milligram,litre,millilitre,36
gramm,milligram,movie,scene,36
gramm,milligram,orthography,hyphenation,36
gramm,milligram,piano,keyboard,36
gramm,milligram,pie,crust,36
gramm,milligram,poem,stanza,36
gramm,milligram,pub,bar,36
gramm,milligram,radio,receiver,36
gramm,milligram,railcar,suspension,36
gramm,milligram,seafront,harbor,36
gramm,milligram,shilling,pence,36
gramm,milligram,shirt,button,36
gramm,milligram,sonata,movement,36
gramm,milligram,staircase,step,36
gramm,milligram,sword,blade,36
gramm,milligram,table,tabletop,36
gramm,milligram,teapot,spout,36
gramm,milligram,telephone,receiver,36
gramm,milligram,tonne,kilogram,36
gramm,milligram,torso,chest,36
gramm,milligram,tripod,leg,36
gramm,milligram,typewriter,keyboard,36
gramm,milligram,window,pane,36
gramm,milligram,womb,cervix,36
guitar,string,gun,trigger,36
guitar,string,harbor,dock,36
guitar,string,jail,cell,36
guitar,string,jewellery,bead,36
guitar,string,litre,millilitre,36
guitar,string,movie,scene,36
guitar,string,orthography,hyphenation,36
guitar,string,piano,keyboard,36
guitar,string,pie,crust,36
guitar,string,poem,stanza,36
guitar,string,pub,bar,36
guitar,string,radio,receiver,36
guitar,string,railcar,suspension,36
guitar,string,seafront,harbor,36
guitar,string,shilling,pence,36
guitar,string,shirt,button,36
guitar,string,sonata,movement,36
guitar,string,staircase,step,36
guitar,string,sword,blade,36
guitar,string,table,tabletop,36
guitar,string,teapot,spout,36
guitar,string,telephone,receiver,36
guitar,string,tonne,kilogram,36
guitar,string,torso,chest,36
guitar,string,tripod,leg,36
guitar,string,typewriter,keyboard,36
guitar,string,window,pane,36
guitar,string,womb,cervix,36
gun,trigger,harbor,dock,36
gun,trigger,jail,cell,36
gun,trigger,jewellery,bead,36
gun,trigger,litre,millilitre,36
gun,trigger,movie,scene,36
gun,trigger,orthography,hyphenation,36
gun,trigger,piano,keyboard,36
gun,trigger,pie,crust,36
gun,trigger,poem,stanza,36
gun,trigger,pub,bar,36
gun,trigger,radio,receiver,36
gun,trigger,railcar,suspension,36
gun,trigger,seafront,harbor,36
gun,trigger,shilling,pence,36
gun,trigger,shirt,button,36
gun,trigger,sonata,movement,36
gun,trigger,staircase,step,36
gun,trigger,sword,blade,36
gun,trigger,table,tabletop,36
gun,trigger,teapot,spout,36
gun,trigger,telephone,receiver,36
gun,trigger,tonne,kilogram,36
gun,trigger,torso,chest,36
gun,trigger,tripod,leg,36
gun,trigger,typewriter,keyboard,36
gun,trigger,window,pane,36
gun,trigger,womb,cervix,36
harbor,dock,jail,cell,36
harbor,dock,jewellery,bead,36
harbor,dock,litre,millilitre,36
harbor,dock,movie,scene,36
harbor,dock,orthography,hyphenation,36
harbor,dock,piano,keyboard,36
harbor,dock,pie,crust,36
harbor,dock,poem,stanza,36
harbor,dock,pub,bar,36
harbor,dock,radio,receiver,36
harbor,dock,railcar,suspension,36
harbor,dock,seafront,harbor,36
harbor,dock,shilling,pence,36
harbor,dock,shirt,button,36
harbor,dock,sonata,movement,36
harbor,dock,staircase,step,36
harbor,dock,sword,blade,36
harbor,dock,table,tabletop,36
harbor,dock,teapot,spout,36
harbor,dock,telephone,receiver,36
harbor,dock,tonne,kilogram,36
harbor,dock,torso,chest,36
harbor,dock,tripod,leg,36
harbor,dock,typewriter,keyboard,36
harbor,dock,window,pane,36
harbor,dock,womb,cervix,36
jail,cell,jewellery,bead,36
jail,cell,litre,millilitre,36
jail,cell,movie,scene,36
jail,cell,orthography,hyphenation,36
jail,cell,piano,keyboard,36
jail,cell,pie,crust,36
jail,cell,poem,stanza,36
jail,cell,pub,bar,36
jail,cell,radio,receiver,36
jail,cell,railcar,suspension,36
jail,cell,seafront,harbor,36
jail,cell,shilling,pence,36
jail,cell,shirt,button,36
jail,cell,sonata,movement,36
jail,cell,staircase,step,36
jail,cell,sword,blade,36
jail,cell,table,tabletop,36
jail,cell,teapot,spout,36
jail,cell,telephone,receiver,36
jail,cell,tonne,kilogram,36
jail,cell,torso,chest,36
jail,cell,tripod,leg,36
jail,cell,typewriter,keyboard,36
jail,cell,window,pane,36
jail,cell,womb,cervix,36
jewellery,bead,litre,millilitre,36
jewellery,bead,movie,scene,36
jewellery,bead,orthography,hyphenation,36
jewellery,bead,piano,keyboard,36
jewellery,bead,pie,crust,36
jewellery,bead,poem,stanza,36
jewellery,bead,pub,bar,36
jewellery,bead,radio,receiver,36
jewellery,bead,railcar,suspension,36
jewellery,bead,seafront,harbor,36
jewellery,bead,shilling,pence,36
jewellery,bead,shirt,button,36
jewellery,bead,sonata,movement,36
jewellery,bead,staircase,step,36
jewellery,bead,sword,blade,36
jewellery,bead,table,tabletop,36
jewellery,bead,teapot,spout,36
jewellery,bead,telephone,receiver,36
jewellery,bead,tonne,kilogram,36
jewellery,bead,torso,chest,36
jewellery,bead,tripod,leg,36
jewellery,bead,typewriter,keyboard,36
jewellery,bead,window,pane,36
jewellery,bead,womb,cervix,36
litre,millilitre,movie,scene,36
litre,millilitre,orthography,hyphenation,36
litre,millilitre,piano,keyboard,36
litre,millilitre,pie,crust,36
litre,millilitre,poem,stanza,36
litre,millilitre,pub,bar,36
litre,millilitre,radio,receiver,36
litre,millilitre,railcar,suspension,36
litre,millilitre,seafront,harbor,36
litre,millilitre,shilling,pence,36
litre,millilitre,shirt,button,36
litre,millilitre,sonata,movement,36
litre,millilitre,staircase,step,36
litre,millilitre,sword,blade,36
litre,millilitre,table,tabletop,36
litre,millilitre,teapot,spout,36
litre,millilitre,telephone,receiver,36
litre,millilitre,tonne,kilogram,36
litre,millilitre,torso,chest,36
litre,millilitre,tripod,leg,36
litre,millilitre,typewriter,keyboard,36
litre,millilitre,window,pane,36
litre,millilitre,womb,cervix,36
movie,scene,orthography,hyphenation,36
movie,scene,piano,keyboard,36
movie,scene,pie,crust,36
movie,scene,poem,stanza,36
movie,scene,pub,bar,36
movie,scene,radio,receiver,36
movie,scene,railcar,suspension,36
movie,scene,seafront,harbor,36
movie,scene,shilling,pence,36
movie,scene,shirt,button,36
movie,scene,sonata,movement,36
movie,scene,staircase,step,36
movie,scene,sword,blade,36
movie,scene,table,tabletop,36
movie,scene,teapot,spout,36
movie,scene,telephone,receiver,36
movie,scene,tonne,kilogram,36
movie,scene,torso,chest,36
movie,scene,tripod,leg,36
movie,scene,typewriter,keyboard,36
movie,scene,window,pane,36
movie,scene,womb,cervix,36
orthography,hyphenation,piano,keyboard,36
orthography,hyphenation,pie,crust,36
orthography,hyphenation,poem,stanza,36
orthography,hyphenation,pub,bar,36
orthography,hyphenation,radio,receiver,36
orthography,hyphenation,railcar,suspension,36
orthography,hyphenation,seafront,harbor,36
orthography,hyphenation,shilling,pence,36
orthography,hyphenation,shirt,button,36
orthography,hyphenation,sonata,movement,36
orthography,hyphenation,staircase,step,36
orthography,hyphenation,sword,blade,36
orthography,hyphenation,table,tabletop,36
orthography,hyphenation,teapot,spout,36
orthography,hyphenation,telephone,receiver,36
orthography,hyphenation,tonne,kilogram,36
orthography,hyphenation,torso,chest,36
orthography,hyphenation,tripod,leg,36
orthography,hyphenation,typewriter,keyboard,36
orthography,hyphenation,window,pane,36
orthography,hyphenation,womb,cervix,36
piano,keyboard,pie,crust,36
piano,keyboard,poem,stanza,36
piano,keyboard,pub,bar,36
piano,keyboard,radio,receiver,36
piano,keyboard,railcar,suspension,36
piano,keyboard,seafront,harbor,36
piano,keyboard,shilling,pence,36
piano,keyboard,shirt,button,36
piano,keyboard,sonata,movement,36
piano,keyboard,staircase,step,36
piano,keyboard,sword,blade,36
piano,keyboard,table,tabletop,36
piano,keyboard,teapot,spout,36
piano,keyboard,telephone,receiver,36
piano,keyboard,tonne,kilogram,36
piano,keyboard,torso,chest,36
piano,keyboard,tripod,leg,36
piano,keyboard,typewriter,keyboard,36
piano,keyboard,window,pane,36
piano,keyboard,womb,cervix,36
pie,crust,poem,stanza,36
pie,crust,pub,bar,36
pie,crust,radio,receiver,36
pie,crust,railcar,suspension,36
pie,crust,seafront,harbor,36
pie,crust,shilling,pence,36
pie,crust,shirt,button,36
pie,crust,sonata,movement,36
pie,crust,staircase,step,36
pie,crust,sword,blade,36
pie,crust,table,tabletop,36
pie,crust,teapot,spout,36
pie,crust,telephone,receiver,36
pie,crust,tonne,kilogram,36
pie,crust,torso,chest,36
pie,crust,tripod,leg,36
pie,crust,typewriter,keyboard,36
pie,crust,window,pane,36
pie,crust,womb,cervix,36
poem,stanza,pub,bar,36
poem,stanza,radio,receiver,36
poem,stanza,railcar,suspension,36
poem,stanza,seafront,harbor,36
poem,stanza,shilling,pence,36
poem,stanza,shirt,button,36
poem,stanza,sonata,movement,36
poem,stanza,staircase,step,36
poem,stanza,sword,blade,36
poem,stanza,table,tabletop,36
poem,stanza,teapot,spout,36
poem,stanza,telephone,receiver,36
poem,stanza,tonne,kilogram,36
poem,stanza,torso,chest,36
poem,stanza,tripod,leg,36
poem,stanza,typewriter,keyboard,36
poem,stanza,window,pane,36
poem,stanza,womb,cervix,36
pub,bar,radio,receiver,36
pub,bar,railcar,suspension,36
pub,bar,seafront,harbor,36
pub,bar,shilling,pence,36
pub,bar,shirt,button,36
pub,bar,sonata,movement,36
pub,bar,staircase,step,36
pub,bar,sword,blade,36
pub,bar,table,tabletop,36
pub,bar,teapot,spout,36
pub,bar,telephone,receiver,36
pub,bar,tonne,kilogram,36
pub,bar,torso,chest,36
pub,bar,tripod,leg,36
pub,bar,typewriter,keyboard,36
pub,bar,window,pane,36
pub,bar,womb,cervix,36
radio,receiver,railcar,suspension,36
radio,receiver,seafront,harbor,36
radio,receiver,shilling,pence,36
radio,receiver,shirt,button,36
radio,receiver,sonata,movement,36
radio,receiver,staircase,step,36
radio,receiver,sword,blade,36
radio,receiver,table,tabletop,36
radio,receiver,teapot,spout,36
radio,receiver,telephone,receiver,36
radio,receiver,tonne,kilogram,36
radio,receiver,torso,chest,36
radio,receiver,tripod,leg,36
radio,receiver,typewriter,keyboard,36
radio,receiver,window,pane,36
radio,receiver,womb,cervix,36
railcar,suspension,seafront,harbor,36
railcar,suspension,shilling,pence,36
railcar,suspension,shirt,button,36
railcar,suspension,sonata,movement,36
railcar,suspension,staircase,step,36
railcar,suspension,sword,blade,36
railcar,suspension,table,tabletop,36
railcar,suspension,teapot,spout,36
railcar,suspension,telephone,receiver,36
railcar,suspension,tonne,kilogram,36
railcar,suspension,torso,chest,36
railcar,suspension,tripod,leg,36
railcar,suspension,typewriter,keyboard,36
railcar,suspension,window,pane,36
railcar,suspension,womb,cervix,36
seafront,harbor,shilling,pence,36
seafront,harbor,shirt,button,36
seafront,harbor,sonata,movement,36
seafront,harbor,staircase,step,36
seafront,harbor,sword,blade,36
seafront,harbor,table,tabletop,36
seafront,harbor,teapot,spout,36
seafront,harbor,telephone,receiver,36
seafront,harbor,tonne,kilogram,36
seafront,harbor,torso,chest,36
seafront,harbor,tripod,leg,36
seafront,harbor,typewriter,keyboard,36
seafront,harbor,window,pane,36
seafront,harbor,womb,cervix,36
shilling,pence,shirt,button,36
shilling,pence,sonata,movement,36
shilling,pence,staircase,step,36
shilling,pence,sword,blade,36
shilling,pence,table,tabletop,36
shilling,pence,teapot,spout,36
shilling,pence,telephone,receiver,36
shilling,pence,tonne,kilogram,36
shilling,pence,torso,chest,36
shilling,pence,tripod,leg,36
shilling,pence,typewriter,keyboard,36
shilling,pence,window,pane,36
shilling,pence,womb,cervix,36
shirt,button,sonata,movement,36
shirt,button,staircase,step,36
shirt,button,sword,blade,36
shirt,button,table,tabletop,36
shirt,button,teapot,spout,36
shirt,button,telephone,receiver,36
shirt,button,tonne,kilogram,36
shirt,button,torso,chest,36
shirt,button,tripod,leg,36
shirt,button,typewriter,keyboard,36
shirt,button,window,pane,36
shirt,button,womb,cervix,36
sonata,movement,staircase,step,36
sonata,movement,sword,blade,36
sonata,movement,table,tabletop,36
sonata,movement,teapot,spout,36
sonata,movement,telephone,receiver,36
sonata,movement,tonne,kilogram,36
sonata,movement,torso,chest,36
sonata,movement,tripod,leg,36
sonata,movement,typewriter,keyboard,36
sonata,movement,window,pane,36
sonata,movement,womb,cervix,36
staircase,step,sword,blade,36
staircase,step,table,tabletop,36
staircase,step,teapot,spout,36
staircase,step,telephone,receiver,36
staircase,step,tonne,kilogram,36
staircase,step,torso,chest,36
staircase,step,tripod,leg,36
staircase,step,typewriter,keyboard,36
staircase,step,window,pane,36
staircase,step,womb,cervix,36
sword,blade,table,tabletop,36
sword,blade,teapot,spout,36
sword,blade,telephone,receiver,36
sword,blade,tonne,kilogram,36
sword,blade,torso,chest,36
sword,blade,tripod,leg,36
sword,blade,typewriter,keyboard,36
sword,blade,window,pane,36
sword,blade,womb,cervix,36
table,tabletop,teapot,spout,36
table,tabletop,telephone,receiver,36
table,tabletop,tonne,kilogram,36
table,tabletop,torso,chest,36
table,tabletop,tripod,leg,36
table,tabletop,typewriter,keyboard,36
table,tabletop,window,pane,36
table,tabletop,womb,cervix,36
teapot,spout,telephone,receiver,36
teapot,spout,tonne,kilogram,36
teapot,spout,torso,chest,36
teapot,spout,tripod,leg,36
teapot,spout,typewriter,keyboard,36
teapot,spout,window,pane,36
teapot,spout,womb,cervix,36
telephone,receiver,tonne,kilogram,36
telephone,receiver,torso,chest,36
telephone,receiver,tripod,leg,36
telephone,receiver,typewriter,keyboard,36
telephone,receiver,window,pane,36
telephone,receiver,womb,cervix,36
tonne,kilogram,torso,chest,36
tonne,kilogram,tripod,leg,36
tonne,kilogram,typewriter,keyboard,36
tonne,kilogram,window,pane,36
tonne,kilogram,womb,cervix,36
torso,chest,tripod,leg,36
torso,chest,typewriter,keyboard,36
torso,chest,window,pane,36
torso,chest,womb,cervix,36
tripod,leg,typewriter,keyboard,36
tripod,leg,window,pane,36
tripod,leg,womb,cervix,36
typewriter,keyboard,window,pane,36
typewriter,keyboard,womb,cervix,36
window,pane,womb,cervix,36
