album,albums,application,applications
album,albums,area,areas
album,albums,car,cars
album,albums,college,colleges
album,albums,council,councils
album,albums,customer,customers
album,albums,day,days
album,albums,death,deaths
album,albums,department,departments
album,albums,development,developments
album,albums,difference,differences
album,albums,director,directors
album,albums,event,events
album,albums,example,examples
album,albums,fact,facts
album,albums,friend,friends
album,albums,god,gods
album,albums,government,governments
album,albums,hour,hours
album,albums,idea,ideas
album,albums,language,languages
album,albums,law,laws
album,albums,member,members
album,albums,month,months
album,albums,night,nights
album,albums,office,offices
album,albums,period,periods
album,albums,player,players
album,albums,population,populations
album,albums,problem,problems
album,albums,product,products
album,albums,resource,resources
album,albums,river,rivers
album,albums,road,roads
album,albums,role,roles
album,albums,science,sciences
album,albums,solution,solutions
album,albums,song,songs
album,albums,street,streets
album,albums,student,students
album,albums,system,systems
album,albums,thing,things
album,albums,town,towns
album,albums,user,users
album,albums,version,versions
album,albums,village,villages
album,albums,website,websites
album,albums,week,weeks
album,albums,year,years
application,applications,area,areas
application,applications,car,cars
application,applications,college,colleges
application,applications,council,councils
application,applications,customer,customers
application,applications,day,days
application,applications,death,deaths
application,applications,department,departments
application,applications,development,developments
application,applications,difference,differences
application,applications,director,directors
application,applications,event,events
application,applications,example,examples
application,applications,fact,facts
application,applications,friend,friends
application,applications,god,gods
application,applications,government,governments
application,applications,hour,hours
application,applications,idea,ideas
application,applications,language,languages
application,applications,law,laws
application,applications,member,members
application,applications,month,months
application,applications,night,nights
application,applications,office,offices
application,applications,period,periods
application,applications,player,players
application,applications,population,populations
application,applications,problem,problems
application,applications,product,products
application,applications,resource,resources
application,applications,river,rivers
application,applications,road,roads
application,applications,role,roles
application,applications,science,sciences
application,applications,solution,solutions
application,applications,song,songs
application,applications,street,streets
application,applications,student,students
application,applications,system,systems
application,applications,thing,things
application,applications,town,towns
application,applications,user,users
application,applications,version,versions
application,applications,village,villages
application,applications,website,websites
application,applications,week,weeks
application,applications,year,years
area,areas,car,cars
area,areas,college,colleges
area,areas,council,councils
area,areas,customer,customers
area,areas,day,days
area,areas,death,deaths
area,areas,department,departments
area,areas,development,developments
area,areas,difference,differences
area,areas,director,directors
area,areas,event,events
area,areas,example,examples
area,areas,fact,facts
area,areas,friend,friends
area,areas,god,gods
area,areas,government,governments
area,areas,hour,hours
area,areas,idea,ideas
area,areas,language,languages
area,areas,law,laws
area,areas,member,members
area,areas,month,months
area,areas,night,nights
area,areas,office,offices
area,areas,period,periods
area,areas,player,players
area,areas,population,populations
area,areas,problem,problems
area,areas,product,products
area,areas,resource,resources
area,areas,river,rivers
area,areas,road,roads
area,areas,role,roles
area,areas,science,sciences
area,areas,solution,solutions
area,areas,song,songs
area,areas,street,streets
area,areas,student,students
area,areas,system,systems
area,areas,thing,things
area,areas,town,towns
area,areas,user,users
area,areas,version,versions
area,areas,village,villages
area,areas,website,websites
area,areas,week,weeks
area,areas,year,years
car,cars,college,colleges
car,cars,council,councils
car,cars,customer,customers
car,cars,day,days
car,cars,death,deaths
car,cars,department,departments
car,cars,development,developments
car,cars,difference,differences
car,cars,director,directors
car,cars,event,events
car,cars,example,examples
car,cars,fact,facts
car,cars,friend,friends
car,cars,god,gods
car,cars,government,governments
car,cars,hour,hours
car,cars,idea,ideas
car,cars,language,languages
car,cars,law,laws
car,cars,member,members
car,cars,month,months
car,cars,night,nights
car,cars,office,offices
car,cars,period,periods
car,cars,player,players
car,cars,population,populations
car,cars,problem,problems
car,cars,product,products
car,cars,resource,resources
car,cars,river,rivers
car,cars,road,roads
car,cars,role,roles
car,cars,science,sciences
car,cars,solution,solutions
car,cars,song,songs
car,cars,street,streets
car,cars,student,students
car,cars,system,systems
car,cars,thing,things
car,cars,town,towns
car,cars,user,users
car,cars,version,versions
car,cars,village,villages
car,cars,website,websites
car,cars,week,weeks
car,cars,year,years
college,colleges,council,councils
college,colleges,customer,customers
college,colleges,day,days
college,colleges,death,deaths
college,colleges,department,departments
college,colleges,development,developments
college,colleges,difference,differences
college,colleges,director,directors
college,colleges,event,events
college,colleges,example,examples
college,colleges,fact,facts
college,colleges,friend,friends
college,colleges,god,gods
college,colleges,government,governments
college,colleges,hour,hours
college,colleges,idea,ideas
college,colleges,language,languages
college,colleges,law,laws
college,colleges,member,members
college,colleges,month,months
college,colleges,night,nights
college,colleges,office,offices
college,colleges,period,periods
college,colleges,player,players
college,colleges,population,populations
college,colleges,problem,problems
college,colleges,product,products
college,colleges,resource,resources
college,colleges,river,rivers
college,colleges,road,roads
college,colleges,role,roles
college,colleges,science,sciences
college,colleges,solution,solutions
college,colleges,song,songs
college,colleges,street,streets
college,colleges,student,students
college,colleges,system,systems
college,colleges,thing,things
college,colleges,town,towns
college,colleges,user,users
college,colleges,version,versions
college,colleges,village,villages
college,colleges,website,websites
college,colleges,week,weeks
college,colleges,year,years
council,councils,customer,customers
council,councils,day,days
council,councils,death,deaths
council,councils,department,departments
council,councils,development,developments
council,councils,difference,differences
council,councils,director,directors
council,councils,event,events
council,councils,example,examples
council,councils,fact,facts
council,councils,friend,friends
council,councils,god,gods
council,councils,government,governments
council,councils,hour,hours
council,councils,idea,ideas
council,councils,language,languages
council,councils,law,laws
council,councils,member,members
council,councils,month,months
council,councils,night,nights
council,councils,office,offices
council,councils,period,periods
council,councils,player,players
council,councils,population,populations
council,councils,problem,problems
council,councils,product,products
council,councils,resource,resources
council,councils,river,rivers
council,councils,road,roads
council,councils,role,roles
council,councils,science,sciences
council,councils,solution,solutions
council,councils,song,songs
council,councils,street,streets
council,councils,student,students
council,councils,system,systems
council,councils,thing,things
council,councils,town,towns
council,councils,user,users
council,councils,version,versions
council,councils,village,villages
council,councils,website,websites
council,councils,week,weeks
council,councils,year,years
customer,customers,day,days
customer,customers,death,deaths
customer,customers,department,departments
customer,customers,development,developments
customer,customers,difference,differences
customer,customers,director,directors
customer,customers,event,events
customer,customers,example,examples
customer,customers,fact,facts
customer,customers,friend,friends
customer,customers,god,gods
customer,customers,government,governments
customer,customers,hour,hours
customer,customers,idea,ideas
customer,customers,language,languages
customer,customers,law,laws
customer,customers,member,members
customer,customers,month,months
customer,customers,night,nights
customer,customers,office,offices
customer,customers,period,periods
customer,customers,player,players
customer,customers,population,populations
customer,customers,problem,problems
customer,customers,product,products
customer,customers,resource,resources
customer,customers,river,rivers
customer,customers,road,roads
customer,customers,role,roles
customer,customers,science,sciences
customer,customers,solution,solutions
customer,customers,song,songs
customer,customers,street,streets
customer,customers,student,students
customer,customers,system,systems
customer,customers,thing,things
customer,customers,town,towns
customer,customers,user,users
customer,customers,version,versions
customer,customers,village,villages
customer,customers,website,websites
customer,customers,week,weeks
customer,customers,year,years
day,days,death,deaths
day,days,department,departments
day,days,development,developments
day,days,difference,differences
day,days,director,directors
day,days,event,events
day,days,example,examples
day,days,fact,facts
day,days,friend,friends
day,days,god,gods
day,days,government,governments
day,days,hour,hours
day,days,idea,ideas
day,days,language,languages
day,days,law,laws
day,days,member,members
day,days,month,months
day,days,night,nights
day,days,office,offices
day,days,period,periods
day,days,player,players
day,days,population,populations
day,days,problem,problems
day,days,product,products
day,days,resource,resources
day,days,river,rivers
day,days,road,roads
day,days,role,roles
day,days,science,sciences
day,days,solution,solutions
day,days,song,songs
day,days,street,streets
day,days,student,students
day,days,system,systems
day,days,thing,things
day,days,town,towns
day,days,user,users
day,days,version,versions
day,days,village,villages
day,days,website,websites
day,days,week,weeks
day,days,year,years
death,deaths,department,departments
death,deaths,development,developments
death,deaths,difference,differences
death,deaths,director,directors
death,deaths,event,events
death,deaths,example,examples
death,deaths,fact,facts
death,deaths,friend,friends
death,deaths,god,gods
death,deaths,government,governments
death,deaths,hour,hours
death,deaths,idea,ideas
death,deaths,language,languages
death,deaths,law,laws
death,deaths,member,members
death,deaths,month,months
death,deaths,night,nights
death,deaths,office,offices
death,deaths,period,periods
death,deaths,player,players
death,deaths,population,populations
death,deaths,problem,problems
death,deaths,product,products
death,deaths,resource,resources
death,deaths,river,rivers
death,deaths,road,roads
death,deaths,role,roles
death,deaths,science,sciences
death,deaths,solution,solutions
death,deaths,song,songs
death,deaths,street,streets
death,deaths,student,students
death,deaths,system,systems
death,deaths,thing,things
death,deaths,town,towns
death,deaths,user,users
death,deaths,version,versions
death,deaths,village,villages
death,deaths,website,websites
death,deaths,week,weeks
death,deaths,year,years
department,departments,development,developments
department,departments,difference,differences
department,departments,director,directors
department,departments,event,events
department,departments,example,examples
department,departments,fact,facts
department,departments,friend,friends
department,departments,god,gods
department,departments,government,governments
department,departments,hour,hours
department,departments,idea,ideas
department,departments,language,languages
department,departments,law,laws
department,departments,member,members
department,departments,month,months
department,departments,night,nights
department,departments,office,offices
department,departments,period,periods
department,departments,player,players
department,departments,population,populations
department,departments,problem,problems
department,departments,product,products
department,departments,resource,resources
department,departments,river,rivers
department,departments,road,roads
department,departments,role,roles
department,departments,science,sciences
department,departments,solution,solutions
department,departments,song,songs
department,departments,street,streets
department,departments,student,students
department,departments,system,systems
department,departments,thing,things
department,departments,town,towns
department,departments,user,users
department,departments,version,versions
department,departments,village,villages
department,departments,website,websites
department,departments,week,weeks
department,departments,year,years
development,developments,difference,differences
development,developments,director,directors
development,developments,event,events
development,developments,example,examples
development,developments,fact,facts
development,developments,friend,friends
development,developments,god,gods
development,developments,government,governments
development,developments,hour,hours
development,developments,idea,ideas
development,developments,language,languages
development,developments,law,laws
development,developments,member,members
development,developments,month,months
development,developments,night,nights
development,developments,office,offices
development,developments,period,periods
development,developments,player,players
development,developments,population,populations
development,developments,problem,problems
development,developments,product,products
development,developments,resource,resources
development,developments,river,rivers
development,developments,road,roads
development,developments,role,roles
development,developments,science,sciences
development,developments,solution,solutions
development,developments,song,songs
development,developments,street,streets
development,developments,student,students
development,developments,system,systems
development,developments,thing,things
development,developments,town,towns
development,developments,user,users
development,developments,version,versions
development,developments,village,villages
development,developments,website,websites
development,developments,week,weeks
development,developments,year,years
difference,differences,director,directors
difference,differences,event,events
difference,differences,example,examples
difference,differences,fact,facts
difference,differences,friend,friends
difference,differences,god,gods
difference,differences,government,governments
difference,differences,hour,hours
difference,differences,idea,ideas
difference,differences,language,languages
difference,differences,law,laws
difference,differences,member,members
difference,differences,month,months
difference,differences,night,nights
difference,differences,office,offices
difference,differences,period,periods
difference,differences,player,players
difference,differences,population,populations
difference,differences,problem,problems
difference,differences,product,products
difference,differences,resource,resources
difference,differences,river,rivers
difference,differences,road,roads
difference,differences,role,roles
difference,differences,science,sciences
difference,differences,solution,solutions
difference,differences,song,songs
difference,differences,street,streets
difference,differences,student,students
difference,differences,system,systems
difference,differences,thing,things
difference,differences,town,towns
difference,differences,user,users
difference,differences,version,versions
difference,differences,village,villages
difference,differences,website,websites
difference,differences,week,weeks
difference,differences,year,years
director,directors,event,events
director,directors,example,examples
director,directors,fact,facts
director,directors,friend,friends
director,directors,god,gods
director,directors,government,governments
director,directors,hour,hours
director,directors,idea,ideas
director,directors,language,languages
director,directors,law,laws
director,directors,member,members
director,directors,month,months
director,directors,night,nights
director,directors,office,offices
director,directors,period,periods
director,directors,player,players
director,directors,population,populations
director,directors,problem,problems
director,directors,product,products
director,directors,resource,resources
director,directors,river,rivers
director,directors,road,roads
director,directors,role,roles
director,directors,science,sciences
director,directors,solution,solutions
director,directors,song,songs
director,directors,street,streets
director,directors,student,students
director,directors,system,systems
director,directors,thing,things
director,directors,town,towns
director,directors,user,users
director,directors,version,versions
director,directors,village,villages
director,directors,website,websites
director,directors,week,weeks
director,directors,year,years
event,events,example,examples
event,events,fact,facts
event,events,friend,friends
event,events,god,gods
event,events,government,governments
event,events,hour,hours
event,events,idea,ideas
event,events,language,languages
event,events,law,laws
event,events,member,members
event,events,month,months
event,events,night,nights
event,events,office,offices
event,events,period,periods
event,events,player,players
event,events,population,populations
event,events,problem,problems
event,events,product,products
event,events,resource,resources
event,events,river,rivers
event,events,road,roads
event,events,role,roles
event,events,science,sciences
event,events,solution,solutions
event,events,song,songs
event,events,street,streets
event,events,student,students
event,events,system,systems
event,events,thing,things
event,events,town,towns
event,events,user,users
event,events,version,versions
event,events,village,villages
event,events,website,websites
event,events,week,weeks
event,events,year,years
example,examples,fact,facts
example,examples,friend,friends
example,examples,god,gods
example,examples,government,governments
example,examples,hour,hours
example,examples,idea,ideas
example,examples,language,languages
example,examples,law,laws
example,examples,member,members
example,examples,month,months
example,examples,night,nights
example,examples,office,offices
example,examples,period,periods
example,examples,player,players
example,examples,population,populations
example,examples,problem,problems
example,examples,product,products
example,examples,resource,resources
example,examples,river,rivers
example,examples,road,roads
example,examples,role,roles
example,examples,science,sciences
example,examples,solution,solutions
example,examples,song,songs
example,examples,street,streets
example,examples,student,students
example,examples,system,systems
example,examples,thing,things
example,examples,town,towns
example,examples,user,users
example,examples,version,versions
example,examples,village,villages
example,examples,website,websites
example,examples,week,weeks
example,examples,year,years
fact,facts,friend,friends
fact,facts,god,gods
fact,facts,government,governments
fact,facts,hour,hours
fact,facts,idea,ideas
fact,facts,language,languages
fact,facts,law,laws
fact,facts,member,members
fact,facts,month,months
fact,facts,night,nights
fact,facts,office,offices
fact,facts,period,periods
fact,facts,player,players
fact,facts,population,populations
fact,facts,problem,problems
fact,facts,product,products
fact,facts,resource,resources
fact,facts,river,rivers
fact,facts,road,roads
fact,facts,role,roles
fact,facts,science,sciences
fact,facts,solution,solutions
fact,facts,song,songs
fact,facts,street,streets
fact,facts,student,students
fact,facts,system,systems
fact,facts,thing,things
fact,facts,town,towns
fact,facts,user,users
fact,facts,version,versions
fact,facts,village,villages
fact,facts,website,websites
fact,facts,week,weeks
fact,facts,year,years
friend,friends,god,gods
friend,friends,government,governments
friend,friends,hour,hours
friend,friends,idea,ideas
friend,friends,language,languages
friend,friends,law,laws
friend,friends,member,members
friend,friends,month,months
friend,friends,night,nights
friend,friends,office,offices
friend,friends,period,periods
friend,friends,player,players
friend,friends,population,populations
friend,friends,problem,problems
friend,friends,product,products
friend,friends,resource,resources
friend,friends,river,rivers
friend,friends,road,roads
friend,friends,role,roles
friend,friends,science,sciences
friend,friends,solution,solutions
friend,friends,song,songs
friend,friends,street,streets
friend,friends,student,students
friend,friends,system,systems
friend,friends,thing,things
friend,friends,town,towns
friend,friends,user,users
friend,friends,version,versions
friend,friends,village,villages
friend,friends,website,websites
friend,friends,week,weeks
friend,friends,year,years
god,gods,government,governments
god,gods,hour,hours
god,gods,idea,ideas
god,gods,language,languages
god,gods,law,laws
god,gods,member,members
god,gods,month,months
god,gods,night,nights
god,gods,office,offices
god,gods,period,periods
god,gods,player,players
god,gods,population,populations
god,gods,problem,problems
god,gods,product,products
god,gods,resource,resources
god,gods,river,rivers
god,gods,road,roads
god,gods,role,roles
god,gods,science,sciences
god,gods,solution,solutions
god,gods,song,songs
god,gods,street,streets
god,gods,student,students
god,gods,system,systems
god,gods,thing,things
god,gods,town,towns
god,gods,user,users
god,gods,version,versions
god,gods,village,villages
god,gods,website,websites
god,gods,week,weeks
god,gods,year,years
government,governments,hour,hours
government,governments,idea,ideas
government,governments,language,languages
government,governments,law,laws
government,governments,member,members
government,governments,month,months
government,governments,night,nights
government,governments,office,offices
government,governments,period,periods
government,governments,player,players
government,governments,population,populations
government,governments,problem,problems
government,governments,product,products
government,governments,resource,resources
government,governments,river,rivers
government,governments,road,roads
government,governments,role,roles
government,governments,science,sciences
government,governments,solution,solutions
government,governments,song,songs
government,governments,street,streets
government,governments,student,students
government,governments,system,systems
government,governments,thing,things
government,governments,town,towns
government,governments,user,users
government,governments,version,versions
government,governments,village,villages
government,governments,website,websites
government,governments,week,weeks
government,governments,year,years
hour,hours,idea,ideas
hour,hours,language,languages
hour,hours,law,laws
hour,hours,member,members
hour,hours,month,months
hour,hours,night,nights
hour,hours,office,offices
hour,hours,period,periods
hour,hours,player,players
hour,hours,population,populations
hour,hours,problem,problems
hour,hours,product,products
hour,hours,resource,resources
hour,hours,river,rivers
hour,hours,road,roads
hour,hours,role,roles
hour,hours,science,sciences
hour,hours,solution,solutions
hour,hours,song,songs
hour,hours,street,streets
hour,hours,student,students
hour,hours,system,systems
hour,hours,thing,things
hour,hours,town,towns
hour,hours,user,users
hour,hours,version,versions
hour,hours,village,villages
hour,hours,website,websites
hour,hours,week,weeks
hour,hours,year,years
idea,ideas,language,languages
idea,ideas,law,laws
idea,ideas,member,members
idea,ideas,month,months
idea,ideas,night,nights
idea,ideas,office,offices
idea,ideas,period,periods
idea,ideas,player,players
idea,ideas,population,populations
idea,ideas,problem,problems
idea,ideas,product,products
idea,ideas,resource,resources
idea,ideas,river,rivers
idea,ideas,road,roads
idea,ideas,role,roles
idea,ideas,science,sciences
idea,ideas,solution,solutions
idea,ideas,song,songs
idea,ideas,street,streets
idea,ideas,student,students
idea,ideas,system,systems
idea,ideas,thing,things
idea,ideas,town,towns
idea,ideas,user,users
idea,ideas,version,versions
idea,ideas,village,villages
idea,ideas,website,websites
idea,ideas,week,weeks
idea,ideas,year,years
language,languages,law,laws
language,languages,member,members
language,languages,month,months
language,languages,night,nights
language,languages,office,offices
language,languages,period,periods
language,languages,player,players
language,languages,population,populations
language,languages,problem,problems
language,languages,product,products
language,languages,resource,resources
language,languages,river,rivers
language,languages,road,roads
language,languages,role,roles
language,languages,science,sciences
language,languages,solution,solutions
language,languages,song,songs
language,languages,street,streets
language,languages,student,students
language,languages,system,systems
language,languages,thing,things
language,languages,town,towns
language,languages,user,users
language,languages,version,versions
language,languages,village,villages
language,languages,website,websites
language,languages,week,weeks
language,languages,year,years
law,laws,member,members
law,laws,month,months
law,laws,night,nights
law,laws,office,offices
law,laws,period,periods
law,laws,player,players
law,laws,population,populations
law,laws,problem,problems
law,laws,product,products
law,laws,resource,resources
law,laws,river,rivers
law,laws,road,roads
law,laws,role,roles
law,laws,science,sciences
law,laws,solution,solutions
law,laws,song,songs
law,laws,street,streets
law,laws,student,students
law,laws,system,systems
law,laws,thing,things
law,laws,town,towns
law,laws,user,users
law,laws,version,versions
law,laws,village,villages
law,laws,website,websites
law,laws,week,weeks
law,laws,year,years
member,members,month,months
member,members,night,nights
member,members,office,offices
member,members,period,periods
member,members,player,players
member,members,population,populations
member,members,problem,problems
member,members,product,products
member,members,resource,resources
member,members,river,rivers
member,members,road,roads
member,members,role,roles
member,members,science,sciences
member,members,solution,solutions
member,members,song,songs
member,members,street,streets
member,members,student,students
member,members,system,systems
member,members,thing,things
member,members,town,towns
member,members,user,users
member,members,version,versions
member,members,village,villages
member,members,website,websites
member,members,week,weeks
member,members,year,years
month,months,night,nights
month,months,office,offices
month,months,period,periods
month,months,player,players
month,months,population,populations
month,months,problem,problems
month,months,product,products
month,months,resource,resources
month,months,river,rivers
month,months,road,roads
month,months,role,roles
month,months,science,sciences
month,months,solution,solutions
month,months,song,songs
month,months,street,streets
month,months,student,students
month,months,system,systems
month,months,thing,things
month,months,town,towns
month,months,user,users
month,months,version,versions
month,months,village,villages
month,months,website,websites
month,months,week,weeks
month,months,year,years
night,nights,office,offices
night,nights,period,periods
night,nights,player,players
night,nights,population,populations
night,nights,problem,problems
night,nights,product,products
night,nights,resource,resources
night,nights,river,rivers
night,nights,road,roads
night,nights,role,roles
night,nights,science,sciences
night,nights,solution,solutions
night,nights,song,songs
night,nights,street,streets
night,nights,student,students
night,nights,system,systems
night,nights,thing,things
night,nights,town,towns
night,nights,user,users
night,nights,version,versions
night,nights,village,villages
night,nights,website,websites
night,nights,week,weeks
night,nights,year,years
office,offices,period,periods
office,offices,player,players
office,offices,population,populations
office,offices,problem,problems
office,offices,product,products
office,offices,resource,resources
office,offices,river,rivers
office,offices,road,roads
office,offices,role,roles
office,offices,science,sciences
office,offices,solution,solutions
office,offices,song,songs
office,offices,street,streets
office,offices,student,students
office,offices,system,systems
office,offices,thing,things
office,offices,town,towns
office,offices,user,users
office,offices,version,versions
office,offices,village,villages
office,offices,website,websites
office,offices,week,weeks
office,offices,year,years
period,periods,player,players
period,periods,population,populations
period,periods,problem,problems
period,periods,product,products
period,periods,resource,resources
period,periods,river,rivers
period,periods,road,roads
period,periods,role,roles
period,periods,science,sciences
period,periods,solution,solutions
period,periods,song,songs
period,periods,street,streets
period,periods,student,students
period,periods,system,systems
period,periods,thing,things
period,periods,town,towns
period,periods,user,users
period,periods,version,versions
period,periods,village,villages
period,periods,website,websites
period,periods,week,weeks
period,periods,year,years
player,players,population,populations
player,players,problem,problems
player,players,product,products
player,players,resource,resources
player,players,river,rivers
player,players,road,roads
player,players,role,roles
player,players,science,sciences
player,players,solution,solutions
player,players,song,songs
player,players,street,streets
player,players,student,students
player,players,system,systems
player,players,thing,things
player,players,town,towns
player,players,user,users
player,players,version,versions
player,players,village,villages
player,players,website,websites
player,players,week,weeks
player,players,year,years
population,populations,problem,problems
population,populations,product,products
population,populations,resource,resources
population,populations,river,rivers
population,populations,road,roads
population,populations,role,roles
population,populations,science,sciences
population,populations,solution,solutions
population,populations,song,songs
population,populations,street,streets
population,populations,student,students
population,populations,system,systems
population,populations,thing,things
population,populations,town,towns
population,populations,user,users
population,populations,version,versions
population,populations,village,villages
population,populations,website,websites
population,populations,week,weeks
population,populations,year,years
problem,problems,product,products
problem,problems,resource,resources
problem,problems,river,rivers
problem,problems,road,roads
problem,problems,role,roles
problem,problems,science,sciences
problem,problems,solution,solutions
problem,problems,song,songs
problem,problems,street,streets
problem,problems,student,students
problem,problems,system,systems
problem,problems,thing,things
problem,problems,town,towns
problem,problems,user,users
problem,problems,version,versions
problem,problems,village,villages
problem,problems,website,websites
problem,problems,week,weeks
problem,problems,year,years
product,products,resource,resources
product,products,river,rivers
product,products,road,roads
product,products,role,roles
product,products,science,sciences
product,products,solution,solutions
product,products,song,songs
product,products,street,streets
product,products,student,students
product,products,system,systems
product,products,thing,things
product,products,town,towns
product,products,user,users
product,products,version,versions
product,products,village,villages
product,products,website,websites
product,products,week,weeks
product,products,year,years
resource,resources,river,rivers
resource,resources,road,roads
resource,resources,role,roles
resource,resources,science,sciences
resource,resources,solution,solutions
resource,resources,song,songs
resource,resources,street,streets
resource,resources,student,students
resource,resources,system,systems
resource,resources,thing,things
resource,resources,town,towns
resource,resources,user,users
resource,resources,version,versions
resource,resources,village,villages
resource,resources,website,websites
resource,resources,week,weeks
resource,resources,year,years
river,rivers,road,roads
river,rivers,role,roles
river,rivers,science,sciences
river,rivers,solution,solutions
river,rivers,song,songs
river,rivers,street,streets
river,rivers,student,students
river,rivers,system,systems
river,rivers,thing,things
river,rivers,town,towns
river,rivers,user,users
river,rivers,version,versions
river,rivers,village,villages
river,rivers,website,websites
river,rivers,week,weeks
river,rivers,year,years
road,roads,role,roles
road,roads,science,sciences
road,roads,solution,solutions
road,roads,song,songs
road,roads,street,streets
road,roads,student,students
road,roads,system,systems
road,roads,thing,things
road,roads,town,towns
road,roads,user,users
road,roads,version,versions
road,roads,village,villages
road,roads,website,websites
road,roads,week,weeks
road,roads,year,years
role,roles,science,sciences
role,roles,solution,solutions
role,roles,song,songs
role,roles,street,streets
role,roles,student,students
role,roles,system,systems
role,roles,thing,things
role,roles,town,towns
role,roles,user,users
role,roles,version,versions
role,roles,village,villages
role,roles,website,websites
role,roles,week,weeks
role,roles,year,years
science,sciences,solution,solutions
science,sciences,song,songs
science,sciences,street,streets
science,sciences,student,students
science,sciences,system,systems
science,sciences,thing,things
science,sciences,town,towns
science,sciences,user,users
science,sciences,version,versions
science,sciences,village,villages
science,sciences,website,websites
science,sciences,week,weeks
science,sciences,year,years
solution,solutions,song,songs
solution,solutions,street,streets
solution,solutions,student,students
solution,solutions,system,systems
solution,solutions,thing,things
solution,solutions,town,towns
solution,solutions,user,users
solution,solutions,version,versions
solution,solutions,village,villages
solution,solutions,website,websites
solution,solutions,week,weeks
solution,solutions,year,years
song,songs,street,streets
song,songs,student,students
song,songs,system,systems
song,songs,thing,things
song,songs,town,towns
song,songs,user,users
song,songs,version,versions
song,songs,village,villages
song,songs,website,websites
song,songs,week,weeks
song,songs,year,years
street,streets,student,students
street,streets,system,systems
street,streets,thing,things
street,streets,town,towns
street,streets,user,users
street,streets,version,versions
street,streets,village,villages
street,streets,website,websites
street,streets,week,weeks
street,streets,year,years
student,students,system,systems
student,students,thing,things
student,students,town,towns
student,students,user,users
student,students,version,versions
student,students,village,villages
student,students,website,websites
student,students,week,weeks
student,students,year,years
system,systems,thing,things
system,systems,town,towns
system,systems,user,users
system,systems,version,versions
system,systems,village,villages
system,systems,website,websites
system,systems,week,weeks
system,systems,year,years
thing,things,town,towns
thing,things,user,users
thing,things,version,versions
thing,things,village,villages
thing,things,website,websites
thing,things,week,weeks
thing,things,year,years
town,towns,user,users
town,towns,version,versions
town,towns,village,villages
town,towns,website,websites
town,towns,week,weeks
town,towns,year,years
user,users,version,versions
user,users,village,villages
user,users,website,websites
user,users,week,weeks
user,users,year,years
version,versions,village,villages
version,versions,website,websites
version,versions,week,weeks
version,versions,year,years
village,villages,website,websites
village,villages,week,weeks
village,villages,year,years
website,websites,week,weeks
website,websites,year,years
week,weeks,year,years
