ability,abilities,academy,academies
ability,abilities,activity,activities
ability,abilities,agency,agencies
ability,abilities,analysis,analyses
ability,abilities,army,armies
ability,abilities,authority,authorities
ability,abilities,basis,bases
ability,abilities,business,businesses
ability,abilities,category,categories
ability,abilities,century,centuries
ability,abilities,child,children
ability,abilities,city,cities
ability,abilities,community,communities
ability,abilities,country,countries
ability,abilities,county,counties
ability,abilities,datum,data
ability,abilities,duty,duties
ability,abilities,economy,economies
ability,abilities,energy,energies
ability,abilities,entry,entries
ability,abilities,facility,facilities
ability,abilities,family,families
ability,abilities,formula,formulae
ability,abilities,history,histories
ability,abilities,industry,industries
ability,abilities,library,libraries
ability,abilities,life,lives
ability,abilities,loss,losses
ability,abilities,majority,majorities
ability,abilities,memory,memories
ability,abilities,opportunity,opportunities
ability,abilities,policy,policies
ability,abilities,property,properties
ability,abilities,responsibility,responsibilities
ability,abilities,safety,safeties
ability,abilities,secretary,secretaries
ability,abilities,security,securities
ability,abilities,series,series
ability,abilities,society,societies
ability,abilities,species,species
ability,abilities,story,stories
ability,abilities,strategy,strategies
ability,abilities,success,successes
ability,abilities,technology,technologies
ability,abilities,theory,theories
ability,abilities,university,universities
ability,abilities,variety,varieties
ability,abilities,wife,wives
ability,abilities,woman,women
academy,academies,activity,activities
academy,academies,agency,agencies
academy,academies,analysis,analyses
academy,academies,army,armies
academy,academies,authority,authorities
academy,academies,basis,bases
academy,academies,business,businesses
academy,academies,category,categories
academy,academies,century,centuries
academy,academies,child,children
academy,academies,city,cities
academy,academies,community,communities
academy,academies,country,countries
academy,academies,county,counties
academy,academies,datum,data
academy,academies,duty,duties
academy,academies,economy,economies
academy,academies,energy,energies
academy,academies,entry,entries
academy,academies,facility,facilities
academy,academies,family,families
academy,academies,formula,formulae
academy,academies,history,histories
academy,academies,industry,industries
academy,academies,library,libraries
academy,academies,life,lives
academy,academies,loss,losses
academy,academies,majority,majorities
academy,academies,memory,memories
academy,academies,opportunity,opportunities
academy,academies,policy,policies
academy,academies,property,properties
academy,academies,responsibility,responsibilities
academy,academies,safety,safeties
academy,academies,secretary,secretaries
academy,academies,security,securities
academy,academies,series,series
academy,academies,society,societies
academy,academies,species,species
academy,academies,story,stories
academy,academies,strategy,strategies
academy,academies,success,successes
academy,academies,technology,technologies
academy,academies,theory,theories
academy,academies,university,universities
academy,academies,variety,varieties
academy,academies,wife,wives
academy,academies,woman,women
activity,activities,agency,agencies
activity,activities,analysis,analyses
activity,activities,army,armies
activity,activities,authority,authorities
activity,activities,basis,bases
activity,activities,business,businesses
activity,activities,category,categories
activity,activities,century,centuries
activity,activities,child,children
activity,activities,city,cities
activity,activities,community,communities
activity,activities,country,countries
activity,activities,county,counties
activity,activities,datum,data
activity,activities,duty,duties
activity,activities,economy,economies
activity,activities,energy,energies
activity,activities,entry,entries
activity,activities,facility,facilities
activity,activities,family,families
activity,activities,formula,formulae
activity,activities,history,histories
activity,activities,industry,industries
activity,activities,library,libraries
activity,activities,life,lives
activity,activities,loss,losses
activity,activities,majority,majorities
activity,activities,memory,memories
activity,activities,opportunity,opportunities
activity,activities,policy,policies
activity,activities,property,properties
activity,activities,responsibility,responsibilities
activity,activities,safety,safeties
activity,activities,secretary,secretaries
activity,activities,security,securities
activity,activities,series,series
activity,activities,society,societies
activity,activities,species,species
activity,activities,story,stories
activity,activities,strategy,strategies
activity,activities,success,successes
activity,activities,technology,technologies
activity,activities,theory,theories
activity,activities,university,universities
activity,activities,variety,varieties
activity,activities,wife,wives
activity,activities,woman,women
agency,agencies,analysis,analyses
agency,agencies,army,armies
agency,agencies,authority,authorities
agency,agencies,basis,bases
agency,agencies,business,businesses
agency,agencies,category,categories
agency,agencies,century,centuries
agency,agencies,child,children
agency,agencies,city,cities
agency,agencies,community,communities
agency,agencies,country,countries
agency,agencies,county,counties
agency,agencies,datum,data
agency,agencies,duty,duties
agency,agencies,economy,economies
agency,agencies,energy,energies
agency,agencies,entry,entries
agency,agencies,facility,facilities
agency,agencies,family,families
agency,agencies,formula,formulae
agency,agencies,history,histories
agency,agencies,industry,industries
agency,agencies,library,libraries
agency,agencies,life,lives
agency,agencies,loss,losses
agency,agencies,majority,majorities
agency,agencies,memory,memories
agency,agencies,opportunity,opportunities
agency,agencies,policy,policies
agency,agencies,property,properties
agency,agencies,responsibility,responsibilities
agency,agencies,safety,safeties
agency,agencies,secretary,secretaries
agency,agencies,security,securities
agency,agencies,series,series
agency,agencies,society,societies
agency,agencies,species,species
agency,agencies,story,stories
agency,agencies,strategy,strategies
agency,agencies,success,successes
agency,agencies,technology,technologies
agency,agencies,theory,theories
agency,agencies,university,universities
agency,agencies,variety,varieties
agency,agencies,wife,wives
agency,agencies,woman,women
analysis,analyses,army,armies
analysis,analyses,authority,authorities
analysis,analyses,basis,bases
analysis,analyses,business,businesses
analysis,analyses,category,categories
analysis,analyses,century,centuries
analysis,analyses,child,children
analysis,analyses,city,cities
analysis,analyses,community,communities
analysis,analyses,country,countries
analysis,analyses,county,counties
analysis,analyses,datum,data
analysis,analyses,duty,duties
analysis,analyses,economy,economies
analysis,analyses,energy,energies
analysis,analyses,entry,entries
analysis,analyses,facility,facilities
analysis,analyses,family,families
analysis,analyses,formula,formulae
analysis,analyses,history,histories
analysis,analyses,industry,industries
analysis,analyses,library,libraries
analysis,analyses,life,lives
analysis,analyses,loss,losses
analysis,analyses,majority,majorities
analysis,analyses,memory,memories
analysis,analyses,opportunity,opportunities
analysis,analyses,policy,policies
analysis,analyses,property,properties
analysis,analyses,responsibility,responsibilities
analysis,analyses,safety,safeties
analysis,analyses,secretary,secretaries
analysis,analyses,security,securities
analysis,analyses,series,series
analysis,analyses,society,societies
analysis,analyses,species,species
analysis,analyses,story,stories
analysis,analyses,strategy,strategies
analysis,analyses,success,successes
analysis,analyses,technology,technologies
analysis,analyses,theory,theories
analysis,analyses,university,universities
analysis,analyses,variety,varieties
analysis,analyses,wife,wives
analysis,analyses,woman,women
army,armies,authority,authorities
army,armies,basis,bases
army,armies,business,businesses
army,armies,category,categories
army,armies,century,centuries
army,armies,child,children
army,armies,city,cities
army,armies,community,communities
army,armies,country,countries
army,armies,county,counties
army,armies,datum,data
army,armies,duty,duties
army,armies,economy,economies
army,armies,energy,energies
army,armies,entry,entries
army,armies,facility,facilities
army,armies,family,families
army,armies,formula,formulae
army,armies,history,histories
army,armies,industry,industries
army,armies,library,libraries
army,armies,life,lives
army,armies,loss,losses
army,armies,majority,majorities
army,armies,memory,memories
army,armies,opportunity,opportunities
army,armies,policy,policies
army,armies,property,properties
army,armies,responsibility,responsibilities
army,armies,safety,safeties
army,armies,secretary,secretaries
army,armies,security,securities
army,armies,series,series
army,armies,society,societies
army,armies,species,species
army,armies,story,stories
army,armies,strategy,strategies
army,armies,success,successes
army,armies,technology,technologies
army,armies,theory,theories
army,armies,university,universities
army,armies,variety,varieties
army,armies,wife,wives
army,armies,woman,women
authority,authorities,basis,bases
authority,authorities,business,businesses
authority,authorities,category,categories
authority,authorities,century,centuries
authority,authorities,child,children
authority,authorities,city,cities
authority,authorities,community,communities
authority,authorities,country,countries
authority,authorities,county,counties
authority,authorities,datum,data
authority,authorities,duty,duties
authority,authorities,economy,economies
authority,authorities,energy,energies
authority,authorities,entry,entries
authority,authorities,facility,facilities
authority,authorities,family,families
authority,authorities,formula,formulae
authority,authorities,history,histories
authority,authorities,industry,industries
authority,authorities,library,libraries
authority,authorities,life,lives
authority,authorities,loss,losses
authority,authorities,majority,majorities
authority,authorities,memory,memories
authority,authorities,opportunity,opportunities
authority,authorities,policy,policies
authority,authorities,property,properties
authority,authorities,responsibility,responsibilities
authority,authorities,safety,safeties
authority,authorities,secretary,secretaries
authority,authorities,security,securities
authority,authorities,series,series
authority,authorities,society,societies
authority,authorities,species,species
authority,authorities,story,stories
authority,authorities,strategy,strategies
authority,authorities,success,successes
authority,authorities,technology,technologies
authority,authorities,theory,theories
authority,authorities,university,universities
authority,authorities,variety,varieties
authority,authorities,wife,wives
authority,authorities,woman,women
basis,bases,business,businesses
basis,bases,category,categories
basis,bases,century,centuries
basis,bases,child,children
basis,bases,city,cities
basis,bases,community,communities
basis,bases,country,countries
basis,bases,county,counties
basis,bases,datum,data
basis,bases,duty,duties
basis,bases,economy,economies
basis,bases,energy,energies
basis,bases,entry,entries
basis,bases,facility,facilities
basis,bases,family,families
basis,bases,formula,formulae
basis,bases,history,histories
basis,bases,industry,industries
basis,bases,library,libraries
basis,bases,life,lives
basis,bases,loss,losses
basis,bases,majority,majorities
basis,bases,memory,memories
basis,bases,opportunity,opportunities
basis,bases,policy,policies
basis,bases,property,properties
basis,bases,responsibility,responsibilities
basis,bases,safety,safeties
basis,bases,secretary,secretaries
basis,bases,security,securities
basis,bases,series,series
basis,bases,society,societies
basis,bases,species,species
basis,bases,story,stories
basis,bases,strategy,strategies
basis,bases,success,successes
basis,bases,technology,technologies
basis,bases,theory,theories
basis,bases,university,universities
basis,bases,variety,varieties
basis,bases,wife,wives
basis,bases,woman,women
business,businesses,category,categories
business,businesses,century,centuries
business,businesses,child,children
business,businesses,city,cities
business,businesses,community,communities
business,businesses,country,countries
business,businesses,county,counties
business,businesses,datum,data
business,businesses,duty,duties
business,businesses,economy,economies
business,businesses,energy,energies
business,businesses,entry,entries
business,businesses,facility,facilities
business,businesses,family,families
business,businesses,formula,formulae
business,businesses,history,histories
business,businesses,industry,industries
business,businesses,library,libraries
business,businesses,life,lives
business,businesses,loss,losses
business,businesses,majority,majorities
business,businesses,memory,memories
business,businesses,opportunity,opportunities
business,businesses,policy,policies
business,businesses,property,properties
business,businesses,responsibility,responsibilities
business,businesses,safety,safeties
business,businesses,secretary,secretaries
business,businesses,security,securities
business,businesses,series,series
business,businesses,society,societies
business,businesses,species,species
business,businesses,story,stories
business,businesses,strategy,strategies
business,businesses,success,successes
business,businesses,technology,technologies
business,businesses,theory,theories
business,businesses,university,universities
business,businesses,variety,varieties
business,businesses,wife,wives
business,businesses,woman,women
category,categories,century,centuries
category,categories,child,children
category,categories,city,cities
category,categories,community,communities
category,categories,country,countries
category,categories,county,counties
category,categories,datum,data
category,categories,duty,duties
category,categories,economy,economies
category,categories,energy,energies
category,categories,entry,entries
category,categories,facility,facilities
category,categories,family,families
category,categories,formula,formulae
category,categories,history,histories
category,categories,industry,industries
category,categories,library,libraries
category,categories,life,lives
category,categories,loss,losses
category,categories,majority,majorities
category,categories,memory,memories
category,categories,opportunity,opportunities
category,categories,policy,policies
category,categories,property,properties
category,categories,responsibility,responsibilities
category,categories,safety,safeties
category,categories,secretary,secretaries
category,categories,security,securities
category,categories,series,series
category,categories,society,societies
category,categories,species,species
category,categories,story,stories
category,categories,strategy,strategies
category,categories,success,successes
category,categories,technology,technologies
category,categories,theory,theories
category,categories,university,universities
category,categories,variety,varieties
category,categories,wife,wives
category,categories,woman,women
century,centuries,child,children
century,centuries,city,cities
century,centuries,community,communities
century,centuries,country,countries
century,centuries,county,counties
century,centuries,datum,data
century,centuries,duty,duties
century,centuries,economy,economies
century,centuries,energy,energies
century,centuries,entry,entries
century,centuries,facility,facilities
century,centuries,family,families
century,centuries,formula,formulae
century,centuries,history,histories
century,centuries,industry,industries
century,centuries,library,libraries
century,centuries,life,lives
century,centuries,loss,losses
century,centuries,majority,majorities
century,centuries,memory,memories
century,centuries,opportunity,opportunities
century,centuries,policy,policies
century,centuries,property,properties
century,centuries,responsibility,responsibilities
century,centuries,safety,safeties
century,centuries,secretary,secretaries
century,centuries,security,securities
century,centuries,series,series
century,centuries,society,societies
century,centuries,species,species
century,centuries,story,stories
century,centuries,strategy,strategies
century,centuries,success,successes
century,centuries,technology,technologies
century,centuries,theory,theories
century,centuries,university,universities
century,centuries,variety,varieties
century,centuries,wife,wives
century,centuries,woman,women
child,children,city,cities
child,children,community,communities
child,children,country,countries
child,children,county,counties
child,children,datum,data
child,children,duty,duties
child,children,economy,economies
child,children,energy,energies
child,children,entry,entries
child,children,facility,facilities
child,children,family,families
child,children,formula,formulae
child,children,history,histories
child,children,industry,industries
child,children,library,libraries
child,children,life,lives
child,children,loss,losses
child,children,majority,majorities
child,children,memory,memories
child,children,opportunity,opportunities
child,children,policy,policies
child,children,property,properties
child,children,responsibility,responsibilities
child,children,safety,safeties
child,children,secretary,secretaries
child,children,security,securities
child,children,series,series
child,children,society,societies
child,children,species,species
child,children,story,stories
child,children,strategy,strategies
child,children,success,successes
child,children,technology,technologies
child,children,theory,theories
child,children,university,universities
child,children,variety,varieties
child,children,wife,wives
child,children,woman,women
city,cities,community,communities
city,cities,country,countries
city,cities,county,counties
city,cities,datum,data
city,cities,duty,duties
city,cities,economy,economies
city,cities,energy,energies
city,cities,entry,entries
city,cities,facility,facilities
city,cities,family,families
city,cities,formula,formulae
city,cities,history,histories
city,cities,industry,industries
city,cities,library,libraries
city,cities,life,lives
city,cities,loss,losses
city,cities,majority,majorities
city,cities,memory,memories
city,cities,opportunity,opportunities
city,cities,policy,policies
city,cities,property,properties
city,cities,responsibility,responsibilities
city,cities,safety,safeties
city,cities,secretary,secretaries
city,cities,security,securities
city,cities,series,series
city,cities,society,societies
city,cities,species,species
city,cities,story,stories
city,cities,strategy,strategies
city,cities,success,successes
city,cities,technology,technologies
city,cities,theory,theories
city,cities,university,universities
city,cities,variety,varieties
city,cities,wife,wives
city,cities,woman,women
community,communities,country,countries
community,communities,county,counties
community,communities,datum,data
community,communities,duty,duties
community,communities,economy,economies
community,communities,energy,energies
community,communities,entry,entries
community,communities,facility,facilities
community,communities,family,families
community,communities,formula,formulae
community,communities,history,histories
community,communities,industry,industries
community,communities,library,libraries
community,communities,life,lives
community,communities,loss,losses
community,communities,majority,majorities
community,communities,memory,memories
community,communities,opportunity,opportunities
community,communities,policy,policies
community,communities,property,properties
community,communities,responsibility,responsibilities
community,communities,safety,safeties
community,communities,secretary,secretaries
community,communities,security,securities
community,communities,series,series
community,communities,society,societies
community,communities,species,species
community,communities,story,stories
community,communities,strategy,strategies
community,communities,success,successes
community,communities,technology,technologies
community,communities,theory,theories
community,communities,university,universities
community,communities,variety,varieties
community,communities,wife,wives
community,communities,woman,women
country,countries,county,counties
country,countries,datum,data
country,countries,duty,duties
country,countries,economy,economies
country,countries,energy,energies
country,countries,entry,entries
country,countries,facility,facilities
country,countries,family,families
country,countries,formula,formulae
country,countries,history,histories
country,countries,industry,industries
country,countries,library,libraries
country,countries,life,lives
country,countries,loss,losses
country,countries,majority,majorities
country,countries,memory,memories
country,countries,opportunity,opportunities
country,countries,policy,policies
country,countries,property,properties
country,countries,responsibility,responsibilities
country,countries,safety,safeties
country,countries,secretary,secretaries
country,countries,security,securities
country,countries,series,series
country,countries,society,societies
country,countries,species,species
country,countries,story,stories
country,countries,strategy,strategies
country,countries,success,successes
country,countries,technology,technologies
country,countries,theory,theories
country,countries,university,universities
country,countries,variety,varieties
country,countries,wife,wives
country,countries,woman,women
county,counties,datum,data
county,counties,duty,duties
county,counties,economy,economies
county,counties,energy,energies
county,counties,entry,entries
county,counties,facility,facilities
county,counties,family,families
county,counties,formula,formulae
county,counties,history,histories
county,counties,industry,industries
county,counties,library,libraries
county,counties,life,lives
county,counties,loss,losses
county,counties,majority,majorities
county,counties,memory,memories
county,counties,opportunity,opportunities
county,counties,policy,policies
county,counties,property,properties
county,counties,responsibility,responsibilities
county,counties,safety,safeties
county,counties,secretary,secretaries
county,counties,security,securities
county,counties,series,series
county,counties,society,societies
county,counties,species,species
county,counties,story,stories
county,counties,strategy,strategies
county,counties,success,successes
county,counties,technology,technologies
county,counties,theory,theories
county,counties,university,universities
county,counties,variety,varieties
county,counties,wife,wives
county,counties,woman,women
datum,data,duty,duties
datum,data,economy,economies
datum,data,energy,energies
datum,data,entry,entries
datum,data,facility,facilities
datum,data,family,families
datum,data,formula,formulae
datum,data,history,histories
datum,data,industry,industries
datum,data,library,libraries
datum,data,life,lives
datum,data,loss,losses
datum,data,majority,majorities
datum,data,memory,memories
datum,data,opportunity,opportunities
datum,data,policy,policies
datum,data,property,properties
datum,data,responsibility,responsibilities
datum,data,safety,safeties
datum,data,secretary,secretaries
datum,data,security,securities
datum,data,series,series
datum,data,society,societies
datum,data,species,species
datum,data,story,stories
datum,data,strategy,strategies
datum,data,success,successes
datum,data,technology,technologies
datum,data,theory,theories
datum,data,university,universities
datum,data,variety,varieties
datum,data,wife,wives
datum,data,woman,women
duty,duties,economy,economies
duty,duties,energy,energies
duty,duties,entry,entries
duty,duties,facility,facilities
duty,duties,family,families
duty,duties,formula,formulae
duty,duties,history,histories
duty,duties,industry,industries
duty,duties,library,libraries
duty,duties,life,lives
duty,duties,loss,losses
duty,duties,majority,majorities
duty,duties,memory,memories
duty,duties,opportunity,opportunities
duty,duties,policy,policies
duty,duties,property,properties
duty,duties,responsibility,responsibilities
duty,duties,safety,safeties
duty,duties,secretary,secretaries
duty,duties,security,securities
duty,duties,series,series
duty,duties,society,societies
duty,duties,species,species
duty,duties,story,stories
duty,duties,strategy,strategies
duty,duties,success,successes
duty,duties,technology,technologies
duty,duties,theory,theories
duty,duties,university,universities
duty,duties,variety,varieties
duty,duties,wife,wives
duty,duties,woman,women
economy,economies,energy,energies
economy,economies,entry,entries
economy,economies,facility,facilities
economy,economies,family,families
economy,economies,formula,formulae
economy,economies,history,histories
economy,economies,industry,industries
economy,economies,library,libraries
economy,economies,life,lives
economy,economies,loss,losses
economy,economies,majority,majorities
economy,economies,memory,memories
economy,economies,opportunity,opportunities
economy,economies,policy,policies
economy,economies,property,properties
economy,economies,responsibility,responsibilities
economy,economies,safety,safeties
economy,economies,secretary,secretaries
economy,economies,security,securities
economy,economies,series,series
economy,economies,society,societies
economy,economies,species,species
economy,economies,story,stories
economy,economies,strategy,strategies
economy,economies,success,successes
economy,economies,technology,technologies
economy,economies,theory,theories
economy,economies,university,universities
economy,economies,variety,varieties
economy,economies,wife,wives
economy,economies,woman,women
energy,energies,entry,entries
energy,energies,facility,facilities
energy,energies,family,families
energy,energies,formula,formulae
energy,energies,history,histories
energy,energies,industry,industries
energy,energies,library,libraries
energy,energies,life,lives
energy,energies,loss,losses
energy,energies,majority,majorities
energy,energies,memory,memories
energy,energies,opportunity,opportunities
energy,energies,policy,policies
energy,energies,property,properties
energy,energies,responsibility,responsibilities
energy,energies,safety,safeties
energy,energies,secretary,secretaries
energy,energies,security,securities
energy,energies,series,series
energy,energies,society,societies
energy,energies,species,species
energy,energies,story,stories
energy,energies,strategy,strategies
energy,energies,success,successes
energy,energies,technology,technologies
energy,energies,theory,theories
energy,energies,university,universities
energy,energies,variety,varieties
energy,energies,wife,wives
energy,energies,woman,women
entry,entries,facility,facilities
entry,entries,family,families
entry,entries,formula,formulae
entry,entries,history,histories
entry,entries,industry,industries
entry,entries,library,libraries
entry,entries,life,lives
entry,entries,loss,losses
entry,entries,majority,majorities
entry,entries,memory,memories
entry,entries,opportunity,opportunities
entry,entries,policy,policies
entry,entries,property,properties
entry,entries,responsibility,responsibilities
entry,entries,safety,safeties
entry,entries,secretary,secretaries
entry,entries,security,securities
entry,entries,series,series
entry,entries,society,societies
entry,entries,species,species
entry,entries,story,stories
entry,entries,strategy,strategies
entry,entries,success,successes
entry,entries,technology,technologies
entry,entries,theory,theories
entry,entries,university,universities
entry,entries,variety,varieties
entry,entries,wife,wives
entry,entries,woman,women
facility,facilities,family,families
facility,facilities,formula,formulae
facility,facilities,history,histories
facility,facilities,industry,industries
facility,facilities,library,libraries
facility,facilities,life,lives
facility,facilities,loss,losses
facility,facilities,majority,majorities
facility,facilities,memory,memories
facility,facilities,opportunity,opportunities
facility,facilities,policy,policies
facility,facilities,property,properties
facility,facilities,responsibility,responsibilities
facility,facilities,safety,safeties
facility,facilities,secretary,secretaries
facility,facilities,security,securities
facility,facilities,series,series
facility,facilities,society,societies
facility,facilities,species,species
facility,facilities,story,stories
facility,facilities,strategy,strategies
facility,facilities,success,successes
facility,facilities,technology,technologies
facility,facilities,theory,theories
facility,facilities,university,universities
facility,facilities,variety,varieties
facility,facilities,wife,wives
facility,facilities,woman,women
family,families,formula,formulae
family,families,history,histories
family,families,industry,industries
family,families,library,libraries
family,families,life,lives
family,families,loss,losses
family,families,majority,majorities
family,families,memory,memories
family,families,opportunity,opportunities
family,families,policy,policies
family,families,property,properties
family,families,responsibility,responsibilities
family,families,safety,safeties
family,families,secretary,secretaries
family,families,security,securities
family,families,series,series
family,families,society,societies
family,families,species,species
family,families,story,stories
family,families,strategy,strategies
family,families,success,successes
family,families,technology,technologies
family,families,theory,theories
family,families,university,universities
family,families,variety,varieties
family,families,wife,wives
family,families,woman,women
formula,formulae,history,histories
formula,formulae,industry,industries
formula,formulae,library,libraries
formula,formulae,life,lives
formula,formulae,loss,losses
formula,formulae,majority,majorities
formula,formulae,memory,memories
formula,formulae,opportunity,opportunities
formula,formulae,policy,policies
formula,formulae,property,properties
formula,formulae,responsibility,responsibilities
formula,formulae,safety,safeties
formula,formulae,secretary,secretaries
formula,formulae,security,securities
formula,formulae,series,series
formula,formulae,society,societies
formula,formulae,species,species
formula,formulae,story,stories
formula,formulae,strategy,strategies
formula,formulae,success,successes
formula,formulae,technology,technologies
formula,formulae,theory,theories
formula,formulae,university,universities
formula,formulae,variety,varieties
formula,formulae,wife,wives
formula,formulae,woman,women
history,histories,industry,industries
history,histories,library,libraries
history,histories,life,lives
history,histories,loss,losses
history,histories,majority,majorities
history,histories,memory,memories
history,histories,opportunity,opportunities
history,histories,policy,policies
history,histories,property,properties
history,histories,responsibility,responsibilities
history,histories,safety,safeties
history,histories,secretary,secretaries
history,histories,security,securities
history,histories,series,series
history,histories,society,societies
history,histories,species,species
history,histories,story,stories
history,histories,strategy,strategies
history,histories,success,successes
history,histories,technology,technologies
history,histories,theory,theories
history,histories,university,universities
history,histories,variety,varieties
history,histories,wife,wives
history,histories,woman,women
industry,industries,library,libraries
industry,industries,life,lives
industry,industries,loss,losses
industry,industries,majority,majorities
industry,industries,memory,memories
industry,industries,opportunity,opportunities
industry,industries,policy,policies
industry,industries,property,properties
industry,industries,responsibility,responsibilities
industry,industries,safety,safeties
industry,industries,secretary,secretaries
industry,industries,security,securities
industry,industries,series,series
industry,industries,society,societies
industry,industries,species,species
industry,industries,story,stories
industry,industries,strategy,strategies
industry,industries,success,successes
industry,industries,technology,technologies
industry,industries,theory,theories
industry,industries,university,universities
industry,industries,variety,varieties
industry,industries,wife,wives
industry,industries,woman,women
library,libraries,life,lives
library,libraries,loss,losses
library,libraries,majority,majorities
library,libraries,memory,memories
library,libraries,opportunity,opportunities
library,libraries,policy,policies
library,libraries,property,properties
library,libraries,responsibility,responsibilities
library,libraries,safety,safeties
library,libraries,secretary,secretaries
library,libraries,security,securities
library,libraries,series,series
library,libraries,society,societies
library,libraries,species,species
library,libraries,story,stories
library,libraries,strategy,strategies
library,libraries,success,successes
library,libraries,technology,technologies
library,libraries,theory,theories
library,libraries,university,universities
library,libraries,variety,varieties
library,libraries,wife,wives
library,libraries,woman,women
life,lives,loss,losses
life,lives,majority,majorities
life,lives,memory,memories
life,lives,opportunity,opportunities
life,lives,policy,policies
life,lives,property,properties
life,lives,responsibility,responsibilities
life,lives,safety,safeties
life,lives,secretary,secretaries
life,lives,security,securities
life,lives,series,series
life,lives,society,societies
life,lives,species,species
life,lives,story,stories
life,lives,strategy,strategies
life,lives,success,successes
life,lives,technology,technologies
life,lives,theory,theories
life,lives,university,universities
life,lives,variety,varieties
life,lives,wife,wives
life,lives,woman,women
loss,losses,majority,majorities
loss,losses,memory,memories
loss,losses,opportunity,opportunities
loss,losses,policy,policies
loss,losses,property,properties
loss,losses,responsibility,responsibilities
loss,losses,safety,safeties
loss,losses,secretary,secretaries
loss,losses,security,securities
loss,losses,series,series
loss,losses,society,societies
loss,losses,species,species
loss,losses,story,stories
loss,losses,strategy,strategies
loss,losses,success,successes
loss,losses,technology,technologies
loss,losses,theory,theories
loss,losses,university,universities
loss,losses,variety,varieties
loss,losses,wife,wives
loss,losses,woman,women
majority,majorities,memory,memories
majority,majorities,opportunity,opportunities
majority,majorities,policy,policies
majority,majorities,property,properties
majority,majorities,responsibility,responsibilities
majority,majorities,safety,safeties
majority,majorities,secretary,secretaries
majority,majorities,security,securities
majority,majorities,series,series
majority,majorities,society,societies
majority,majorities,species,species
majority,majorities,story,stories
majority,majorities,strategy,strategies
majority,majorities,success,successes
majority,majorities,technology,technologies
majority,majorities,theory,theories
majority,majorities,university,universities
majority,majorities,variety,varieties
majority,majorities,wife,wives
majority,majorities,woman,women
memory,memories,opportunity,opportunities
memory,memories,policy,policies
memory,memories,property,properties
memory,memories,responsibility,responsibilities
memory,memories,safety,safeties
memory,memories,secretary,secretaries
memory,memories,security,securities
memory,memories,series,series
memory,memories,society,societies
memory,memories,species,species
memory,memories,story,stories
memory,memories,strategy,strategies
memory,memories,success,successes
memory,memories,technology,technologies
memory,memories,theory,theories
memory,memories,university,universities
memory,memories,variety,varieties
memory,memories,wife,wives
memory,memories,woman,women
opportunity,opportunities,policy,policies
opportunity,opportunities,property,properties
opportunity,opportunities,responsibility,responsibilities
opportunity,opportunities,safety,safeties
opportunity,opportunities,secretary,secretaries
opportunity,opportunities,security,securities
opportunity,opportunities,series,series
opportunity,opportunities,society,societies
opportunity,opportunities,species,species
opportunity,opportunities,story,stories
opportunity,opportunities,strategy,strategies
opportunity,opportunities,success,successes
opportunity,opportunities,technology,technologies
opportunity,opportunities,theory,theories
opportunity,opportunities,university,universities
opportunity,opportunities,variety,varieties
opportunity,opportunities,wife,wives
opportunity,opportunities,woman,women
policy,policies,property,properties
policy,policies,responsibility,responsibilities
policy,policies,safety,safeties
policy,policies,secretary,secretaries
policy,policies,security,securities
policy,policies,series,series
policy,policies,society,societies
policy,policies,species,species
policy,policies,story,stories
policy,policies,strategy,strategies
policy,policies,success,successes
policy,policies,technology,technologies
policy,policies,theory,theories
policy,policies,university,universities
policy,policies,variety,varieties
policy,policies,wife,wives
policy,policies,woman,women
property,properties,responsibility,responsibilities
property,properties,safety,safeties
property,properties,secretary,secretaries
property,properties,security,securities
property,properties,series,series
property,properties,society,societies
property,properties,species,species
property,properties,story,stories
property,properties,strategy,strategies
property,properties,success,successes
property,properties,technology,technologies
property,properties,theory,theories
property,properties,university,universities
property,properties,variety,varieties
property,properties,wife,wives
property,properties,woman,women
responsibility,responsibilities,safety,safeties
responsibility,responsibilities,secretary,secretaries
responsibility,responsibilities,security,securities
responsibility,responsibilities,series,series
responsibility,responsibilities,society,societies
responsibility,responsibilities,species,species
responsibility,responsibilities,story,stories
responsibility,responsibilities,strategy,strategies
responsibility,responsibilities,success,successes
responsibility,responsibilities,technology,technologies
responsibility,responsibilities,theory,theories
responsibility,responsibilities,university,universities
responsibility,responsibilities,variety,varieties
responsibility,responsibilities,wife,wives
responsibility,responsibilities,woman,women
safety,safeties,secretary,secretaries
safety,safeties,security,securities
safety,safeties,series,series
safety,safeties,society,societies
safety,safeties,species,species
safety,safeties,story,stories
safety,safeties,strategy,strategies
safety,safeties,success,successes
safety,safeties,technology,technologies
safety,safeties,theory,theories
safety,safeties,university,universities
safety,safeties,variety,varieties
safety,safeties,wife,wives
safety,safeties,woman,women
secretary,secretaries,security,securities
secretary,secretaries,series,series
secretary,secretaries,society,societies
secretary,secretaries,species,species
secretary,secretaries,story,stories
secretary,secretaries,strategy,strategies
secretary,secretaries,success,successes
secretary,secretaries,technology,technologies
secretary,secretaries,theory,theories
secretary,secretaries,university,universities
secretary,secretaries,variety,varieties
secretary,secretaries,wife,wives
secretary,secretaries,woman,women
security,securities,series,series
security,securities,society,societies
security,securities,species,species
security,securities,story,stories
security,securities,strategy,strategies
security,securities,success,successes
security,securities,technology,technologies
security,securities,theory,theories
security,securities,university,universities
security,securities,variety,varieties
security,securities,wife,wives
security,securities,woman,women
series,series,society,societies
series,series,species,species
series,series,story,stories
series,series,strategy,strategies
series,series,success,successes
series,series,technology,technologies
series,series,theory,theories
series,series,university,universities
series,series,variety,varieties
series,series,wife,wives
series,series,woman,women
society,societies,species,species
society,societies,story,stories
society,societies,strategy,strategies
society,societies,success,successes
society,societies,technology,technologies
society,societies,theory,theories
society,societies,university,universities
society,societies,variety,varieties
society,societies,wife,wives
society,societies,woman,women
species,species,story,stories
species,species,strategy,strategies
species,species,success,successes
species,species,technology,technologies
species,species,theory,theories
species,species,university,universities
species,species,variety,varieties
species,species,wife,wives
species,species,woman,women
story,stories,strategy,strategies
story,stories,success,successes
story,stories,technology,technologies
story,stories,theory,theories
story,stories,university,universities
story,stories,variety,varieties
story,stories,wife,wives
story,stories,woman,women
strategy,strategies,success,successes
strategy,strategies,technology,technologies
strategy,strategies,theory,theories
strategy,strategies,university,universities
strategy,strategies,variety,varieties
strategy,strategies,wife,wives
strategy,strategies,woman,women
success,successes,technology,technologies
success,successes,theory,theories
success,successes,university,universities
success,successes,variety,varieties
success,successes,wife,wives
success,successes,woman,women
technology,technologies,theory,theories
technology,technologies,university,universities
technology,technologies,variety,varieties
technology,technologies,wife,wives
technology,technologies,woman,women
theory,theories,university,universities
theory,theories,variety,varieties
theory,theories,wife,wives
theory,theories,woman,women
university,universities,variety,varieties
university,universities,wife,wives
university,universities,woman,women
variety,varieties,wife,wives
variety,varieties,woman,women
wife,wives,woman,women
