angry,angrier,cheap,cheaper
angry,angrier,clever,cleverer
angry,angrier,coarse,coarser
angry,angrier,costly,costlier
angry,angrier,cute,cuter
angry,angrier,dense,denser
angry,angrier,dumb,dumber
angry,angrier,fierce,fiercer
angry,angrier,handy,handier
angry,angrier,happy,happier
angry,angrier,hardy,hardier
angry,angrier,harsh,harsher
angry,angrier,healthy,healthier
angry,angrier,hot,hotter
angry,angrier,huge,huger
angry,angrier,hungry,hungrier
angry,angrier,lazy,lazier
angry,angrier,lengthy,lengthier
angry,angrier,lucky,luckier
angry,angrier,mad,madder
angry,angrier,merry,merrier
angry,angrier,mild,milder
angry,angrier,moist,moister
angry,angrier,nasty,nastier
angry,angrier,neat,neater
angry,angrier,nice,nicer
angry,angrier,noisy,noisier
angry,angrier,proud,prouder
angry,angrier,pure,purer
angry,angrier,risky,riskier
angry,angrier,rocky,rockier
angry,angrier,rude,ruder
angry,angrier,sad,sadder
angry,angrier,scary,scarier
angry,angrier,sexy,sexier
angry,angrier,sticky,stickier
angry,angrier,strict,stricter
angry,angrier,strong,stronger
angry,angrier,subtle,subtler
angry,angrier,sunny,sunnier
angry,angrier,tasty,tastier
angry,angrier,tiny,tinier
angry,angrier,tricky,trickier
angry,angrier,ugly,uglier
angry,angrier,vague,vaguer
angry,angrier,vast,vaster
angry,angrier,weak,weaker
angry,angrier,wealthy,wealthier
angry,angrier,weird,weirder
cheap,cheaper,clever,cleverer
cheap,cheaper,coarse,coarser
cheap,cheaper,costly,costlier
cheap,cheaper,cute,cuter
cheap,cheaper,dense,denser
cheap,cheaper,dumb,dumber
cheap,cheaper,fierce,fiercer
cheap,cheaper,handy,handier
cheap,cheaper,happy,happier
cheap,cheaper,hardy,hardier
cheap,cheaper,harsh,harsher
cheap,cheaper,healthy,healthier
cheap,cheaper,hot,hotter
cheap,cheaper,huge,huger
cheap,cheaper,hungry,hungrier
cheap,cheaper,lazy,lazier
cheap,cheaper,lengthy,lengthier
cheap,cheaper,lucky,luckier
cheap,cheaper,mad,madder
cheap,cheaper,merry,merrier
cheap,cheaper,mild,milder
cheap,cheaper,moist,moister
cheap,cheaper,nasty,nastier
cheap,cheaper,neat,neater
cheap,cheaper,nice,nicer
cheap,cheaper,noisy,noisier
cheap,cheaper,proud,prouder
cheap,cheaper,pure,purer
cheap,cheaper,risky,riskier
cheap,cheaper,rocky,rockier
cheap,cheaper,rude,ruder
cheap,cheaper,sad,sadder
cheap,cheaper,scary,scarier
cheap,cheaper,sexy,sexier
cheap,cheaper,sticky,stickier
cheap,cheaper,strict,stricter
cheap,cheaper,strong,stronger
cheap,cheaper,subtle,subtler
cheap,cheaper,sunny,sunnier
cheap,cheaper,tasty,tastier
cheap,cheaper,tiny,tinier
cheap,cheaper,tricky,trickier
cheap,cheaper,ugly,uglier
cheap,cheaper,vague,vaguer
cheap,cheaper,vast,vaster
cheap,cheaper,weak,weaker
cheap,cheaper,wealthy,wealthier
cheap,cheaper,weird,weirder
clever,cleverer,coarse,coarser
clever,cleverer,costly,costlier
clever,cleverer,cute,cuter
clever,cleverer,dense,denser
clever,cleverer,dumb,dumber
clever,cleverer,fierce,fiercer
clever,cleverer,handy,handier
clever,cleverer,happy,happier
clever,cleverer,hardy,hardier
clever,cleverer,harsh,harsher
clever,cleverer,healthy,healthier
clever,cleverer,hot,hotter
clever,cleverer,huge,huger
clever,cleverer,hungry,hungrier
clever,cleverer,lazy,lazier
clever,cleverer,lengthy,lengthier
clever,cleverer,lucky,luckier
clever,cleverer,mad,madder
clever,cleverer,merry,merrier
clever,cleverer,mild,milder
clever,cleverer,moist,moister
clever,cleverer,nasty,nastier
clever,cleverer,neat,neater
clever,cleverer,nice,nicer
clever,cleverer,noisy,noisier
clever,cleverer,proud,prouder
clever,cleverer,pure,purer
clever,cleverer,risky,riskier
clever,cleverer,rocky,rockier
clever,cleverer,rude,ruder
clever,cleverer,sad,sadder
clever,cleverer,scary,scarier
clever,cleverer,sexy,sexier
clever,cleverer,sticky,stickier
clever,cleverer,strict,stricter
clever,cleverer,strong,stronger
clever,cleverer,subtle,subtler
clever,cleverer,sunny,sunnier
clever,cleverer,tasty,tastier
clever,cleverer,tiny,tinier
clever,cleverer,tricky,trickier
clever,cleverer,ugly,uglier
clever,cleverer,vague,vaguer
clever,cleverer,vast,vaster
clever,cleverer,weak,weaker
clever,cleverer,wealthy,wealthier
clever,cleverer,weird,weirder
coarse,coarser,costly,costlier
coarse,coarser,cute,cuter
coarse,coarser,dense,denser
coarse,coarser,dumb,dumber
coarse,coarser,fierce,fiercer
coarse,coarser,handy,handier
coarse,coarser,happy,happier
coarse,coarser,hardy,hardier
coarse,coarser,harsh,harsher
coarse,coarser,healthy,healthier
coarse,coarser,hot,hotter
coarse,coarser,huge,huger
coarse,coarser,hungry,hungrier
coarse,coarser,lazy,lazier
coarse,coarser,lengthy,lengthier
coarse,coarser,lucky,luckier
coarse,coarser,mad,madder
coarse,coarser,merry,merrier
coarse,coarser,mild,milder
coarse,coarser,moist,moister
coarse,coarser,nasty,nastier
coarse,coarser,neat,neater
coarse,coarser,nice,nicer
coarse,coarser,noisy,noisier
coarse,coarser,proud,prouder
coarse,coarser,pure,purer
coarse,coarser,risky,riskier
coarse,coarser,rocky,rockier
coarse,coarser,rude,ruder
coarse,coarser,sad,sadder
coarse,coarser,scary,scarier
coarse,coarser,sexy,sexier
coarse,coarser,sticky,stickier
coarse,coarser,strict,stricter
coarse,coarser,strong,stronger
coarse,coarser,subtle,subtler
coarse,coarser,sunny,sunnier
coarse,coarser,tasty,tastier
coarse,coarser,tiny,tinier
coarse,coarser,tricky,trickier
coarse,coarser,ugly,uglier
coarse,coarser,vague,vaguer
coarse,coarser,vast,vaster
coarse,coarser,weak,weaker
coarse,coarser,wealthy,wealthier
coarse,coarser,weird,weirder
costly,costlier,cute,cuter
costly,costlier,dense,denser
costly,costlier,dumb,dumber
costly,costlier,fierce,fiercer
costly,costlier,handy,handier
costly,costlier,happy,happier
costly,costlier,hardy,hardier
costly,costlier,harsh,harsher
costly,costlier,healthy,healthier
costly,costlier,hot,hotter
costly,costlier,huge,huger
costly,costlier,hungry,hungrier
costly,costlier,lazy,lazier
costly,costlier,lengthy,lengthier
costly,costlier,lucky,luckier
costly,costlier,mad,madder
costly,costlier,merry,merrier
costly,costlier,mild,milder
costly,costlier,moist,moister
costly,costlier,nasty,nastier
costly,costlier,neat,neater
costly,costlier,nice,nicer
costly,costlier,noisy,noisier
costly,costlier,proud,prouder
costly,costlier,pure,purer
costly,costlier,risky,riskier
costly,costlier,rocky,rockier
costly,costlier,rude,ruder
costly,costlier,sad,sadder
costly,costlier,scary,scarier
costly,costlier,sexy,sexier
costly,costlier,sticky,stickier
costly,costlier,strict,stricter
costly,costlier,strong,stronger
costly,costlier,subtle,subtler
costly,costlier,sunny,sunnier
costly,costlier,tasty,tastier
costly,costlier,tiny,tinier
costly,costlier,tricky,trickier
costly,costlier,ugly,uglier
costly,costlier,vague,vaguer
costly,costlier,vast,vaster
costly,costlier,weak,weaker
costly,costlier,wealthy,wealthier
costly,costlier,weird,weirder
cute,cuter,dense,denser
cute,cuter,dumb,dumber
cute,cuter,fierce,fiercer
cute,cuter,handy,handier
cute,cuter,happy,happier
cute,cuter,hardy,hardier
cute,cuter,harsh,harsher
cute,cuter,healthy,healthier
cute,cuter,hot,hotter
cute,cuter,huge,huger
cute,cuter,hungry,hungrier
cute,cuter,lazy,lazier
cute,cuter,lengthy,lengthier
cute,cuter,lucky,luckier
cute,cuter,mad,madder
cute,cuter,merry,merrier
cute,cuter,mild,milder
cute,cuter,moist,moister
cute,cuter,nasty,nastier
cute,cuter,neat,neater
cute,cuter,nice,nicer
cute,cuter,noisy,noisier
cute,cuter,proud,prouder
cute,cuter,pure,purer
cute,cuter,risky,riskier
cute,cuter,rocky,rockier
cute,cuter,rude,ruder
cute,cuter,sad,sadder
cute,cuter,scary,scarier
cute,cuter,sexy,sexier
cute,cuter,sticky,stickier
cute,cuter,strict,stricter
cute,cuter,strong,stronger
cute,cuter,subtle,subtler
cute,cuter,sunny,sunnier
cute,cuter,tasty,tastier
cute,cuter,tiny,tinier
cute,cuter,tricky,trickier
cute,cuter,ugly,uglier
cute,cuter,vague,vaguer
cute,cuter,vast,vaster
cute,cuter,weak,weaker
cute,cuter,wealthy,wealthier
cute,cuter,weird,weirder
dense,denser,dumb,dumber
dense,denser,fierce,fiercer
dense,denser,handy,handier
dense,denser,happy,happier
dense,denser,hardy,hardier
dense,denser,harsh,harsher
dense,denser,healthy,healthier
dense,denser,hot,hotter
dense,denser,huge,huger
dense,denser,hungry,hungrier
dense,denser,lazy,lazier
dense,denser,lengthy,lengthier
dense,denser,lucky,luckier
dense,denser,mad,madder
dense,denser,merry,merrier
dense,denser,mild,milder
dense,denser,moist,moister
dense,denser,nasty,nastier
dense,denser,neat,neater
dense,denser,nice,nicer
dense,denser,noisy,noisier
dense,denser,proud,prouder
dense,denser,pure,purer
dense,denser,risky,riskier
dense,denser,rocky,rockier
dense,denser,rude,ruder
dense,denser,sad,sadder
dense,denser,scary,scarier
dense,denser,sexy,sexier
dense,denser,sticky,stickier
dense,denser,strict,stricter
dense,denser,strong,stronger
dense,denser,subtle,subtler
dense,denser,sunny,sunnier
dense,denser,tasty,tastier
dense,denser,tiny,tinier
dense,denser,tricky,trickier
dense,denser,ugly,uglier
dense,denser,vague,vaguer
dense,denser,vast,vaster
dense,denser,weak,weaker
dense,denser,wealthy,wealthier
dense,denser,weird,weirder
dumb,dumber,fierce,fiercer
dumb,dumber,handy,handier
dumb,dumber,happy,happier
dumb,dumber,hardy,hardier
dumb,dumber,harsh,harsher
dumb,dumber,healthy,healthier
dumb,dumber,hot,hotter
dumb,dumber,huge,huger
dumb,dumber,hungry,hungrier
dumb,dumber,lazy,lazier
dumb,dumber,lengthy,lengthier
dumb,dumber,lucky,luckier
dumb,dumber,mad,madder
dumb,dumber,merry,merrier
dumb,dumber,mild,milder
dumb,dumber,moist,moister
dumb,dumber,nasty,nastier
dumb,dumber,neat,neater
dumb,dumber,nice,nicer
dumb,dumber,noisy,noisier
dumb,dumber,proud,prouder
dumb,dumber,pure,purer
dumb,dumber,risky,riskier
dumb,dumber,rocky,rockier
dumb,dumber,rude,ruder
dumb,dumber,sad,sadder
dumb,dumber,scary,scarier
dumb,dumber,sexy,sexier
dumb,dumber,sticky,stickier
dumb,dumber,strict,stricter
dumb,dumber,strong,stronger
dumb,dumber,subtle,subtler
dumb,dumber,sunny,sunnier
dumb,dumber,tasty,tastier
dumb,dumber,tiny,tinier
dumb,dumber,tricky,trickier
dumb,dumber,ugly,uglier
dumb,dumber,vague,vaguer
dumb,dumber,vast,vaster
dumb,dumber,weak,weaker
dumb,dumber,wealthy,wealthier
dumb,dumber,weird,weirder
fierce,fiercer,handy,handier
fierce,fiercer,happy,happier
fierce,fiercer,hardy,hardier
fierce,fiercer,harsh,harsher
fierce,fiercer,healthy,healthier
fierce,fiercer,hot,hotter
fierce,fiercer,huge,huger
fierce,fiercer,hungry,hungrier
fierce,fiercer,lazy,lazier
fierce,fiercer,lengthy,lengthier
fierce,fiercer,lucky,luckier
fierce,fiercer,mad,madder
fierce,fiercer,merry,merrier
fierce,fiercer,mild,milder
fierce,fiercer,moist,moister
fierce,fiercer,nasty,nastier
fierce,fiercer,neat,neater
fierce,fiercer,nice,nicer
fierce,fiercer,noisy,noisier
fierce,fiercer,proud,prouder
fierce,fiercer,pure,purer
fierce,fiercer,risky,riskier
fierce,fiercer,rocky,rockier
fierce,fiercer,rude,ruder
fierce,fiercer,sad,sadder
fierce,fiercer,scary,scarier
fierce,fiercer,sexy,sexier
fierce,fiercer,sticky,stickier
fierce,fiercer,strict,stricter
fierce,fiercer,strong,stronger
fierce,fiercer,subtle,subtler
fierce,fiercer,sunny,sunnier
fierce,fiercer,tasty,tastier
fierce,fiercer,tiny,tinier
fierce,fiercer,tricky,trickier
fierce,fiercer,ugly,uglier
fierce,fiercer,vague,vaguer
fierce,fiercer,vast,vaster
fierce,fiercer,weak,weaker
fierce,fiercer,wealthy,wealthier
fierce,fiercer,weird,weirder
handy,handier,happy,happier
handy,handier,hardy,hardier
handy,handier,harsh,harsher
handy,handier,healthy,healthier
handy,handier,hot,hotter
handy,handier,huge,huger
handy,handier,hungry,hungrier
handy,handier,lazy,lazier
handy,handier,lengthy,lengthier
handy,handier,lucky,luckier
handy,handier,mad,madder
handy,handier,merry,merrier
handy,handier,mild,milder
handy,handier,moist,moister
handy,handier,nasty,nastier
handy,handier,neat,neater
handy,handier,nice,nicer
handy,handier,noisy,noisier
handy,handier,proud,prouder
handy,handier,pure,purer
handy,handier,risky,riskier
handy,handier,rocky,rockier
handy,handier,rude,ruder
handy,handier,sad,sadder
handy,handier,scary,scarier
handy,handier,sexy,sexier
handy,handier,sticky,stickier
handy,handier,strict,stricter
handy,handier,strong,stronger
handy,handier,subtle,subtler
handy,handier,sunny,sunnier
handy,handier,tasty,tastier
handy,handier,tiny,tinier
handy,handier,tricky,trickier
handy,handier,ugly,uglier
handy,handier,vague,vaguer
handy,handier,vast,vaster
handy,handier,weak,weaker
handy,handier,wealthy,wealthier
handy,handier,weird,weirder
happy,happier,hardy,hardier
happy,happier,harsh,harsher
happy,happier,healthy,healthier
happy,happier,hot,hotter
happy,happier,huge,huger
happy,happier,hungry,hungrier
happy,happier,lazy,lazier
happy,happier,lengthy,lengthier
happy,happier,lucky,luckier
happy,happier,mad,madder
happy,happier,merry,merrier
happy,happier,mild,milder
happy,happier,moist,moister
happy,happier,nasty,nastier
happy,happier,neat,neater
happy,happier,nice,nicer
happy,happier,noisy,noisier
happy,happier,proud,prouder
happy,happier,pure,purer
happy,happier,risky,riskier
happy,happier,rocky,rockier
happy,happier,rude,ruder
happy,happier,sad,sadder
happy,happier,scary,scarier
happy,happier,sexy,sexier
happy,happier,sticky,stickier
happy,happier,strict,stricter
happy,happier,strong,stronger
happy,happier,subtle,subtler
happy,happier,sunny,sunnier
happy,happier,tasty,tastier
happy,happier,tiny,tinier
happy,happier,tricky,trickier
happy,happier,ugly,uglier
happy,happier,vague,vaguer
happy,happier,vast,vaster
happy,happier,weak,weaker
happy,happier,wealthy,wealthier
happy,happier,weird,weirder
hardy,hardier,harsh,harsher
hardy,hardier,healthy,healthier
hardy,hardier,hot,hotter
hardy,hardier,huge,huger
hardy,hardier,hungry,hungrier
hardy,hardier,lazy,lazier
hardy,hardier,lengthy,lengthier
hardy,hardier,lucky,luckier
hardy,hardier,mad,madder
hardy,hardier,merry,merrier
hardy,hardier,mild,milder
hardy,hardier,moist,moister
hardy,hardier,nasty,nastier
hardy,hardier,neat,neater
hardy,hardier,nice,nicer
hardy,hardier,noisy,noisier
hardy,hardier,proud,prouder
hardy,hardier,pure,purer
hardy,hardier,risky,riskier
hardy,hardier,rocky,rockier
hardy,hardier,rude,ruder
hardy,hardier,sad,sadder
hardy,hardier,scary,scarier
hardy,hardier,sexy,sexier
hardy,hardier,sticky,stickier
hardy,hardier,strict,stricter
hardy,hardier,strong,stronger
hardy,hardier,subtle,subtler
hardy,hardier,sunny,sunnier
hardy,hardier,tasty,tastier
hardy,hardier,tiny,tinier
hardy,hardier,tricky,trickier
hardy,hardier,ugly,uglier
hardy,hardier,vague,vaguer
hardy,hardier,vast,vaster
hardy,hardier,weak,weaker
hardy,hardier,wealthy,wealthier
hardy,hardier,weird,weirder
harsh,harsher,healthy,healthier
harsh,harsher,hot,hotter
harsh,harsher,huge,huger
harsh,harsher,hungry,hungrier
harsh,harsher,lazy,lazier
harsh,harsher,lengthy,lengthier
harsh,harsher,lucky,luckier
harsh,harsher,mad,madder
harsh,harsher,merry,merrier
harsh,harsher,mild,milder
harsh,harsher,moist,moister
harsh,harsher,nasty,nastier
harsh,harsher,neat,neater
harsh,harsher,nice,nicer
harsh,harsher,noisy,noisier
harsh,harsher,proud,prouder
harsh,harsher,pure,purer
harsh,harsher,risky,riskier
harsh,harsher,rocky,rockier
harsh,harsher,rude,ruder
harsh,harsher,sad,sadder
harsh,harsher,scary,scarier
harsh,harsher,sexy,sexier
harsh,harsher,sticky,stickier
harsh,harsher,strict,stricter
harsh,harsher,strong,stronger
harsh,harsher,subtle,subtler
harsh,harsher,sunny,sunnier
harsh,harsher,tasty,tastier
harsh,harsher,tiny,tinier
harsh,harsher,tricky,trickier
harsh,harsher,ugly,uglier
harsh,harsher,vague,vaguer
harsh,harsher,vast,vaster
harsh,harsher,weak,weaker
harsh,harsher,wealthy,wealthier
harsh,harsher,weird,weirder
healthy,healthier,hot,hotter
healthy,healthier,huge,huger
healthy,healthier,hungry,hungrier
healthy,healthier,lazy,lazier
healthy,healthier,lengthy,lengthier
healthy,healthier,lucky,luckier
healthy,healthier,mad,madder
healthy,healthier,merry,merrier
healthy,healthier,mild,milder
healthy,healthier,moist,moister
healthy,healthier,nasty,nastier
healthy,healthier,neat,neater
healthy,healthier,nice,nicer
healthy,healthier,noisy,noisier
healthy,healthier,proud,prouder
healthy,healthier,pure,purer
healthy,healthier,risky,riskier
healthy,healthier,rocky,rockier
healthy,healthier,rude,ruder
healthy,healthier,sad,sadder
healthy,healthier,scary,scarier
healthy,healthier,sexy,sexier
healthy,healthier,sticky,stickier
healthy,healthier,strict,stricter
healthy,healthier,strong,stronger
healthy,healthier,subtle,subtler
healthy,healthier,sunny,sunnier
healthy,healthier,tasty,tastier
healthy,healthier,tiny,tinier
healthy,healthier,tricky,trickier
healthy,healthier,ugly,uglier
healthy,healthier,vague,vaguer
healthy,healthier,vast,vaster
healthy,healthier,weak,weaker
healthy,healthier,wealthy,wealthier
healthy,healthier,weird,weirder
hot,hotter,huge,huger
hot,hotter,hungry,hungrier
hot,hotter,lazy,lazier
hot,hotter,lengthy,lengthier
hot,hotter,lucky,luckier
hot,hotter,mad,madder
hot,hotter,merry,merrier
hot,hotter,mild,milder
hot,hotter,moist,moister
hot,hotter,nasty,nastier
hot,hotter,neat,neater
hot,hotter,nice,nicer
hot,hotter,noisy,noisier
hot,hotter,proud,prouder
hot,hotter,pure,purer
hot,hotter,risky,riskier
hot,hotter,rocky,rockier
hot,hotter,rude,ruder
hot,hotter,sad,sadder
hot,hotter,scary,scarier
hot,hotter,sexy,sexier
hot,hotter,sticky,stickier
hot,hotter,strict,stricter
hot,hotter,strong,stronger
hot,hotter,subtle,subtler
hot,hotter,sunny,sunnier
hot,hotter,tasty,tastier
hot,hotter,tiny,tinier
hot,hotter,tricky,trickier
hot,hotter,ugly,uglier
hot,hotter,vague,vaguer
hot,hotter,vast,vaster
hot,hotter,weak,weaker
hot,hotter,wealthy,wealthier
hot,hotter,weird,weirder
huge,huger,hungry,hungrier
huge,huger,lazy,lazier
huge,huger,lengthy,lengthier
huge,huger,lucky,luckier
huge,huger,mad,madder
huge,huger,merry,merrier
huge,huger,mild,milder
huge,huger,moist,moister
huge,huger,nasty,nastier
huge,huger,neat,neater
huge,huger,nice,nicer
huge,huger,noisy,noisier
huge,huger,proud,prouder
huge,huger,pure,purer
huge,huger,risky,riskier
huge,huger,rocky,rockier
huge,huger,rude,ruder
huge,huger,sad,sadder
huge,huger,scary,scarier
huge,huger,sexy,sexier
huge,huger,sticky,stickier
huge,huger,strict,stricter
huge,huger,strong,stronger
huge,huger,subtle,subtler
huge,huger,sunny,sunnier
huge,huger,tasty,tastier
huge,huger,tiny,tinier
huge,huger,tricky,trickier
huge,huger,ugly,uglier
huge,huger,vague,vaguer
huge,huger,vast,vaster
huge,huger,weak,weaker
huge,huger,wealthy,wealthier
huge,huger,weird,weirder
hungry,hungrier,lazy,lazier
hungry,hungrier,lengthy,lengthier
hungry,hungrier,lucky,luckier
hungry,hungrier,mad,madder
hungry,hungrier,merry,merrier
hungry,hungrier,mild,milder
hungry,hungrier,moist,moister
hungry,hungrier,nasty,nastier
hungry,hungrier,neat,neater
hungry,hungrier,nice,nicer
hungry,hungrier,noisy,noisier
hungry,hungrier,proud,prouder
hungry,hungrier,pure,purer
hungry,hungrier,risky,riskier
hungry,hungrier,rocky,rockier
hungry,hungrier,rude,ruder
hungry,hungrier,sad,sadder
hungry,hungrier,scary,scarier
hungry,hungrier,sexy,sexier
hungry,hungrier,sticky,stickier
hungry,hungrier,strict,stricter
hungry,hungrier,strong,stronger
hungry,hungrier,subtle,subtler
hungry,hungrier,sunny,sunnier
hungry,hungrier,tasty,tastier
hungry,hungrier,tiny,tinier
hungry,hungrier,tricky,trickier
hungry,hungrier,ugly,uglier
hungry,hungrier,vague,vaguer
hungry,hungrier,vast,vaster
hungry,hungrier,weak,weaker
hungry,hungrier,wealthy,wealthier
hungry,hungrier,weird,weirder
lazy,lazier,lengthy,lengthier
lazy,lazier,lucky,luckier
lazy,lazier,mad,madder
lazy,lazier,merry,merrier
lazy,lazier,mild,milder
lazy,lazier,moist,moister
lazy,lazier,nasty,nastier
lazy,lazier,neat,neater
lazy,lazier,nice,nicer
lazy,lazier,noisy,noisier
lazy,lazier,proud,prouder
lazy,lazier,pure,purer
lazy,lazier,risky,riskier
lazy,lazier,rocky,rockier
lazy,lazier,rude,ruder
lazy,lazier,sad,sadder
lazy,lazier,scary,scarier
lazy,lazier,sexy,sexier
lazy,lazier,sticky,stickier
lazy,lazier,strict,stricter
lazy,lazier,strong,stronger
lazy,lazier,subtle,subtler
lazy,lazier,sunny,sunnier
lazy,lazier,tasty,tastier
lazy,lazier,tiny,tinier
lazy,lazier,tricky,trickier
lazy,lazier,ugly,uglier
lazy,lazier,vague,vaguer
lazy,lazier,vast,vaster
lazy,lazier,weak,weaker
lazy,lazier,wealthy,wealthier
lazy,lazier,weird,weirder
lengthy,lengthier,lucky,luckier
lengthy,lengthier,mad,madder
lengthy,lengthier,merry,merrier
lengthy,lengthier,mild,milder
lengthy,lengthier,moist,moister
lengthy,lengthier,nasty,nastier
lengthy,lengthier,neat,neater
lengthy,lengthier,nice,nicer
lengthy,lengthier,noisy,noisier
lengthy,lengthier,proud,prouder
lengthy,lengthier,pure,purer
lengthy,lengthier,risky,riskier
lengthy,lengthier,rocky,rockier
lengthy,lengthier,rude,ruder
lengthy,lengthier,sad,sadder
lengthy,lengthier,scary,scarier
lengthy,lengthier,sexy,sexier
lengthy,lengthier,sticky,stickier
lengthy,lengthier,strict,stricter
lengthy,lengthier,strong,stronger
lengthy,lengthier,subtle,subtler
lengthy,lengthier,sunny,sunnier
lengthy,lengthier,tasty,tastier
lengthy,lengthier,tiny,tinier
lengthy,lengthier,tricky,trickier
lengthy,lengthier,ugly,uglier
lengthy,lengthier,vague,vaguer
lengthy,lengthier,vast,vaster
lengthy,lengthier,weak,weaker
lengthy,lengthier,wealthy,wealthier
lengthy,lengthier,weird,weirder
lucky,luckier,mad,madder
lucky,luckier,merry,merrier
lucky,luckier,mild,milder
lucky,luckier,moist,moister
lucky,luckier,nasty,nastier
lucky,luckier,neat,neater
lucky,luckier,nice,nicer
lucky,luckier,noisy,noisier
lucky,luckier,proud,prouder
lucky,luckier,pure,purer
lucky,luckier,risky,riskier
lucky,luckier,rocky,rockier
lucky,luckier,rude,ruder
lucky,luckier,sad,sadder
lucky,luckier,scary,scarier
lucky,luckier,sexy,sexier
lucky,luckier,sticky,stickier
lucky,luckier,strict,stricter
lucky,luckier,strong,stronger
lucky,luckier,subtle,subtler
lucky,luckier,sunny,sunnier
lucky,luckier,tasty,tastier
lucky,luckier,tiny,tinier
lucky,luckier,tricky,trickier
lucky,luckier,ugly,uglier
lucky,luckier,vague,vaguer
lucky,luckier,vast,vaster
lucky,luckier,weak,weaker
lucky,luckier,wealthy,wealthier
lucky,luckier,weird,weirder
mad,madder,merry,merrier
mad,madder,mild,milder
mad,madder,moist,moister
mad,madder,nasty,nastier
mad,madder,neat,neater
mad,madder,nice,nicer
mad,madder,noisy,noisier
mad,madder,proud,prouder
mad,madder,pure,purer
mad,madder,risky,riskier
mad,madder,rocky,rockier
mad,madder,rude,ruder
mad,madder,sad,sadder
mad,madder,scary,scarier
mad,madder,sexy,sexier
mad,madder,sticky,stickier
mad,madder,strict,stricter
mad,madder,strong,stronger
mad,madder,subtle,subtler
mad,madder,sunny,sunnier
mad,madder,tasty,tastier
mad,madder,tiny,tinier
mad,madder,tricky,trickier
mad,madder,ugly,uglier
mad,madder,vague,vaguer
mad,madder,vast,vaster
mad,madder,weak,weaker
mad,madder,wealthy,wealthier
mad,madder,weird,weirder
merry,merrier,mild,milder
merry,merrier,moist,moister
merry,merrier,nasty,nastier
merry,merrier,neat,neater
merry,merrier,nice,nicer
merry,merrier,noisy,noisier
merry,merrier,proud,prouder
merry,merrier,pure,purer
merry,merrier,risky,riskier
merry,merrier,rocky,rockier
merry,merrier,rude,ruder
merry,merrier,sad,sadder
merry,merrier,scary,scarier
merry,merrier,sexy,sexier
merry,merrier,sticky,stickier
merry,merrier,strict,stricter
merry,merrier,strong,stronger
merry,merrier,subtle,subtler
merry,merrier,sunny,sunnier
merry,merrier,tasty,tastier
merry,merrier,tiny,tinier
merry,merrier,tricky,trickier
merry,merrier,ugly,uglier
merry,merrier,vague,vaguer
merry,merrier,vast,vaster
merry,merrier,weak,weaker
merry,merrier,wealthy,wealthier
merry,merrier,weird,weirder
mild,milder,moist,moister
mild,milder,nasty,nastier
mild,milder,neat,neater
mild,milder,nice,nicer
mild,milder,noisy,noisier
mild,milder,proud,prouder
mild,milder,pure,purer
mild,milder,risky,riskier
mild,milder,rocky,rockier
mild,milder,rude,ruder
mild,milder,sad,sadder
mild,milder,scary,scarier
mild,milder,sexy,sexier
mild,milder,sticky,stickier
mild,milder,strict,stricter
mild,milder,strong,stronger
mild,milder,subtle,subtler
mild,milder,sunny,sunnier
mild,milder,tasty,tastier
mild,milder,tiny,tinier
mild,milder,tricky,trickier
mild,milder,ugly,uglier
mild,milder,vague,vaguer
mild,milder,vast,vaster
mild,milder,weak,weaker
mild,milder,wealthy,wealthier
mild,milder,weird,weirder
moist,moister,nasty,nastier
moist,moister,neat,neater
moist,moister,nice,nicer
moist,moister,noisy,noisier
moist,moister,proud,prouder
moist,moister,pure,purer
moist,moister,risky,riskier
moist,moister,rocky,rockier
moist,moister,rude,ruder
moist,moister,sad,sadder
moist,moister,scary,scarier
moist,moister,sexy,sexier
moist,moister,sticky,stickier
moist,moister,strict,stricter
moist,moister,strong,stronger
moist,moister,subtle,subtler
moist,moister,sunny,sunnier
moist,moister,tasty,tastier
moist,moister,tiny,tinier
moist,moister,tricky,trickier
moist,moister,ugly,uglier
moist,moister,vague,vaguer
moist,moister,vast,vaster
moist,moister,weak,weaker
moist,moister,wealthy,wealthier
moist,moister,weird,weirder
nasty,nastier,neat,neater
nasty,nastier,nice,nicer
nasty,nastier,noisy,noisier
nasty,nastier,proud,prouder
nasty,nastier,pure,purer
nasty,nastier,risky,riskier
nasty,nastier,rocky,rockier
nasty,nastier,rude,ruder
nasty,nastier,sad,sadder
nasty,nastier,scary,scarier
nasty,nastier,sexy,sexier
nasty,nastier,sticky,stickier
nasty,nastier,strict,stricter
nasty,nastier,strong,stronger
nasty,nastier,subtle,subtler
nasty,nastier,sunny,sunnier
nasty,nastier,tasty,tastier
nasty,nastier,tiny,tinier
nasty,nastier,tricky,trickier
nasty,nastier,ugly,uglier
nasty,nastier,vague,vaguer
nasty,nastier,vast,vaster
nasty,nastier,weak,weaker
nasty,nastier,wealthy,wealthier
nasty,nastier,weird,weirder
neat,neater,nice,nicer
neat,neater,noisy,noisier
neat,neater,proud,prouder
neat,neater,pure,purer
neat,neater,risky,riskier
neat,neater,rocky,rockier
neat,neater,rude,ruder
neat,neater,sad,sadder
neat,neater,scary,scarier
neat,neater,sexy,sexier
neat,neater,sticky,stickier
neat,neater,strict,stricter
neat,neater,strong,stronger
neat,neater,subtle,subtler
neat,neater,sunny,sunnier
neat,neater,tasty,tastier
neat,neater,tiny,tinier
neat,neater,tricky,trickier
neat,neater,ugly,uglier
neat,neater,vague,vaguer
neat,neater,vast,vaster
neat,neater,weak,weaker
neat,neater,wealthy,wealthier
neat,neater,weird,weirder
nice,nicer,noisy,noisier
nice,nicer,proud,prouder
nice,nicer,pure,purer
nice,nicer,risky,riskier
nice,nicer,rocky,rockier
nice,nicer,rude,ruder
nice,nicer,sad,sadder
nice,nicer,scary,scarier
nice,nicer,sexy,sexier
nice,nicer,sticky,stickier
nice,nicer,strict,stricter
nice,nicer,strong,stronger
nice,nicer,subtle,subtler
nice,nicer,sunny,sunnier
nice,nicer,tasty,tastier
nice,nicer,tiny,tinier
nice,nicer,tricky,trickier
nice,nicer,ugly,uglier
nice,nicer,vague,vaguer
nice,nicer,vast,vaster
nice,nicer,weak,weaker
nice,nicer,wealthy,wealthier
nice,nicer,weird,weirder
noisy,noisier,proud,prouder
noisy,noisier,pure,purer
noisy,noisier,risky,riskier
noisy,noisier,rocky,rockier
noisy,noisier,rude,ruder
noisy,noisier,sad,sadder
noisy,noisier,scary,scarier
noisy,noisier,sexy,sexier
noisy,noisier,sticky,stickier
noisy,noisier,strict,stricter
noisy,noisier,strong,stronger
noisy,noisier,subtle,subtler
noisy,noisier,sunny,sunnier
noisy,noisier,tasty,tastier
noisy,noisier,tiny,tinier
noisy,noisier,tricky,trickier
noisy,noisier,ugly,uglier
noisy,noisier,vague,vaguer
noisy,noisier,vast,vaster
noisy,noisier,weak,weaker
noisy,noisier,wealthy,wealthier
noisy,noisier,weird,weirder
proud,prouder,pure,purer
proud,prouder,risky,riskier
proud,prouder,rocky,rockier
proud,prouder,rude,ruder
proud,prouder,sad,sadder
proud,prouder,scary,scarier
proud,prouder,sexy,sexier
proud,prouder,sticky,stickier
proud,prouder,strict,stricter
proud,prouder,strong,stronger
proud,prouder,subtle,subtler
proud,prouder,sunny,sunnier
proud,prouder,tasty,tastier
proud,prouder,tiny,tinier
proud,prouder,tricky,trickier
proud,prouder,ugly,uglier
proud,prouder,vague,vaguer
proud,prouder,vast,vaster
proud,prouder,weak,weaker
proud,prouder,wealthy,wealthier
proud,prouder,weird,weirder
pure,purer,risky,riskier
pure,purer,rocky,rockier
pure,purer,rude,ruder
pure,purer,sad,sadder
pure,purer,scary,scarier
pure,purer,sexy,sexier
pure,purer,sticky,stickier
pure,purer,strict,stricter
pure,purer,strong,stronger
pure,purer,subtle,subtler
pure,purer,sunny,sunnier
pure,purer,tasty,tastier
pure,purer,tiny,tinier
pure,purer,tricky,trickier
pure,purer,ugly,uglier
pure,purer,vague,vaguer
pure,purer,vast,vaster
pure,purer,weak,weaker
pure,purer,wealthy,wealthier
pure,purer,weird,weirder
risky,riskier,rocky,rockier
risky,riskier,rude,ruder
risky,riskier,sad,sadder
risky,riskier,scary,scarier
risky,riskier,sexy,sexier
risky,riskier,sticky,stickier
risky,riskier,strict,stricter
risky,riskier,strong,stronger
risky,riskier,subtle,subtler
risky,riskier,sunny,sunnier
risky,riskier,tasty,tastier
risky,riskier,tiny,tinier
risky,riskier,tricky,trickier
risky,riskier,ugly,uglier
risky,riskier,vague,vaguer
risky,riskier,vast,vaster
risky,riskier,weak,weaker
risky,riskier,wealthy,wealthier
risky,riskier,weird,weirder
rocky,rockier,rude,ruder
rocky,rockier,sad,sadder
rocky,rockier,scary,scarier
rocky,rockier,sexy,sexier
rocky,rockier,sticky,stickier
rocky,rockier,strict,stricter
rocky,rockier,strong,stronger
rocky,rockier,subtle,subtler
rocky,rockier,sunny,sunnier
rocky,rockier,tasty,tastier
rocky,rockier,tiny,tinier
rocky,rockier,tricky,trickier
rocky,rockier,ugly,uglier
rocky,rockier,vague,vaguer
rocky,rockier,vast,vaster
rocky,rockier,weak,weaker
rocky,rockier,wealthy,wealthier
rocky,rockier,weird,weirder
rude,ruder,sad,sadder
rude,ruder,scary,scarier
rude,ruder,sexy,sexier
rude,ruder,sticky,stickier
rude,ruder,strict,stricter
rude,ruder,strong,stronger
rude,ruder,subtle,subtler
rude,ruder,sunny,sunnier
rude,ruder,tasty,tastier
rude,ruder,tiny,tinier
rude,ruder,tricky,trickier
rude,ruder,ugly,uglier
rude,ruder,vague,vaguer
rude,ruder,vast,vaster
rude,ruder,weak,weaker
rude,ruder,wealthy,wealthier
rude,ruder,weird,weirder
sad,sadder,scary,scarier
sad,sadder,sexy,sexier
sad,sadder,sticky,stickier
sad,sadder,strict,stricter
sad,sadder,strong,stronger
sad,sadder,subtle,subtler
sad,sadder,sunny,sunnier
sad,sadder,tasty,tastier
sad,sadder,tiny,tinier
sad,sadder,tricky,trickier
sad,sadder,ugly,uglier
sad,sadder,vague,vaguer
sad,sadder,vast,vaster
sad,sadder,weak,weaker
sad,sadder,wealthy,wealthier
sad,sadder,weird,weirder
scary,scarier,sexy,sexier
scary,scarier,sticky,stickier
scary,scarier,strict,stricter
scary,scarier,strong,stronger
scary,scarier,subtle,subtler
scary,scarier,sunny,sunnier
scary,scarier,tasty,tastier
scary,scarier,tiny,tinier
scary,scarier,tricky,trickier
scary,scarier,ugly,uglier
scary,scarier,vague,vaguer
scary,scarier,vast,vaster
scary,scarier,weak,weaker
scary,scarier,wealthy,wealthier
scary,scarier,weird,weirder
sexy,sexier,sticky,stickier
sexy,sexier,strict,stricter
sexy,sexier,strong,stronger
sexy,sexier,subtle,subtler
sexy,sexier,sunny,sunnier
sexy,sexier,tasty,tastier
sexy,sexier,tiny,tinier
sexy,sexier,tricky,trickier
sexy,sexier,ugly,uglier
sexy,sexier,vague,vaguer
sexy,sexier,vast,vaster
sexy,sexier,weak,weaker
sexy,sexier,wealthy,wealthier
sexy,sexier,weird,weirder
sticky,stickier,strict,stricter
sticky,stickier,strong,stronger
sticky,stickier,subtle,subtler
sticky,stickier,sunny,sunnier
sticky,stickier,tasty,tastier
sticky,stickier,tiny,tinier
sticky,stickier,tricky,trickier
sticky,stickier,ugly,uglier
sticky,stickier,vague,vaguer
sticky,stickier,vast,vaster
sticky,stickier,weak,weaker
sticky,stickier,wealthy,wealthier
sticky,stickier,weird,weirder
strict,stricter,strong,stronger
strict,stricter,subtle,subtler
strict,stricter,sunny,sunnier
strict,stricter,tasty,tastier
strict,stricter,tiny,tinier
strict,stricter,tricky,trickier
strict,stricter,ugly,uglier
strict,stricter,vague,vaguer
strict,stricter,vast,vaster
strict,stricter,weak,weaker
strict,stricter,wealthy,wealthier
strict,stricter,weird,weirder
strong,stronger,subtle,subtler
strong,stronger,sunny,sunnier
strong,stronger,tasty,tastier
strong,stronger,tiny,tinier
strong,stronger,tricky,trickier
strong,stronger,ugly,uglier
strong,stronger,vague,vaguer
strong,stronger,vast,vaster
strong,stronger,weak,weaker
strong,stronger,wealthy,wealthier
strong,stronger,weird,weirder
subtle,subtler,sunny,sunnier
subtle,subtler,tasty,tastier
subtle,subtler,tiny,tinier
subtle,subtler,tricky,trickier
subtle,subtler,ugly,uglier
subtle,subtler,vague,vaguer
subtle,subtler,vast,vaster
subtle,subtler,weak,weaker
subtle,subtler,wealthy,wealthier
subtle,subtler,weird,weirder
sunny,sunnier,tasty,tastier
sunny,sunnier,tiny,tinier
sunny,sunnier,tricky,trickier
sunny,sunnier,ugly,uglier
sunny,sunnier,vague,vaguer
sunny,sunnier,vast,vaster
sunny,sunnier,weak,weaker
sunny,sunnier,wealthy,wealthier
sunny,sunnier,weird,weirder
tasty,tastier,tiny,tinier
tasty,tastier,tricky,trickier
tasty,tastier,ugly,uglier
tasty,tastier,vague,vaguer
tasty,tastier,vast,vaster
tasty,tastier,weak,weaker
tasty,tastier,wealthy,wealthier
tasty,tastier,weird,weirder
tiny,tinier,tricky,trickier
tiny,tinier,ugly,uglier
tiny,tinier,vague,vaguer
tiny,tinier,vast,vaster
tiny,tinier,weak,weaker
tiny,tinier,wealthy,wealthier
tiny,tinier,weird,weirder
tricky,trickier,ugly,uglier
tricky,trickier,vague,vaguer
tricky,trickier,vast,vaster
tricky,trickier,weak,weaker
tricky,trickier,wealthy,wealthier
tricky,trickier,weird,weirder
ugly,uglier,vague,vaguer
ugly,uglier,vast,vaster
ugly,uglier,weak,weaker
ugly,uglier,wealthy,wealthier
ugly,uglier,weird,weirder
vague,vaguer,vast,vaster
vague,vaguer,weak,weaker
vague,vaguer,wealthy,wealthier
vague,vaguer,weird,weirder
vast,vaster,weak,weaker
vast,vaster,wealthy,wealthier
vast,vaster,weird,weirder
weak,weaker,wealthy,wealthier
weak,weaker,weird,weirder
wealthy,wealthier,weird,weirder
