adds,added,agrees,agreed
adds,added,allows,allowed
adds,added,announces,announced
adds,added,appears,appeared
adds,added,applies,applied
adds,added,appoints,appointed
adds,added,asks,asked
adds,added,becomes,became
adds,added,believes,believed
adds,added,considers,considered
adds,added,consists,consisted
adds,added,contains,contained
adds,added,continues,continued
adds,added,creates,created
adds,added,decides,decided
adds,added,describes,described
adds,added,develops,developed
adds,added,establishes,established
adds,added,expects,expected
adds,added,fails,failed
adds,added,follows,followed
adds,added,happens,happened
adds,added,hears,heard
adds,added,includes,included
adds,added,intends,intended
adds,added,introduces,introduced
adds,added,involves,involved
adds,added,locates,located
adds,added,loses,lost
adds,added,manages,managed
adds,added,marries,married
adds,added,occurs,occurred
adds,added,operates,operated
adds,added,performs,performed
adds,added,proposes,proposed
adds,added,provides,provided
adds,added,publishes,published
adds,added,receives,received
adds,added,refers,referred
adds,added,relates,related
adds,added,remains,remained
adds,added,replaces,replaced
adds,added,represents,represented
adds,added,requires,required
adds,added,seems,seemed
adds,added,sends,sent
adds,added,spends,spent
adds,added,suggests,suggested
adds,added,tells,told
agrees,agreed,allows,allowed
agrees,agreed,announces,announced
agrees,agreed,appears,appeared
agrees,agreed,applies,applied
agrees,agreed,appoints,appointed
agrees,agreed,asks,asked
agrees,agreed,becomes,became
agrees,agreed,believes,believed
agrees,agreed,considers,considered
agrees,agreed,consists,consisted
agrees,agreed,contains,contained
agrees,agreed,continues,continued
agrees,agreed,creates,created
agrees,agreed,decides,decided
agrees,agreed,describes,described
agrees,agreed,develops,developed
agrees,agreed,establishes,established
agrees,agreed,expects,expected
agrees,agreed,fails,failed
agrees,agreed,follows,followed
agrees,agreed,happens,happened
agrees,agreed,hears,heard
agrees,agreed,includes,included
agrees,agreed,intends,intended
agrees,agreed,introduces,introduced
agrees,agreed,involves,involved
agrees,agreed,locates,located
agrees,agreed,loses,lost
agrees,agreed,manages,managed
agrees,agreed,marries,married
agrees,agreed,occurs,occurred
agrees,agreed,operates,operated
agrees,agreed,performs,performed
agrees,agreed,proposes,proposed
agrees,agreed,provides,provided
agrees,agreed,publishes,published
agrees,agreed,receives,received
agrees,agreed,refers,referred
agrees,agreed,relates,related
agrees,agreed,remains,remained
agrees,agreed,replaces,replaced
agrees,agreed,represents,represented
agrees,agreed,requires,required
agrees,agreed,seems,seemed
agrees,agreed,sends,sent
agrees,agreed,spends,spent
agrees,agreed,suggests,suggested
agrees,agreed,tells,told
allows,allowed,announces,announced
allows,allowed,appears,appeared
allows,allowed,applies,applied
allows,allowed,appoints,appointed
allows,allowed,asks,asked
allows,allowed,becomes,became
allows,allowed,believes,believed
allows,allowed,considers,considered
allows,allowed,consists,consisted
allows,allowed,contains,contained
allows,allowed,continues,continued
allows,allowed,creates,created
allows,allowed,decides,decided
allows,allowed,describes,described
allows,allowed,develops,developed
allows,allowed,establishes,established
allows,allowed,expects,expected
allows,allowed,fails,failed
allows,allowed,follows,followed
allows,allowed,happens,happened
allows,allowed,hears,heard
allows,allowed,includes,included
allows,allowed,intends,intended
allows,allowed,introduces,introduced
allows,allowed,involves,involved
allows,allowed,locates,located
allows,allowed,loses,lost
allows,allowed,manages,managed
allows,allowed,marries,married
allows,allowed,occurs,occurred
allows,allowed,operates,operated
allows,allowed,performs,performed
allows,allowed,proposes,proposed
allows,allowed,provides,provided
allows,allowed,publishes,published
allows,allowed,receives,received
allows,allowed,refers,referred
allows,allowed,relates,related
allows,allowed,remains,remained
allows,allowed,replaces,replaced
allows,allowed,represents,represented
allows,allowed,requires,required
allows,allowed,seems,seemed
allows,allowed,sends,sent
allows,allowed,spends,spent
allows,allowed,suggests,suggested
allows,allowed,tells,told
announces,announced,appears,appeared
announces,announced,applies,applied
announces,announced,appoints,appointed
announces,announced,asks,asked
announces,announced,becomes,became
announces,announced,believes,believed
announces,announced,considers,considered
announces,announced,consists,consisted
announces,announced,contains,contained
announces,announced,continues,continued
announces,announced,creates,created
announces,announced,decides,decided
announces,announced,describes,described
announces,announced,develops,developed
announces,announced,establishes,established
announces,announced,expects,expected
announces,announced,fails,failed
announces,announced,follows,followed
announces,announced,happens,happened
announces,announced,hears,heard
announces,announced,includes,included
announces,announced,intends,intended
announces,announced,introduces,introduced
announces,announced,involves,involved
announces,announced,locates,located
announces,announced,loses,lost
announces,announced,manages,managed
announces,announced,marries,married
announces,announced,occurs,occurred
announces,announced,operates,operated
announces,announced,performs,performed
announces,announced,proposes,proposed
announces,announced,provides,provided
announces,announced,publishes,published
announces,announced,receives,received
announces,announced,refers,referred
announces,announced,relates,related
announces,announced,remains,remained
announces,announced,replaces,replaced
announces,announced,represents,represented
announces,announced,requires,required
announces,announced,seems,seemed
announces,announced,sends,sent
announces,announced,spends,spent
announces,announced,suggests,suggested
announces,announced,tells,told
appears,appeared,applies,applied
appears,appeared,appoints,appointed
appears,appeared,asks,asked
appears,appeared,becomes,became
appears,appeared,believes,believed
appears,appeared,considers,considered
appears,appeared,consists,consisted
appears,appeared,contains,contained
appears,appeared,continues,continued
appears,appeared,creates,created
appears,appeared,decides,decided
appears,appeared,describes,described
appears,appeared,develops,developed
appears,appeared,establishes,established
appears,appeared,expects,expected
appears,appeared,fails,failed
appears,appeared,follows,followed
appears,appeared,happens,happened
appears,appeared,hears,heard
appears,appeared,includes,included
appears,appeared,intends,intended
appears,appeared,introduces,introduced
appears,appeared,involves,involved
appears,appeared,locates,located
appears,appeared,loses,lost
appears,appeared,manages,managed
appears,appeared,marries,married
appears,appeared,occurs,occurred
appears,appeared,operates,operated
appears,appeared,performs,performed
appears,appeared,proposes,proposed
appears,appeared,provides,provided
appears,appeared,publishes,published
appears,appeared,receives,received
appears,appeared,refers,referred
appears,appeared,relates,related
appears,appeared,remains,remained
appears,appeared,replaces,replaced
appears,appeared,represents,represented
appears,appeared,requires,required
appears,appeared,seems,seemed
appears,appeared,sends,sent
appears,appeared,spends,spent
appears,appeared,suggests,suggested
appears,appeared,tells,told
applies,applied,appoints,appointed
applies,applied,asks,asked
applies,applied,becomes,became
applies,applied,believes,believed
applies,applied,considers,considered
applies,applied,consists,consisted
applies,applied,contains,contained
applies,applied,continues,continued
applies,applied,creates,created
applies,applied,decides,decided
applies,applied,describes,described
applies,applied,develops,developed
applies,applied,establishes,established
applies,applied,expects,expected
applies,applied,fails,failed
applies,applied,follows,followed
applies,applied,happens,happened
applies,applied,hears,heard
applies,applied,includes,included
applies,applied,intends,intended
applies,applied,introduces,introduced
applies,applied,involves,involved
applies,applied,locates,located
applies,applied,loses,lost
applies,applied,manages,managed
applies,applied,marries,married
applies,applied,occurs,occurred
applies,applied,operates,operated
applies,applied,performs,performed
applies,applied,proposes,proposed
applies,applied,provides,provided
applies,applied,publishes,published
applies,applied,receives,received
applies,applied,refers,referred
applies,applied,relates,related
applies,applied,remains,remained
applies,applied,replaces,replaced
applies,applied,represents,represented
applies,applied,requires,required
applies,applied,seems,seemed
applies,applied,sends,sent
applies,applied,spends,spent
applies,applied,suggests,suggested
applies,applied,tells,told
appoints,appointed,asks,asked
appoints,appointed,becomes,became
appoints,appointed,believes,believed
appoints,appointed,considers,considered
appoints,appointed,consists,consisted
appoints,appointed,contains,contained
appoints,appointed,continues,continued
appoints,appointed,creates,created
appoints,appointed,decides,decided
appoints,appointed,describes,described
appoints,appointed,develops,developed
appoints,appointed,establishes,established
appoints,appointed,expects,expected
appoints,appointed,fails,failed
appoints,appointed,follows,followed
appoints,appointed,happens,happened
appoints,appointed,hears,heard
appoints,appointed,includes,included
appoints,appointed,intends,intended
appoints,appointed,introduces,introduced
appoints,appointed,involves,involved
appoints,appointed,locates,located
appoints,appointed,loses,lost
appoints,appointed,manages,managed
appoints,appointed,marries,married
appoints,appointed,occurs,occurred
appoints,appointed,operates,operated
appoints,appointed,performs,performed
appoints,appointed,proposes,proposed
appoints,appointed,provides,provided
appoints,appointed,publishes,published
appoints,appointed,receives,received
appoints,appointed,refers,referred
appoints,appointed,relates,related
appoints,appointed,remains,remained
appoints,appointed,replaces,replaced
appoints,appointed,represents,represented
appoints,appointed,requires,required
appoints,appointed,seems,seemed
appoints,appointed,sends,sent
appoints,appointed,spends,spent
appoints,appointed,suggests,suggested
appoints,appointed,tells,told
asks,asked,becomes,became
asks,asked,believes,believed
asks,asked,considers,considered
asks,asked,consists,consisted
asks,asked,contains,contained
asks,asked,continues,continued
asks,asked,creates,created
asks,asked,decides,decided
asks,asked,describes,described
asks,asked,develops,developed
asks,asked,establishes,established
asks,asked,expects,expected
asks,asked,fails,failed
asks,asked,follows,followed
asks,asked,happens,happened
asks,asked,hears,heard
asks,asked,includes,included
asks,asked,intends,intended
asks,asked,introduces,introduced
asks,asked,involves,involved
asks,asked,locates,located
asks,asked,loses,lost
asks,asked,manages,managed
asks,asked,marries,married
asks,asked,occurs,occurred
asks,asked,operates,operated
asks,asked,performs,performed
asks,asked,proposes,proposed
asks,asked,provides,provided
asks,asked,publishes,published
asks,asked,receives,received
asks,asked,refers,referred
asks,asked,relates,related
asks,asked,remains,remained
asks,asked,replaces,replaced
asks,asked,represents,represented
asks,asked,requires,required
asks,asked,seems,seemed
asks,asked,sends,sent
asks,asked,spends,spent
asks,asked,suggests,suggested
asks,asked,tells,told
becomes,became,believes,believed
becomes,became,considers,considered
becomes,became,consists,consisted
becomes,became,contains,contained
becomes,became,continues,continued
becomes,became,creates,created
becomes,became,decides,decided
becomes,became,describes,described
becomes,became,develops,developed
becomes,became,establishes,established
becomes,became,expects,expected
becomes,became,fails,failed
becomes,became,follows,followed
becomes,became,happens,happened
becomes,became,hears,heard
becomes,became,includes,included
becomes,became,intends,intended
becomes,became,introduces,introduced
becomes,became,involves,involved
becomes,became,locates,located
becomes,became,loses,lost
becomes,became,manages,managed
becomes,became,marries,married
becomes,became,occurs,occurred
becomes,became,operates,operated
becomes,became,performs,performed
becomes,became,proposes,proposed
becomes,became,provides,provided
becomes,became,publishes,published
becomes,became,receives,received
becomes,became,refers,referred
becomes,became,relates,related
becomes,became,remains,remained
becomes,became,replaces,replaced
becomes,became,represents,represented
becomes,became,requires,required
becomes,became,seems,seemed
becomes,became,sends,sent
becomes,became,spends,spent
becomes,became,suggests,suggested
becomes,became,tells,told
believes,believed,considers,considered
believes,believed,consists,consisted
believes,believed,contains,contained
believes,believed,continues,continued
believes,believed,creates,created
believes,believed,decides,decided
believes,believed,describes,described
believes,believed,develops,developed
believes,believed,establishes,established
believes,believed,expects,expected
believes,believed,fails,failed
believes,believed,follows,followed
believes,believed,happens,happened
believes,believed,hears,heard
believes,believed,includes,included
believes,believed,intends,intended
believes,believed,introduces,introduced
believes,believed,involves,involved
believes,believed,locates,located
believes,believed,loses,lost
believes,believed,manages,managed
believes,believed,marries,married
believes,believed,occurs,occurred
believes,believed,operates,operated
believes,believed,performs,performed
believes,believed,proposes,proposed
believes,believed,provides,provided
believes,believed,publishes,published
believes,believed,receives,received
believes,believed,refers,referred
believes,believed,relates,related
believes,believed,remains,remained
believes,believed,replaces,replaced
believes,believed,represents,represented
believes,believed,requires,required
believes,believed,seems,seemed
believes,believed,sends,sent
believes,believed,spends,spent
believes,believed,suggests,suggested
believes,believed,tells,told
considers,considered,consists,consisted
considers,considered,contains,contained
considers,considered,continues,continued
considers,considered,creates,created
considers,considered,decides,decided
considers,considered,describes,described
considers,considered,develops,developed
considers,considered,establishes,established
considers,considered,expects,expected
considers,considered,fails,failed
considers,considered,follows,followed
considers,considered,happens,happened
considers,considered,hears,heard
considers,considered,includes,included
considers,considered,intends,intended
considers,considered,introduces,introduced
considers,considered,involves,involved
considers,considered,locates,located
considers,considered,loses,lost
considers,considered,manages,managed
considers,considered,marries,married
considers,considered,occurs,occurred
considers,considered,operates,operated
considers,considered,performs,performed
considers,considered,proposes,proposed
considers,considered,provides,provided
considers,considered,publishes,published
considers,considered,receives,received
considers,considered,refers,referred
considers,considered,relates,related
considers,considered,remains,remained
considers,considered,replaces,replaced
considers,considered,represents,represented
considers,considered,requires,required
considers,considered,seems,seemed
considers,considered,sends,sent
considers,considered,spends,spent
considers,considered,suggests,suggested
considers,considered,tells,told
consists,consisted,contains,contained
consists,consisted,continues,continued
consists,consisted,creates,created
consists,consisted,decides,decided
consists,consisted,describes,described
consists,consisted,develops,developed
consists,consisted,establishes,established
consists,consisted,expects,expected
consists,consisted,fails,failed
consists,consisted,follows,followed
consists,consisted,happens,happened
consists,consisted,hears,heard
consists,consisted,includes,included
consists,consisted,intends,intended
consists,consisted,introduces,introduced
consists,consisted,involves,involved
consists,consisted,locates,located
consists,consisted,loses,lost
consists,consisted,manages,managed
consists,consisted,marries,married
consists,consisted,occurs,occurred
consists,consisted,operates,operated
consists,consisted,performs,performed
consists,consisted,proposes,proposed
consists,consisted,provides,provided
consists,consisted,publishes,published
consists,consisted,receives,received
consists,consisted,refers,referred
consists,consisted,relates,related
consists,consisted,remains,remained
consists,consisted,replaces,replaced
consists,consisted,represents,represented
consists,consisted,requires,required
consists,consisted,seems,seemed
consists,consisted,sends,sent
consists,consisted,spends,spent
consists,consisted,suggests,suggested
consists,consisted,tells,told
contains,contained,continues,continued
contains,contained,creates,created
contains,contained,decides,decided
contains,contained,describes,described
contains,contained,develops,developed
contains,contained,establishes,established
contains,contained,expects,expected
contains,contained,fails,failed
contains,contained,follows,followed
contains,contained,happens,happened
contains,contained,hears,heard
contains,contained,includes,included
contains,contained,intends,intended
contains,contained,introduces,introduced
contains,contained,involves,involved
contains,contained,locates,located
contains,contained,loses,lost
contains,contained,manages,managed
contains,contained,marries,married
contains,contained,occurs,occurred
contains,contained,operates,operated
contains,contained,performs,performed
contains,contained,proposes,proposed
contains,contained,provides,provided
contains,contained,publishes,published
contains,contained,receives,received
contains,contained,refers,referred
contains,contained,relates,related
contains,contained,remains,remained
contains,contained,replaces,replaced
contains,contained,represents,represented
contains,contained,requires,required
contains,contained,seems,seemed
contains,contained,sends,sent
contains,contained,spends,spent
contains,contained,suggests,suggested
contains,contained,tells,told
continues,continued,creates,created
continues,continued,decides,decided
continues,continued,describes,described
continues,continued,develops,developed
continues,continued,establishes,established
continues,continued,expects,expected
continues,continued,fails,failed
continues,continued,follows,followed
continues,continued,happens,happened
continues,continued,hears,heard
continues,continued,includes,included
continues,continued,intends,intended
continues,continued,introduces,introduced
continues,continued,involves,involved
continues,continued,locates,located
continues,continued,loses,lost
continues,continued,manages,managed
continues,continued,marries,married
continues,continued,occurs,occurred
continues,continued,operates,operated
continues,continued,performs,performed
continues,continued,proposes,proposed
continues,continued,provides,provided
continues,continued,publishes,published
continues,continued,receives,received
continues,continued,refers,referred
continues,continued,relates,related
continues,continued,remains,remained
continues,continued,replaces,replaced
continues,continued,represents,represented
continues,continued,requires,required
continues,continued,seems,seemed
continues,continued,sends,sent
continues,continued,spends,spent
continues,continued,suggests,suggested
continues,continued,tells,told
creates,created,decides,decided
creates,created,describes,described
creates,created,develops,developed
creates,created,establishes,established
creates,created,expects,expected
creates,created,fails,failed
creates,created,follows,followed
creates,created,happens,happened
creates,created,hears,heard
creates,created,includes,included
creates,created,intends,intended
creates,created,introduces,introduced
creates,created,involves,involved
creates,created,locates,located
creates,created,loses,lost
creates,created,manages,managed
creates,created,marries,married
creates,created,occurs,occurred
creates,created,operates,operated
creates,created,performs,performed
creates,created,proposes,proposed
creates,created,provides,provided
creates,created,publishes,published
creates,created,receives,received
creates,created,refers,referred
creates,created,relates,related
creates,created,remains,remained
creates,created,replaces,replaced
creates,created,represents,represented
creates,created,requires,required
creates,created,seems,seemed
creates,created,sends,sent
creates,created,spends,spent
creates,created,suggests,suggested
creates,created,tells,told
decides,decided,describes,described
decides,decided,develops,developed
decides,decided,establishes,established
decides,decided,expects,expected
decides,decided,fails,failed
decides,decided,follows,followed
decides,decided,happens,happened
decides,decided,hears,heard
decides,decided,includes,included
decides,decided,intends,intended
decides,decided,introduces,introduced
decides,decided,involves,involved
decides,decided,locates,located
decides,decided,loses,lost
decides,decided,manages,managed
decides,decided,marries,married
decides,decided,occurs,occurred
decides,decided,operates,operated
decides,decided,performs,performed
decides,decided,proposes,proposed
decides,decided,provides,provided
decides,decided,publishes,published
decides,decided,receives,received
decides,decided,refers,referred
decides,decided,relates,related
decides,decided,remains,remained
decides,decided,replaces,replaced
decides,decided,represents,represented
decides,decided,requires,required
decides,decided,seems,seemed
decides,decided,sends,sent
decides,decided,spends,spent
decides,decided,suggests,suggested
decides,decided,tells,told
describes,described,develops,developed
describes,described,establishes,established
describes,described,expects,expected
describes,described,fails,failed
describes,described,follows,followed
describes,described,happens,happened
describes,described,hears,heard
describes,described,includes,included
describes,described,intends,intended
describes,described,introduces,introduced
describes,described,involves,involved
describes,described,locates,located
describes,described,loses,lost
describes,described,manages,managed
describes,described,marries,married
describes,described,occurs,occurred
describes,described,operates,operated
describes,described,performs,performed
describes,described,proposes,proposed
describes,described,provides,provided
describes,described,publishes,published
describes,described,receives,received
describes,described,refers,referred
describes,described,relates,related
describes,described,remains,remained
describes,described,replaces,replaced
describes,described,represents,represented
describes,described,requires,required
describes,described,seems,seemed
describes,described,sends,sent
describes,described,spends,spent
describes,described,suggests,suggested
describes,described,tells,told
develops,developed,establishes,established
develops,developed,expects,expected
develops,developed,fails,failed
develops,developed,follows,followed
develops,developed,happens,happened
develops,developed,hears,heard
develops,developed,includes,included
develops,developed,intends,intended
develops,developed,introduces,introduced
develops,developed,involves,involved
develops,developed,locates,located
develops,developed,loses,lost
develops,developed,manages,managed
develops,developed,marries,married
develops,developed,occurs,occurred
develops,developed,operates,operated
develops,developed,performs,performed
develops,developed,proposes,proposed
develops,developed,provides,provided
develops,developed,publishes,published
develops,developed,receives,received
develops,developed,refers,referred
develops,developed,relates,related
develops,developed,remains,remained
develops,developed,replaces,replaced
develops,developed,represents,represented
develops,developed,requires,required
develops,developed,seems,seemed
develops,developed,sends,sent
develops,developed,spends,spent
develops,developed,suggests,suggested
develops,developed,tells,told
establishes,established,expects,expected
establishes,established,fails,failed
establishes,established,follows,followed
establishes,established,happens,happened
establishes,established,hears,heard
establishes,established,includes,included
establishes,established,intends,intended
establishes,established,introduces,introduced
establishes,established,involves,involved
establishes,established,locates,located
establishes,established,loses,lost
establishes,established,manages,managed
establishes,established,marries,married
establishes,established,occurs,occurred
establishes,established,operates,operated
establishes,established,performs,performed
establishes,established,proposes,proposed
establishes,established,provides,provided
establishes,established,publishes,published
establishes,established,receives,received
establishes,established,refers,referred
establishes,established,relates,related
establishes,established,remains,remained
establishes,established,replaces,replaced
establishes,established,represents,represented
establishes,established,requires,required
establishes,established,seems,seemed
establishes,established,sends,sent
establishes,established,spends,spent
establishes,established,suggests,suggested
establishes,established,tells,told
expects,expected,fails,failed
expects,expected,follows,followed
expects,expected,happens,happened
expects,expected,hears,heard
expects,expected,includes,included
expects,expected,intends,intended
expects,expected,introduces,introduced
expects,expected,involves,involved
expects,expected,locates,located
expects,expected,loses,lost
expects,expected,manages,managed
expects,expected,marries,married
expects,expected,occurs,occurred
expects,expected,operates,operated
expects,expected,performs,performed
expects,expected,proposes,proposed
expects,expected,provides,provided
expects,expected,publishes,published
expects,expected,receives,received
expects,expected,refers,referred
expects,expected,relates,related
expects,expected,remains,remained
expects,expected,replaces,replaced
expects,expected,represents,represented
expects,expected,requires,required
expects,expected,seems,seemed
expects,expected,sends,sent
expects,expected,spends,spent
expects,expected,suggests,suggested
expects,expected,tells,told
fails,failed,follows,followed
fails,failed,happens,happened
fails,failed,hears,heard
fails,failed,includes,included
fails,failed,intends,intended
fails,failed,introduces,introduced
fails,failed,involves,involved
fails,failed,locates,located
fails,failed,loses,lost
fails,failed,manages,managed
fails,failed,marries,married
fails,failed,occurs,occurred
fails,failed,operates,operated
fails,failed,performs,performed
fails,failed,proposes,proposed
fails,failed,provides,provided
fails,failed,publishes,published
fails,failed,receives,received
fails,failed,refers,referred
fails,failed,relates,related
fails,failed,remains,remained
fails,failed,replaces,replaced
fails,failed,represents,represented
fails,failed,requires,required
fails,failed,seems,seemed
fails,failed,sends,sent
fails,failed,spends,spent
fails,failed,suggests,suggested
fails,failed,tells,told
follows,followed,happens,happened
follows,followed,hears,heard
follows,followed,includes,included
follows,followed,intends,intended
follows,followed,introduces,introduced
follows,followed,involves,involved
follows,followed,locates,located
follows,followed,loses,lost
follows,followed,manages,managed
follows,followed,marries,married
follows,followed,occurs,occurred
follows,followed,operates,operated
follows,followed,performs,performed
follows,followed,proposes,proposed
follows,followed,provides,provided
follows,followed,publishes,published
follows,followed,receives,received
follows,followed,refers,referred
follows,followed,relates,related
follows,followed,remains,remained
follows,followed,replaces,replaced
follows,followed,represents,represented
follows,followed,requires,required
follows,followed,seems,seemed
follows,followed,sends,sent
follows,followed,spends,spent
follows,followed,suggests,suggested
follows,followed,tells,told
happens,happened,hears,heard
happens,happened,includes,included
happens,happened,intends,intended
happens,happened,introduces,introduced
happens,happened,involves,involved
happens,happened,locates,located
happens,happened,loses,lost
happens,happened,manages,managed
happens,happened,marries,married
happens,happened,occurs,occurred
happens,happened,operates,operated
happens,happened,performs,performed
happens,happened,proposes,proposed
happens,happened,provides,provided
happens,happened,publishes,published
happens,happened,receives,received
happens,happened,refers,referred
happens,happened,relates,related
happens,happened,remains,remained
happens,happened,replaces,replaced
happens,happened,represents,represented
happens,happened,requires,required
happens,happened,seems,seemed
happens,happened,sends,sent
happens,happened,spends,spent
happens,happened,suggests,suggested
happens,happened,tells,told
hears,heard,includes,included
hears,heard,intends,intended
hears,heard,introduces,introduced
hears,heard,involves,involved
hears,heard,locates,located
hears,heard,loses,lost
hears,heard,manages,managed
hears,heard,marries,married
hears,heard,occurs,occurred
hears,heard,operates,operated
hears,heard,performs,performed
hears,heard,proposes,proposed
hears,heard,provides,provided
hears,heard,publishes,published
hears,heard,receives,received
hears,heard,refers,referred
hears,heard,relates,related
hears,heard,remains,remained
hears,heard,replaces,replaced
hears,heard,represents,represented
hears,heard,requires,required
hears,heard,seems,seemed
hears,heard,sends,sent
hears,heard,spends,spent
hears,heard,suggests,suggested
hears,heard,tells,told
includes,included,intends,intended
includes,included,introduces,introduced
includes,included,involves,involved
includes,included,locates,located
includes,included,loses,lost
includes,included,manages,managed
includes,included,marries,married
includes,included,occurs,occurred
includes,included,operates,operated
includes,included,performs,performed
includes,included,proposes,proposed
includes,included,provides,provided
includes,included,publishes,published
includes,included,receives,received
includes,included,refers,referred
includes,included,relates,related
includes,included,remains,remained
includes,included,replaces,replaced
includes,included,represents,represented
includes,included,requires,required
includes,included,seems,seemed
includes,included,sends,sent
includes,included,spends,spent
includes,included,suggests,suggested
includes,included,tells,told
intends,intended,introduces,introduced
intends,intended,involves,involved
intends,intended,locates,located
intends,intended,loses,lost
intends,intended,manages,managed
intends,intended,marries,married
intends,intended,occurs,occurred
intends,intended,operates,operated
intends,intended,performs,performed
intends,intended,proposes,proposed
intends,intended,provides,provided
intends,intended,publishes,published
intends,intended,receives,received
intends,intended,refers,referred
intends,intended,relates,related
intends,intended,remains,remained
intends,intended,replaces,replaced
intends,intended,represents,represented
intends,intended,requires,required
intends,intended,seems,seemed
intends,intended,sends,sent
intends,intended,spends,spent
intends,intended,suggests,suggested
intends,intended,tells,told
introduces,introduced,involves,involved
introduces,introduced,locates,located
introduces,introduced,loses,lost
introduces,introduced,manages,managed
introduces,introduced,marries,married
introduces,introduced,occurs,occurred
introduces,introduced,operates,operated
introduces,introduced,performs,performed
introduces,introduced,proposes,proposed
introduces,introduced,provides,provided
introduces,introduced,publishes,published
introduces,introduced,receives,received
introduces,introduced,refers,referred
introduces,introduced,relates,related
introduces,introduced,remains,remained
introduces,introduced,replaces,replaced
introduces,introduced,represents,represented
introduces,introduced,requires,required
introduces,introduced,seems,seemed
introduces,introduced,sends,sent
introduces,introduced,spends,spent
introduces,introduced,suggests,suggested
introduces,introduced,tells,told
involves,involved,locates,located
involves,involved,loses,lost
involves,involved,manages,managed
involves,involved,marries,married
involves,involved,occurs,occurred
involves,involved,operates,operated
involves,involved,performs,performed
involves,involved,proposes,proposed
involves,involved,provides,provided
involves,involved,publishes,published
involves,involved,receives,received
involves,involved,refers,referred
involves,involved,relates,related
involves,involved,remains,remained
involves,involved,replaces,replaced
involves,involved,represents,represented
involves,involved,requires,required
involves,involved,seems,seemed
involves,involved,sends,sent
involves,involved,spends,spent
involves,involved,suggests,suggested
involves,involved,tells,told
locates,located,loses,lost
locates,located,manages,managed
locates,located,marries,married
locates,located,occurs,occurred
locates,located,operates,operated
locates,located,performs,performed
locates,located,proposes,proposed
locates,located,provides,provided
locates,located,publishes,published
locates,located,receives,received
locates,located,refers,referred
locates,located,relates,related
locates,located,remains,remained
locates,located,replaces,replaced
locates,located,represents,represented
locates,located,requires,required
locates,located,seems,seemed
locates,located,sends,sent
locates,located,spends,spent
locates,located,suggests,suggested
locates,located,tells,told
loses,lost,manages,managed
loses,lost,marries,married
loses,lost,occurs,occurred
loses,lost,operates,operated
loses,lost,performs,performed
loses,lost,proposes,proposed
loses,lost,provides,provided
loses,lost,publishes,published
loses,lost,receives,received
loses,lost,refers,referred
loses,lost,relates,related
loses,lost,remains,remained
loses,lost,replaces,replaced
loses,lost,represents,represented
loses,lost,requires,required
loses,lost,seems,seemed
loses,lost,sends,sent
loses,lost,spends,spent
loses,lost,suggests,suggested
loses,lost,tells,told
manages,managed,marries,married
manages,managed,occurs,occurred
manages,managed,operates,operated
manages,managed,performs,performed
manages,managed,proposes,proposed
manages,managed,provides,provided
manages,managed,publishes,published
manages,managed,receives,received
manages,managed,refers,referred
manages,managed,relates,related
manages,managed,remains,remained
manages,managed,replaces,replaced
manages,managed,represents,represented
manages,managed,requires,required
manages,managed,seems,seemed
manages,managed,sends,sent
manages,managed,spends,spent
manages,managed,suggests,suggested
manages,managed,tells,told
marries,married,occurs,occurred
marries,married,operates,operated
marries,married,performs,performed
marries,married,proposes,proposed
marries,married,provides,provided
marries,married,publishes,published
marries,married,receives,received
marries,married,refers,referred
marries,married,relates,related
marries,married,remains,remained
marries,married,replaces,replaced
marries,married,represents,represented
marries,married,requires,required
marries,married,seems,seemed
marries,married,sends,sent
marries,married,spends,spent
marries,married,suggests,suggested
marries,married,tells,told
occurs,occurred,operates,operated
occurs,occurred,performs,performed
occurs,occurred,proposes,proposed
occurs,occurred,provides,provided
occurs,occurred,publishes,published
occurs,occurred,receives,received
occurs,occurred,refers,referred
occurs,occurred,relates,related
occurs,occurred,remains,remained
occurs,occurred,replaces,replaced
occurs,occurred,represents,represented
occurs,occurred,requires,required
occurs,occurred,seems,seemed
occurs,occurred,sends,sent
occurs,occurred,spends,spent
occurs,occurred,suggests,suggested
occurs,occurred,tells,told
operates,operated,performs,performed
operates,operated,proposes,proposed
operates,operated,provides,provided
operates,operated,publishes,published
operates,operated,receives,received
operates,operated,refers,referred
operates,operated,relates,related
operates,operated,remains,remained
operates,operated,replaces,replaced
operates,operated,represents,represented
operates,operated,requires,required
operates,operated,seems,seemed
operates,operated,sends,sent
operates,operated,spends,spent
operates,operated,suggests,suggested
operates,operated,tells,told
performs,performed,proposes,proposed
performs,performed,provides,provided
performs,performed,publishes,published
performs,performed,receives,received
performs,performed,refers,referred
performs,performed,relates,related
performs,performed,remains,remained
performs,performed,replaces,replaced
performs,performed,represents,represented
performs,performed,requires,required
performs,performed,seems,seemed
performs,performed,sends,sent
performs,performed,spends,spent
performs,performed,suggests,suggested
performs,performed,tells,told
proposes,proposed,provides,provided
proposes,proposed,publishes,published
proposes,proposed,receives,received
proposes,proposed,refers,referred
proposes,proposed,relates,related
proposes,proposed,remains,remained
proposes,proposed,replaces,replaced
proposes,proposed,represents,represented
proposes,proposed,requires,required
proposes,proposed,seems,seemed
proposes,proposed,sends,sent
proposes,proposed,spends,spent
proposes,proposed,suggests,suggested
proposes,proposed,tells,told
provides,provided,publishes,published
provides,provided,receives,received
provides,provided,refers,referred
provides,provided,relates,related
provides,provided,remains,remained
provides,provided,replaces,replaced
provides,provided,represents,represented
provides,provided,requires,required
provides,provided,seems,seemed
provides,provided,sends,sent
provides,provided,spends,spent
provides,provided,suggests,suggested
provides,provided,tells,told
publishes,published,receives,received
publishes,published,refers,referred
publishes,published,relates,related
publishes,published,remains,remained
publishes,published,replaces,replaced
publishes,published,represents,represented
publishes,published,requires,required
publishes,published,seems,seemed
publishes,published,sends,sent
publishes,published,spends,spent
publishes,published,suggests,suggested
publishes,published,tells,told
receives,received,refers,referred
receives,received,relates,related
receives,received,remains,remained
receives,received,replaces,replaced
receives,received,represents,represented
receives,received,requires,required
receives,received,seems,seemed
receives,received,sends,sent
receives,received,spends,spent
receives,received,suggests,suggested
receives,received,tells,told
refers,referred,relates,related
refers,referred,remains,remained
refers,referred,replaces,replaced
refers,referred,represents,represented
refers,referred,requires,required
refers,referred,seems,seemed
refers,referred,sends,sent
refers,referred,spends,spent
refers,referred,suggests,suggested
refers,referred,tells,told
relates,related,remains,remained
relates,related,replaces,replaced
relates,related,represents,represented
relates,related,requires,required
relates,related,seems,seemed
relates,related,sends,sent
relates,related,spends,spent
relates,related,suggests,suggested
relates,related,tells,told
remains,remained,replaces,replaced
remains,remained,represents,represented
remains,remained,requires,required
remains,remained,seems,seemed
remains,remained,sends,sent
remains,remained,spends,spent
remains,remained,suggests,suggested
remains,remained,tells,told
replaces,replaced,represents,represented
replaces,replaced,requires,required
replaces,replaced,seems,seemed
replaces,replaced,sends,sent
replaces,replaced,spends,spent
replaces,replaced,suggests,suggested
replaces,replaced,tells,told
represents,represented,requires,required
represents,represented,seems,seemed
represents,represented,sends,sent
represents,represented,spends,spent
represents,represented,suggests,suggested
represents,represented,tells,told
requires,required,seems,seemed
requires,required,sends,sent
requires,required,spends,spent
requires,required,suggests,suggested
requires,required,tells,told
seems,seemed,sends,sent
seems,seemed,spends,spent
seems,seemed,suggests,suggested
seems,seemed,tells,told
sends,sent,spends,spent
sends,sent,suggests,suggested
sends,sent,tells,told
spends,spent,suggests,suggested
spends,spent,tells,told
suggests,suggested,tells,told
