wall,ceiling,abbey,nun,27
wall,ceiling,aquarium,fish,27
wall,ceiling,bakery,cake,27
wall,ceiling,bathroom,toilet,27
wall,ceiling,bus,passengers,27
wall,ceiling,carton,milk,27
wall,ceiling,classroom,students,27
wall,ceiling,closet,clothes,27
wall,ceiling,cupboard,dishes,27
wall,ceiling,farm,tractor,27
wall,ceiling,fireplace,fire,27
wall,ceiling,forest,trees,27
wall,ceiling,garage,cars,27
wall,ceiling,garden,flower,27
wall,ceiling,hangar,airplane,27
wall,ceiling,kitchen,food,27
wall,ceiling,prison,criminals,27
wall,ceiling,refrigerator,food,27
wall,ceiling,school,children,27
wall,ceiling,space,planets,27
wall,ceiling,store,products,27
wall,ceiling,supermarket,groceries,27
abbey,nun,aquarium,fish,27
abbey,nun,bakery,cake,27
abbey,nun,bathroom,toilet,27
abbey,nun,bus,passengers,27
abbey,nun,carton,milk,27
abbey,nun,classroom,students,27
abbey,nun,closet,clothes,27
abbey,nun,cupboard,dishes,27
abbey,nun,farm,tractor,27
abbey,nun,fireplace,fire,27
abbey,nun,forest,trees,27
abbey,nun,garage,cars,27
abbey,nun,garden,flower,27
abbey,nun,hangar,airplane,27
abbey,nun,kitchen,food,27
abbey,nun,prison,criminals,27
abbey,nun,refrigerator,food,27
abbey,nun,school,children,27
abbey,nun,space,planets,27
abbey,nun,store,products,27
abbey,nun,supermarket,groceries,27
aquarium,fish,bakery,cake,27
aquarium,fish,bathroom,toilet,27
aquarium,fish,bus,passengers,27
aquarium,fish,carton,milk,27
aquarium,fish,classroom,students,27
aquarium,fish,closet,clothes,27
aquarium,fish,cupboard,dishes,27
aquarium,fish,farm,tractor,27
aquarium,fish,fireplace,fire,27
aquarium,fish,forest,trees,27
aquarium,fish,garage,cars,27
aquarium,fish,garden,flower,27
aquarium,fish,hangar,airplane,27
aquarium,fish,kitchen,food,27
aquarium,fish,prison,criminals,27
aquarium,fish,refrigerator,food,27
aquarium,fish,school,children,27
aquarium,fish,space,planets,27
aquarium,fish,store,products,27
aquarium,fish,supermarket,groceries,27
bakery,cake,bathroom,toilet,27
bakery,cake,bus,passengers,27
bakery,cake,carton,milk,27
bakery,cake,classroom,students,27
bakery,cake,closet,clothes,27
bakery,cake,cupboard,dishes,27
bakery,cake,farm,tractor,27
bakery,cake,fireplace,fire,27
bakery,cake,forest,trees,27
bakery,cake,garage,cars,27
bakery,cake,garden,flower,27
bakery,cake,hangar,airplane,27
bakery,cake,kitchen,food,27
bakery,cake,prison,criminals,27
bakery,cake,refrigerator,food,27
bakery,cake,school,children,27
bakery,cake,space,planets,27
bakery,cake,store,products,27
bakery,cake,supermarket,groceries,27
bathroom,toilet,bus,passengers,27
bathroom,toilet,carton,milk,27
bathroom,toilet,classroom,students,27
bathroom,toilet,closet,clothes,27
bathroom,toilet,cupboard,dishes,27
bathroom,toilet,farm,tractor,27
bathroom,toilet,fireplace,fire,27
bathroom,toilet,forest,trees,27
bathroom,toilet,garage,cars,27
bathroom,toilet,garden,flower,27
bathroom,toilet,hangar,airplane,27
bathroom,toilet,kitchen,food,27
bathroom,toilet,prison,criminals,27
bathroom,toilet,refrigerator,food,27
bathroom,toilet,school,children,27
bathroom,toilet,space,planets,27
bathroom,toilet,store,products,27
bathroom,toilet,supermarket,groceries,27
bus,passengers,carton,milk,27
bus,passengers,classroom,students,27
bus,passengers,closet,clothes,27
bus,passengers,cupboard,dishes,27
bus,passengers,farm,tractor,27
bus,passengers,fireplace,fire,27
bus,passengers,forest,trees,27
bus,passengers,garage,cars,27
bus,passengers,garden,flower,27
bus,passengers,hangar,airplane,27
bus,passengers,kitchen,food,27
bus,passengers,prison,criminals,27
bus,passengers,refrigerator,food,27
bus,passengers,school,children,27
bus,passengers,space,planets,27
bus,passengers,store,products,27
bus,passengers,supermarket,groceries,27
carton,milk,classroom,students,27
carton,milk,closet,clothes,27
carton,milk,cupboard,dishes,27
carton,milk,farm,tractor,27
carton,milk,fireplace,fire,27
carton,milk,forest,trees,27
carton,milk,garage,cars,27
carton,milk,garden,flower,27
carton,milk,hangar,airplane,27
carton,milk,kitchen,food,27
carton,milk,prison,criminals,27
carton,milk,refrigerator,food,27
carton,milk,school,children,27
carton,milk,space,planets,27
carton,milk,store,products,27
carton,milk,supermarket,groceries,27
classroom,students,closet,clothes,27
classroom,students,cupboard,dishes,27
classroom,students,farm,tractor,27
classroom,students,fireplace,fire,27
classroom,students,forest,trees,27
classroom,students,garage,cars,27
classroom,students,garden,flower,27
classroom,students,hangar,airplane,27
classroom,students,kitchen,food,27
classroom,students,prison,criminals,27
classroom,students,refrigerator,food,27
classroom,students,school,children,27
classroom,students,space,planets,27
classroom,students,store,products,27
classroom,students,supermarket,groceries,27
closet,clothes,cupboard,dishes,27
closet,clothes,farm,tractor,27
closet,clothes,fireplace,fire,27
closet,clothes,forest,trees,27
closet,clothes,garage,cars,27
closet,clothes,garden,flower,27
closet,clothes,hangar,airplane,27
closet,clothes,kitchen,food,27
closet,clothes,prison,criminals,27
closet,clothes,refrigerator,food,27
closet,clothes,school,children,27
closet,clothes,space,planets,27
closet,clothes,store,products,27
closet,clothes,supermarket,groceries,27
cupboard,dishes,farm,tractor,27
cupboard,dishes,fireplace,fire,27
cupboard,dishes,forest,trees,27
cupboard,dishes,garage,cars,27
cupboard,dishes,garden,flower,27
cupboard,dishes,hangar,airplane,27
cupboard,dishes,kitchen,food,27
cupboard,dishes,prison,criminals,27
cupboard,dishes,refrigerator,food,27
cupboard,dishes,school,children,27
cupboard,dishes,space,planets,27
cupboard,dishes,store,products,27
cupboard,dishes,supermarket,groceries,27
farm,tractor,fireplace,fire,27
farm,tractor,forest,trees,27
farm,tractor,garage,cars,27
farm,tractor,garden,flower,27
farm,tractor,hangar,airplane,27
farm,tractor,kitchen,food,27
farm,tractor,prison,criminals,27
farm,tractor,refrigerator,food,27
farm,tractor,school,children,27
farm,tractor,space,planets,27
farm,tractor,store,products,27
farm,tractor,supermarket,groceries,27
fireplace,fire,forest,trees,27
fireplace,fire,garage,cars,27
fireplace,fire,garden,flower,27
fireplace,fire,hangar,airplane,27
fireplace,fire,kitchen,food,27
fireplace,fire,prison,criminals,27
fireplace,fire,refrigerator,food,27
fireplace,fire,school,children,27
fireplace,fire,space,planets,27
fireplace,fire,store,products,27
fireplace,fire,supermarket,groceries,27
forest,trees,garage,cars,27
forest,trees,garden,flower,27
forest,trees,hangar,airplane,27
forest,trees,kitchen,food,27
forest,trees,prison,criminals,27
forest,trees,refrigerator,food,27
forest,trees,school,children,27
forest,trees,space,planets,27
forest,trees,store,products,27
forest,trees,supermarket,groceries,27
garage,cars,garden,flower,27
garage,cars,hangar,airplane,27
garage,cars,kitchen,food,27
garage,cars,prison,criminals,27
garage,cars,refrigerator,food,27
garage,cars,school,children,27
garage,cars,space,planets,27
garage,cars,store,products,27
garage,cars,supermarket,groceries,27
garden,flower,hangar,airplane,27
garden,flower,kitchen,food,27
garden,flower,prison,criminals,27
garden,flower,refrigerator,food,27
garden,flower,school,children,27
garden,flower,space,planets,27
garden,flower,store,products,27
garden,flower,supermarket,groceries,27
hangar,airplane,kitchen,food,27
hangar,airplane,prison,criminals,27
hangar,airplane,refrigerator,food,27
hangar,airplane,school,children,27
hangar,airplane,space,planets,27
hangar,airplane,store,products,27
hangar,airplane,supermarket,groceries,27
kitchen,food,prison,criminals,27
kitchen,food,refrigerator,food,27
kitchen,food,school,children,27
kitchen,food,space,planets,27
kitchen,food,store,products,27
kitchen,food,supermarket,groceries,27
prison,criminals,refrigerator,food,27
prison,criminals,school,children,27
prison,criminals,space,planets,27
prison,criminals,store,products,27
prison,criminals,supermarket,groceries,27
refrigerator,food,school,children,27
refrigerator,food,space,planets,27
refrigerator,food,store,products,27
refrigerator,food,supermarket,groceries,27
school,children,space,planets,27
school,children,store,products,27
school,children,supermarket,groceries,27
space,planets,store,products,27
space,planets,supermarket,groceries,27
store,products,supermarket,groceries,27
