zoology,animals,agenda,meeting,22
zoology,animals,bible,salvation,22
zoology,animals,choreography,performance,22
zoology,animals,code,program,22
zoology,animals,course,destination,22
zoology,animals,deal,contract,22
zoology,animals,directions,route,22
zoology,animals,draft,essay,22
zoology,animals,equation,formula,22
zoology,animals,instructions,game,22
zoology,animals,list,groceries,22
zoology,animals,map,city,22
zoology,animals,model,architecture,22
zoology,animals,mold,forms,22
zoology,animals,outline,composition,22
zoology,animals,pattern,dress,22
zoology,animals,plan,development,22
zoology,animals,playbook,football,22
zoology,animals,prescription,medication,22
zoology,animals,rules,game,22
zoology,animals,script,movie,22
zoology,animals,sketch,drawing,22
zoology,animals,strategy,attack,22
zoology,animals,study,understanding,22
zoology,animals,summary,book,22
agenda,meeting,bible,salvation,22
agenda,meeting,choreography,performance,22
agenda,meeting,code,program,22
agenda,meeting,course,destination,22
agenda,meeting,deal,contract,22
agenda,meeting,directions,route,22
agenda,meeting,draft,essay,22
agenda,meeting,equation,formula,22
agenda,meeting,instructions,game,22
agenda,meeting,list,groceries,22
agenda,meeting,map,city,22
agenda,meeting,model,architecture,22
agenda,meeting,mold,forms,22
agenda,meeting,outline,composition,22
agenda,meeting,pattern,dress,22
agenda,meeting,plan,development,22
agenda,meeting,playbook,football,22
agenda,meeting,prescription,medication,22
agenda,meeting,rules,game,22
agenda,meeting,script,movie,22
agenda,meeting,sketch,drawing,22
agenda,meeting,strategy,attack,22
agenda,meeting,study,understanding,22
agenda,meeting,summary,book,22
bible,salvation,choreography,performance,22
bible,salvation,code,program,22
bible,salvation,course,destination,22
bible,salvation,deal,contract,22
bible,salvation,directions,route,22
bible,salvation,draft,essay,22
bible,salvation,equation,formula,22
bible,salvation,instructions,game,22
bible,salvation,list,groceries,22
bible,salvation,map,city,22
bible,salvation,model,architecture,22
bible,salvation,mold,forms,22
bible,salvation,outline,composition,22
bible,salvation,pattern,dress,22
bible,salvation,plan,development,22
bible,salvation,playbook,football,22
bible,salvation,prescription,medication,22
bible,salvation,rules,game,22
bible,salvation,script,movie,22
bible,salvation,sketch,drawing,22
bible,salvation,strategy,attack,22
bible,salvation,study,understanding,22
bible,salvation,summary,book,22
choreography,performance,code,program,22
choreography,performance,course,destination,22
choreography,performance,deal,contract,22
choreography,performance,directions,route,22
choreography,performance,draft,essay,22
choreography,performance,equation,formula,22
choreography,performance,instructions,game,22
choreography,performance,list,groceries,22
choreography,performance,map,city,22
choreography,performance,model,architecture,22
choreography,performance,mold,forms,22
choreography,performance,outline,composition,22
choreography,performance,pattern,dress,22
choreography,performance,plan,development,22
choreography,performance,playbook,football,22
choreography,performance,prescription,medication,22
choreography,performance,rules,game,22
choreography,performance,script,movie,22
choreography,performance,sketch,drawing,22
choreography,performance,strategy,attack,22
choreography,performance,study,understanding,22
choreography,performance,summary,book,22
code,program,course,destination,22
code,program,deal,contract,22
code,program,directions,route,22
code,program,draft,essay,22
code,program,equation,formula,22
code,program,instructions,game,22
code,program,list,groceries,22
code,program,map,city,22
code,program,model,architecture,22
code,program,mold,forms,22
code,program,outline,composition,22
code,program,pattern,dress,22
code,program,plan,development,22
code,program,playbook,football,22
code,program,prescription,medication,22
code,program,rules,game,22
code,program,script,movie,22
code,program,sketch,drawing,22
code,program,strategy,attack,22
code,program,study,understanding,22
code,program,summary,book,22
course,destination,deal,contract,22
course,destination,directions,route,22
course,destination,draft,essay,22
course,destination,equation,formula,22
course,destination,instructions,game,22
course,destination,list,groceries,22
course,destination,map,city,22
course,destination,model,architecture,22
course,destination,mold,forms,22
course,destination,outline,composition,22
course,destination,pattern,dress,22
course,destination,plan,development,22
course,destination,playbook,football,22
course,destination,prescription,medication,22
course,destination,rules,game,22
course,destination,script,movie,22
course,destination,sketch,drawing,22
course,destination,strategy,attack,22
course,destination,study,understanding,22
course,destination,summary,book,22
deal,contract,directions,route,22
deal,contract,draft,essay,22
deal,contract,equation,formula,22
deal,contract,instructions,game,22
deal,contract,list,groceries,22
deal,contract,map,city,22
deal,contract,model,architecture,22
deal,contract,mold,forms,22
deal,contract,outline,composition,22
deal,contract,pattern,dress,22
deal,contract,plan,development,22
deal,contract,playbook,football,22
deal,contract,prescription,medication,22
deal,contract,rules,game,22
deal,contract,script,movie,22
deal,contract,sketch,drawing,22
deal,contract,strategy,attack,22
deal,contract,study,understanding,22
deal,contract,summary,book,22
directions,route,draft,essay,22
directions,route,equation,formula,22
directions,route,instructions,game,22
directions,route,list,groceries,22
directions,route,map,city,22
directions,route,model,architecture,22
directions,route,mold,forms,22
directions,route,outline,composition,22
directions,route,pattern,dress,22
directions,route,plan,development,22
directions,route,playbook,football,22
directions,route,prescription,medication,22
directions,route,rules,game,22
directions,route,script,movie,22
directions,route,sketch,drawing,22
directions,route,strategy,attack,22
directions,route,study,understanding,22
directions,route,summary,book,22
draft,essay,equation,formula,22
draft,essay,instructions,game,22
draft,essay,list,groceries,22
draft,essay,map,city,22
draft,essay,model,architecture,22
draft,essay,mold,forms,22
draft,essay,outline,composition,22
draft,essay,pattern,dress,22
draft,essay,plan,development,22
draft,essay,playbook,football,22
draft,essay,prescription,medication,22
draft,essay,rules,game,22
draft,essay,script,movie,22
draft,essay,sketch,drawing,22
draft,essay,strategy,attack,22
draft,essay,study,understanding,22
draft,essay,summary,book,22
equation,formula,instructions,game,22
equation,formula,list,groceries,22
equation,formula,map,city,22
equation,formula,model,architecture,22
equation,formula,mold,forms,22
equation,formula,outline,composition,22
equation,formula,pattern,dress,22
equation,formula,plan,development,22
equation,formula,playbook,football,22
equation,formula,prescription,medication,22
equation,formula,rules,game,22
equation,formula,script,movie,22
equation,formula,sketch,drawing,22
equation,formula,strategy,attack,22
equation,formula,study,understanding,22
equation,formula,summary,book,22
instructions,game,list,groceries,22
instructions,game,map,city,22
instructions,game,model,architecture,22
instructions,game,mold,forms,22
instructions,game,outline,composition,22
instructions,game,pattern,dress,22
instructions,game,plan,development,22
instructions,game,playbook,football,22
instructions,game,prescription,medication,22
instructions,game,rules,game,22
instructions,game,script,movie,22
instructions,game,sketch,drawing,22
instructions,game,strategy,attack,22
instructions,game,study,understanding,22
instructions,game,summary,book,22
list,groceries,map,city,22
list,groceries,model,architecture,22
list,groceries,mold,forms,22
list,groceries,outline,composition,22
list,groceries,pattern,dress,22
list,groceries,plan,development,22
list,groceries,playbook,football,22
list,groceries,prescription,medication,22
list,groceries,rules,game,22
list,groceries,script,movie,22
list,groceries,sketch,drawing,22
list,groceries,strategy,attack,22
list,groceries,study,understanding,22
list,groceries,summary,book,22
map,city,model,architecture,22
map,city,mold,forms,22
map,city,outline,composition,22
map,city,pattern,dress,22
map,city,plan,development,22
map,city,playbook,football,22
map,city,prescription,medication,22
map,city,rules,game,22
map,city,script,movie,22
map,city,sketch,drawing,22
map,city,strategy,attack,22
map,city,study,understanding,22
map,city,summary,book,22
model,architecture,mold,forms,22
model,architecture,outline,composition,22
model,architecture,pattern,dress,22
model,architecture,plan,development,22
model,architecture,playbook,football,22
model,architecture,prescription,medication,22
model,architecture,rules,game,22
model,architecture,script,movie,22
model,architecture,sketch,drawing,22
model,architecture,strategy,attack,22
model,architecture,study,understanding,22
model,architecture,summary,book,22
mold,forms,outline,composition,22
mold,forms,pattern,dress,22
mold,forms,plan,development,22
mold,forms,playbook,football,22
mold,forms,prescription,medication,22
mold,forms,rules,game,22
mold,forms,script,movie,22
mold,forms,sketch,drawing,22
mold,forms,strategy,attack,22
mold,forms,study,understanding,22
mold,forms,summary,book,22
outline,composition,pattern,dress,22
outline,composition,plan,development,22
outline,composition,playbook,football,22
outline,composition,prescription,medication,22
outline,composition,rules,game,22
outline,composition,script,movie,22
outline,composition,sketch,drawing,22
outline,composition,strategy,attack,22
outline,composition,study,understanding,22
outline,composition,summary,book,22
pattern,dress,plan,development,22
pattern,dress,playbook,football,22
pattern,dress,prescription,medication,22
pattern,dress,rules,game,22
pattern,dress,script,movie,22
pattern,dress,sketch,drawing,22
pattern,dress,strategy,attack,22
pattern,dress,study,understanding,22
pattern,dress,summary,book,22
plan,development,playbook,football,22
plan,development,prescription,medication,22
plan,development,rules,game,22
plan,development,script,movie,22
plan,development,sketch,drawing,22
plan,development,strategy,attack,22
plan,development,study,understanding,22
plan,development,summary,book,22
playbook,football,prescription,medication,22
playbook,football,rules,game,22
playbook,football,script,movie,22
playbook,football,sketch,drawing,22
playbook,football,strategy,attack,22
playbook,football,study,understanding,22
playbook,football,summary,book,22
prescription,medication,rules,game,22
prescription,medication,script,movie,22
prescription,medication,sketch,drawing,22
prescription,medication,strategy,attack,22
prescription,medication,study,understanding,22
prescription,medication,summary,book,22
rules,game,script,movie,22
rules,game,sketch,drawing,22
rules,game,strategy,attack,22
rules,game,study,understanding,22
rules,game,summary,book,22
script,movie,sketch,drawing,22
script,movie,strategy,attack,22
script,movie,study,understanding,22
script,movie,summary,book,22
sketch,drawing,strategy,attack,22
sketch,drawing,study,understanding,22
sketch,drawing,summary,book,22
strategy,attack,study,understanding,22
strategy,attack,summary,book,22
study,understanding,summary,book,22
