zoo,animals,bar,drinking,28
zoo,animals,bedroom,sleeping,28
zoo,animals,cafeteria,eating,28
zoo,animals,church,prayer,28
zoo,animals,courthouse,judging,28
zoo,animals,farm,growing,28
zoo,animals,house,living,28
zoo,animals,kitchen,cooking,28
zoo,animals,laboratory,experimenting,28
zoo,animals,library,reading,28
zoo,animals,mall,shopping,28
zoo,animals,office,working,28
zoo,animals,park,playing,28
zoo,animals,pool,swimming,28
zoo,animals,restaurant,eating,28
zoo,animals,sidewalk,strolling,28
zoo,animals,stadium,sports,28
bar,drinking,bedroom,sleeping,28
bar,drinking,cafeteria,eating,28
bar,drinking,church,prayer,28
bar,drinking,courthouse,judging,28
bar,drinking,farm,growing,28
bar,drinking,house,living,28
bar,drinking,kitchen,cooking,28
bar,drinking,laboratory,experimenting,28
bar,drinking,library,reading,28
bar,drinking,mall,shopping,28
bar,drinking,office,working,28
bar,drinking,park,playing,28
bar,drinking,pool,swimming,28
bar,drinking,restaurant,eating,28
bar,drinking,sidewalk,strolling,28
bar,drinking,stadium,sports,28
bedroom,sleeping,cafeteria,eating,28
bedroom,sleeping,church,prayer,28
bedroom,sleeping,courthouse,judging,28
bedroom,sleeping,farm,growing,28
bedroom,sleeping,house,living,28
bedroom,sleeping,kitchen,cooking,28
bedroom,sleeping,laboratory,experimenting,28
bedroom,sleeping,library,reading,28
bedroom,sleeping,mall,shopping,28
bedroom,sleeping,office,working,28
bedroom,sleeping,park,playing,28
bedroom,sleeping,pool,swimming,28
bedroom,sleeping,restaurant,eating,28
bedroom,sleeping,sidewalk,strolling,28
bedroom,sleeping,stadium,sports,28
cafeteria,eating,church,prayer,28
cafeteria,eating,courthouse,judging,28
cafeteria,eating,farm,growing,28
cafeteria,eating,house,living,28
cafeteria,eating,kitchen,cooking,28
cafeteria,eating,laboratory,experimenting,28
cafeteria,eating,library,reading,28
cafeteria,eating,mall,shopping,28
cafeteria,eating,office,working,28
cafeteria,eating,park,playing,28
cafeteria,eating,pool,swimming,28
cafeteria,eating,restaurant,eating,28
cafeteria,eating,sidewalk,strolling,28
cafeteria,eating,stadium,sports,28
church,prayer,courthouse,judging,28
church,prayer,farm,growing,28
church,prayer,house,living,28
church,prayer,kitchen,cooking,28
church,prayer,laboratory,experimenting,28
church,prayer,library,reading,28
church,prayer,mall,shopping,28
church,prayer,office,working,28
church,prayer,park,playing,28
church,prayer,pool,swimming,28
church,prayer,restaurant,eating,28
church,prayer,sidewalk,strolling,28
church,prayer,stadium,sports,28
courthouse,judging,farm,growing,28
courthouse,judging,house,living,28
courthouse,judging,kitchen,cooking,28
courthouse,judging,laboratory,experimenting,28
courthouse,judging,library,reading,28
courthouse,judging,mall,shopping,28
courthouse,judging,office,working,28
courthouse,judging,park,playing,28
courthouse,judging,pool,swimming,28
courthouse,judging,restaurant,eating,28
courthouse,judging,sidewalk,strolling,28
courthouse,judging,stadium,sports,28
farm,growing,house,living,28
farm,growing,kitchen,cooking,28
farm,growing,laboratory,experimenting,28
farm,growing,library,reading,28
farm,growing,mall,shopping,28
farm,growing,office,working,28
farm,growing,park,playing,28
farm,growing,pool,swimming,28
farm,growing,restaurant,eating,28
farm,growing,sidewalk,strolling,28
farm,growing,stadium,sports,28
house,living,kitchen,cooking,28
house,living,laboratory,experimenting,28
house,living,library,reading,28
house,living,mall,shopping,28
house,living,office,working,28
house,living,park,playing,28
house,living,pool,swimming,28
house,living,restaurant,eating,28
house,living,sidewalk,strolling,28
house,living,stadium,sports,28
kitchen,cooking,laboratory,experimenting,28
kitchen,cooking,library,reading,28
kitchen,cooking,mall,shopping,28
kitchen,cooking,office,working,28
kitchen,cooking,park,playing,28
kitchen,cooking,pool,swimming,28
kitchen,cooking,restaurant,eating,28
kitchen,cooking,sidewalk,strolling,28
kitchen,cooking,stadium,sports,28
laboratory,experimenting,library,reading,28
laboratory,experimenting,mall,shopping,28
laboratory,experimenting,office,working,28
laboratory,experimenting,park,playing,28
laboratory,experimenting,pool,swimming,28
laboratory,experimenting,restaurant,eating,28
laboratory,experimenting,sidewalk,strolling,28
laboratory,experimenting,stadium,sports,28
library,reading,mall,shopping,28
library,reading,office,working,28
library,reading,park,playing,28
library,reading,pool,swimming,28
library,reading,restaurant,eating,28
library,reading,sidewalk,strolling,28
library,reading,stadium,sports,28
mall,shopping,office,working,28
mall,shopping,park,playing,28
mall,shopping,pool,swimming,28
mall,shopping,restaurant,eating,28
mall,shopping,sidewalk,strolling,28
mall,shopping,stadium,sports,28
office,working,park,playing,28
office,working,pool,swimming,28
office,working,restaurant,eating,28
office,working,sidewalk,strolling,28
office,working,stadium,sports,28
park,playing,pool,swimming,28
park,playing,restaurant,eating,28
park,playing,sidewalk,strolling,28
park,playing,stadium,sports,28
pool,swimming,restaurant,eating,28
pool,swimming,sidewalk,strolling,28
pool,swimming,stadium,sports,28
restaurant,eating,sidewalk,strolling,28
restaurant,eating,stadium,sports,28
sidewalk,strolling,stadium,sports,28
