zone,rezone,basement,victim,19
zone,rezone,boy,gender,19
zone,rezone,bushes,trap,19
zone,rezone,clothes,body,19
zone,rezone,clothing,figure,19
zone,rezone,code,message,19
zone,rezone,costume,gender,19
zone,rezone,curtains,room,19
zone,rezone,curtain,window,19
zone,rezone,decoy,motives,19
zone,rezone,desk,button,19
zone,rezone,encryption,data,19
zone,rezone,flower,plants,19
zone,rezone,frosting,cake,19
zone,rezone,glove,hand,19
zone,rezone,hat,hair,19
zone,rezone,hood,head,19
zone,rezone,hose,legs,19
zone,rezone,lie,whereabouts,19
zone,rezone,makeup,blemish,19
zone,rezone,mask,face,19
zone,rezone,password,access,19
zone,rezone,pepper,ingredients,19
zone,rezone,safe,valuables,19
zone,rezone,smile,unhappiness,19
zone,rezone,sunglasses,eyes,19
basement,victim,boy,gender,19
basement,victim,bushes,trap,19
basement,victim,clothes,body,19
basement,victim,clothing,figure,19
basement,victim,code,message,19
basement,victim,costume,gender,19
basement,victim,curtains,room,19
basement,victim,curtain,window,19
basement,victim,decoy,motives,19
basement,victim,desk,button,19
basement,victim,encryption,data,19
basement,victim,flower,plants,19
basement,victim,frosting,cake,19
basement,victim,glove,hand,19
basement,victim,hat,hair,19
basement,victim,hood,head,19
basement,victim,hose,legs,19
basement,victim,lie,whereabouts,19
basement,victim,makeup,blemish,19
basement,victim,mask,face,19
basement,victim,password,access,19
basement,victim,pepper,ingredients,19
basement,victim,safe,valuables,19
basement,victim,smile,unhappiness,19
basement,victim,sunglasses,eyes,19
boy,gender,bushes,trap,19
boy,gender,clothes,body,19
boy,gender,clothing,figure,19
boy,gender,code,message,19
boy,gender,costume,gender,19
boy,gender,curtains,room,19
boy,gender,curtain,window,19
boy,gender,decoy,motives,19
boy,gender,desk,button,19
boy,gender,encryption,data,19
boy,gender,flower,plants,19
boy,gender,frosting,cake,19
boy,gender,glove,hand,19
boy,gender,hat,hair,19
boy,gender,hood,head,19
boy,gender,hose,legs,19
boy,gender,lie,whereabouts,19
boy,gender,makeup,blemish,19
boy,gender,mask,face,19
boy,gender,password,access,19
boy,gender,pepper,ingredients,19
boy,gender,safe,valuables,19
boy,gender,smile,unhappiness,19
boy,gender,sunglasses,eyes,19
bushes,trap,clothes,body,19
bushes,trap,clothing,figure,19
bushes,trap,code,message,19
bushes,trap,costume,gender,19
bushes,trap,curtains,room,19
bushes,trap,curtain,window,19
bushes,trap,decoy,motives,19
bushes,trap,desk,button,19
bushes,trap,encryption,data,19
bushes,trap,flower,plants,19
bushes,trap,frosting,cake,19
bushes,trap,glove,hand,19
bushes,trap,hat,hair,19
bushes,trap,hood,head,19
bushes,trap,hose,legs,19
bushes,trap,lie,whereabouts,19
bushes,trap,makeup,blemish,19
bushes,trap,mask,face,19
bushes,trap,password,access,19
bushes,trap,pepper,ingredients,19
bushes,trap,safe,valuables,19
bushes,trap,smile,unhappiness,19
bushes,trap,sunglasses,eyes,19
clothes,body,clothing,figure,19
clothes,body,code,message,19
clothes,body,costume,gender,19
clothes,body,curtains,room,19
clothes,body,curtain,window,19
clothes,body,decoy,motives,19
clothes,body,desk,button,19
clothes,body,encryption,data,19
clothes,body,flower,plants,19
clothes,body,frosting,cake,19
clothes,body,glove,hand,19
clothes,body,hat,hair,19
clothes,body,hood,head,19
clothes,body,hose,legs,19
clothes,body,lie,whereabouts,19
clothes,body,makeup,blemish,19
clothes,body,mask,face,19
clothes,body,password,access,19
clothes,body,pepper,ingredients,19
clothes,body,safe,valuables,19
clothes,body,smile,unhappiness,19
clothes,body,sunglasses,eyes,19
clothing,figure,code,message,19
clothing,figure,costume,gender,19
clothing,figure,curtains,room,19
clothing,figure,curtain,window,19
clothing,figure,decoy,motives,19
clothing,figure,desk,button,19
clothing,figure,encryption,data,19
clothing,figure,flower,plants,19
clothing,figure,frosting,cake,19
clothing,figure,glove,hand,19
clothing,figure,hat,hair,19
clothing,figure,hood,head,19
clothing,figure,hose,legs,19
clothing,figure,lie,whereabouts,19
clothing,figure,makeup,blemish,19
clothing,figure,mask,face,19
clothing,figure,password,access,19
clothing,figure,pepper,ingredients,19
clothing,figure,safe,valuables,19
clothing,figure,smile,unhappiness,19
clothing,figure,sunglasses,eyes,19
code,message,costume,gender,19
code,message,curtains,room,19
code,message,curtain,window,19
code,message,decoy,motives,19
code,message,desk,button,19
code,message,encryption,data,19
code,message,flower,plants,19
code,message,frosting,cake,19
code,message,glove,hand,19
code,message,hat,hair,19
code,message,hood,head,19
code,message,hose,legs,19
code,message,lie,whereabouts,19
code,message,makeup,blemish,19
code,message,mask,face,19
code,message,password,access,19
code,message,pepper,ingredients,19
code,message,safe,valuables,19
code,message,smile,unhappiness,19
code,message,sunglasses,eyes,19
costume,gender,curtains,room,19
costume,gender,curtain,window,19
costume,gender,decoy,motives,19
costume,gender,desk,button,19
costume,gender,encryption,data,19
costume,gender,flower,plants,19
costume,gender,frosting,cake,19
costume,gender,glove,hand,19
costume,gender,hat,hair,19
costume,gender,hood,head,19
costume,gender,hose,legs,19
costume,gender,lie,whereabouts,19
costume,gender,makeup,blemish,19
costume,gender,mask,face,19
costume,gender,password,access,19
costume,gender,pepper,ingredients,19
costume,gender,safe,valuables,19
costume,gender,smile,unhappiness,19
costume,gender,sunglasses,eyes,19
curtains,room,curtain,window,19
curtains,room,decoy,motives,19
curtains,room,desk,button,19
curtains,room,encryption,data,19
curtains,room,flower,plants,19
curtains,room,frosting,cake,19
curtains,room,glove,hand,19
curtains,room,hat,hair,19
curtains,room,hood,head,19
curtains,room,hose,legs,19
curtains,room,lie,whereabouts,19
curtains,room,makeup,blemish,19
curtains,room,mask,face,19
curtains,room,password,access,19
curtains,room,pepper,ingredients,19
curtains,room,safe,valuables,19
curtains,room,smile,unhappiness,19
curtains,room,sunglasses,eyes,19
curtain,window,decoy,motives,19
curtain,window,desk,button,19
curtain,window,encryption,data,19
curtain,window,flower,plants,19
curtain,window,frosting,cake,19
curtain,window,glove,hand,19
curtain,window,hat,hair,19
curtain,window,hood,head,19
curtain,window,hose,legs,19
curtain,window,lie,whereabouts,19
curtain,window,makeup,blemish,19
curtain,window,mask,face,19
curtain,window,password,access,19
curtain,window,pepper,ingredients,19
curtain,window,safe,valuables,19
curtain,window,smile,unhappiness,19
curtain,window,sunglasses,eyes,19
decoy,motives,desk,button,19
decoy,motives,encryption,data,19
decoy,motives,flower,plants,19
decoy,motives,frosting,cake,19
decoy,motives,glove,hand,19
decoy,motives,hat,hair,19
decoy,motives,hood,head,19
decoy,motives,hose,legs,19
decoy,motives,lie,whereabouts,19
decoy,motives,makeup,blemish,19
decoy,motives,mask,face,19
decoy,motives,password,access,19
decoy,motives,pepper,ingredients,19
decoy,motives,safe,valuables,19
decoy,motives,smile,unhappiness,19
decoy,motives,sunglasses,eyes,19
desk,button,encryption,data,19
desk,button,flower,plants,19
desk,button,frosting,cake,19
desk,button,glove,hand,19
desk,button,hat,hair,19
desk,button,hood,head,19
desk,button,hose,legs,19
desk,button,lie,whereabouts,19
desk,button,makeup,blemish,19
desk,button,mask,face,19
desk,button,password,access,19
desk,button,pepper,ingredients,19
desk,button,safe,valuables,19
desk,button,smile,unhappiness,19
desk,button,sunglasses,eyes,19
encryption,data,flower,plants,19
encryption,data,frosting,cake,19
encryption,data,glove,hand,19
encryption,data,hat,hair,19
encryption,data,hood,head,19
encryption,data,hose,legs,19
encryption,data,lie,whereabouts,19
encryption,data,makeup,blemish,19
encryption,data,mask,face,19
encryption,data,password,access,19
encryption,data,pepper,ingredients,19
encryption,data,safe,valuables,19
encryption,data,smile,unhappiness,19
encryption,data,sunglasses,eyes,19
flower,plants,frosting,cake,19
flower,plants,glove,hand,19
flower,plants,hat,hair,19
flower,plants,hood,head,19
flower,plants,hose,legs,19
flower,plants,lie,whereabouts,19
flower,plants,makeup,blemish,19
flower,plants,mask,face,19
flower,plants,password,access,19
flower,plants,pepper,ingredients,19
flower,plants,safe,valuables,19
flower,plants,smile,unhappiness,19
flower,plants,sunglasses,eyes,19
frosting,cake,glove,hand,19
frosting,cake,hat,hair,19
frosting,cake,hood,head,19
frosting,cake,hose,legs,19
frosting,cake,lie,whereabouts,19
frosting,cake,makeup,blemish,19
frosting,cake,mask,face,19
frosting,cake,password,access,19
frosting,cake,pepper,ingredients,19
frosting,cake,safe,valuables,19
frosting,cake,smile,unhappiness,19
frosting,cake,sunglasses,eyes,19
glove,hand,hat,hair,19
glove,hand,hood,head,19
glove,hand,hose,legs,19
glove,hand,lie,whereabouts,19
glove,hand,makeup,blemish,19
glove,hand,mask,face,19
glove,hand,password,access,19
glove,hand,pepper,ingredients,19
glove,hand,safe,valuables,19
glove,hand,smile,unhappiness,19
glove,hand,sunglasses,eyes,19
hat,hair,hood,head,19
hat,hair,hose,legs,19
hat,hair,lie,whereabouts,19
hat,hair,makeup,blemish,19
hat,hair,mask,face,19
hat,hair,password,access,19
hat,hair,pepper,ingredients,19
hat,hair,safe,valuables,19
hat,hair,smile,unhappiness,19
hat,hair,sunglasses,eyes,19
hood,head,hose,legs,19
hood,head,lie,whereabouts,19
hood,head,makeup,blemish,19
hood,head,mask,face,19
hood,head,password,access,19
hood,head,pepper,ingredients,19
hood,head,safe,valuables,19
hood,head,smile,unhappiness,19
hood,head,sunglasses,eyes,19
hose,legs,lie,whereabouts,19
hose,legs,makeup,blemish,19
hose,legs,mask,face,19
hose,legs,password,access,19
hose,legs,pepper,ingredients,19
hose,legs,safe,valuables,19
hose,legs,smile,unhappiness,19
hose,legs,sunglasses,eyes,19
lie,whereabouts,makeup,blemish,19
lie,whereabouts,mask,face,19
lie,whereabouts,password,access,19
lie,whereabouts,pepper,ingredients,19
lie,whereabouts,safe,valuables,19
lie,whereabouts,smile,unhappiness,19
lie,whereabouts,sunglasses,eyes,19
makeup,blemish,mask,face,19
makeup,blemish,password,access,19
makeup,blemish,pepper,ingredients,19
makeup,blemish,safe,valuables,19
makeup,blemish,smile,unhappiness,19
makeup,blemish,sunglasses,eyes,19
mask,face,password,access,19
mask,face,pepper,ingredients,19
mask,face,safe,valuables,19
mask,face,smile,unhappiness,19
mask,face,sunglasses,eyes,19
password,access,pepper,ingredients,19
password,access,safe,valuables,19
password,access,smile,unhappiness,19
password,access,sunglasses,eyes,19
pepper,ingredients,safe,valuables,19
pepper,ingredients,smile,unhappiness,19
pepper,ingredients,sunglasses,eyes,19
safe,valuables,smile,unhappiness,19
safe,valuables,sunglasses,eyes,19
smile,unhappiness,sunglasses,eyes,19
