yell,anger,anatomy,bodies,21
yell,anger,anthropology,humans,21
yell,anger,architecture,buildings,21
yell,anger,biology,life,21
yell,anger,chemistry,elements,21
yell,anger,criminology,crimes,21
yell,anger,dance,movements,21
yell,anger,dermatology,skin,21
yell,anger,economics,markets,21
yell,anger,genealogy,family,21
yell,anger,geography,maps,21
yell,anger,geology,earth,21
yell,anger,history,past,21
yell,anger,linguistics,languages,21
yell,anger,mathematics,numbers,21
yell,anger,medicine,bodies,21
yell,anger,meteorology,atmosphere,21
yell,anger,oceanography,oceans,21
yell,anger,pharmacology,drugs,21
yell,anger,philosophy,ideas,21
yell,anger,topography,maps,21
anatomy,bodies,anthropology,humans,21
anatomy,bodies,architecture,buildings,21
anatomy,bodies,biology,life,21
anatomy,bodies,chemistry,elements,21
anatomy,bodies,criminology,crimes,21
anatomy,bodies,dance,movements,21
anatomy,bodies,dermatology,skin,21
anatomy,bodies,economics,markets,21
anatomy,bodies,genealogy,family,21
anatomy,bodies,geography,maps,21
anatomy,bodies,geology,earth,21
anatomy,bodies,history,past,21
anatomy,bodies,linguistics,languages,21
anatomy,bodies,mathematics,numbers,21
anatomy,bodies,medicine,bodies,21
anatomy,bodies,meteorology,atmosphere,21
anatomy,bodies,oceanography,oceans,21
anatomy,bodies,pharmacology,drugs,21
anatomy,bodies,philosophy,ideas,21
anatomy,bodies,topography,maps,21
anthropology,humans,architecture,buildings,21
anthropology,humans,biology,life,21
anthropology,humans,chemistry,elements,21
anthropology,humans,criminology,crimes,21
anthropology,humans,dance,movements,21
anthropology,humans,dermatology,skin,21
anthropology,humans,economics,markets,21
anthropology,humans,genealogy,family,21
anthropology,humans,geography,maps,21
anthropology,humans,geology,earth,21
anthropology,humans,history,past,21
anthropology,humans,linguistics,languages,21
anthropology,humans,mathematics,numbers,21
anthropology,humans,medicine,bodies,21
anthropology,humans,meteorology,atmosphere,21
anthropology,humans,oceanography,oceans,21
anthropology,humans,pharmacology,drugs,21
anthropology,humans,philosophy,ideas,21
anthropology,humans,topography,maps,21
architecture,buildings,biology,life,21
architecture,buildings,chemistry,elements,21
architecture,buildings,criminology,crimes,21
architecture,buildings,dance,movements,21
architecture,buildings,dermatology,skin,21
architecture,buildings,economics,markets,21
architecture,buildings,genealogy,family,21
architecture,buildings,geography,maps,21
architecture,buildings,geology,earth,21
architecture,buildings,history,past,21
architecture,buildings,linguistics,languages,21
architecture,buildings,mathematics,numbers,21
architecture,buildings,medicine,bodies,21
architecture,buildings,meteorology,atmosphere,21
architecture,buildings,oceanography,oceans,21
architecture,buildings,pharmacology,drugs,21
architecture,buildings,philosophy,ideas,21
architecture,buildings,topography,maps,21
biology,life,chemistry,elements,21
biology,life,criminology,crimes,21
biology,life,dance,movements,21
biology,life,dermatology,skin,21
biology,life,economics,markets,21
biology,life,genealogy,family,21
biology,life,geography,maps,21
biology,life,geology,earth,21
biology,life,history,past,21
biology,life,linguistics,languages,21
biology,life,mathematics,numbers,21
biology,life,medicine,bodies,21
biology,life,meteorology,atmosphere,21
biology,life,oceanography,oceans,21
biology,life,pharmacology,drugs,21
biology,life,philosophy,ideas,21
biology,life,topography,maps,21
chemistry,elements,criminology,crimes,21
chemistry,elements,dance,movements,21
chemistry,elements,dermatology,skin,21
chemistry,elements,economics,markets,21
chemistry,elements,genealogy,family,21
chemistry,elements,geography,maps,21
chemistry,elements,geology,earth,21
chemistry,elements,history,past,21
chemistry,elements,linguistics,languages,21
chemistry,elements,mathematics,numbers,21
chemistry,elements,medicine,bodies,21
chemistry,elements,meteorology,atmosphere,21
chemistry,elements,oceanography,oceans,21
chemistry,elements,pharmacology,drugs,21
chemistry,elements,philosophy,ideas,21
chemistry,elements,topography,maps,21
criminology,crimes,dance,movements,21
criminology,crimes,dermatology,skin,21
criminology,crimes,economics,markets,21
criminology,crimes,genealogy,family,21
criminology,crimes,geography,maps,21
criminology,crimes,geology,earth,21
criminology,crimes,history,past,21
criminology,crimes,linguistics,languages,21
criminology,crimes,mathematics,numbers,21
criminology,crimes,medicine,bodies,21
criminology,crimes,meteorology,atmosphere,21
criminology,crimes,oceanography,oceans,21
criminology,crimes,pharmacology,drugs,21
criminology,crimes,philosophy,ideas,21
criminology,crimes,topography,maps,21
dance,movements,dermatology,skin,21
dance,movements,economics,markets,21
dance,movements,genealogy,family,21
dance,movements,geography,maps,21
dance,movements,geology,earth,21
dance,movements,history,past,21
dance,movements,linguistics,languages,21
dance,movements,mathematics,numbers,21
dance,movements,medicine,bodies,21
dance,movements,meteorology,atmosphere,21
dance,movements,oceanography,oceans,21
dance,movements,pharmacology,drugs,21
dance,movements,philosophy,ideas,21
dance,movements,topography,maps,21
dermatology,skin,economics,markets,21
dermatology,skin,genealogy,family,21
dermatology,skin,geography,maps,21
dermatology,skin,geology,earth,21
dermatology,skin,history,past,21
dermatology,skin,linguistics,languages,21
dermatology,skin,mathematics,numbers,21
dermatology,skin,medicine,bodies,21
dermatology,skin,meteorology,atmosphere,21
dermatology,skin,oceanography,oceans,21
dermatology,skin,pharmacology,drugs,21
dermatology,skin,philosophy,ideas,21
dermatology,skin,topography,maps,21
economics,markets,genealogy,family,21
economics,markets,geography,maps,21
economics,markets,geology,earth,21
economics,markets,history,past,21
economics,markets,linguistics,languages,21
economics,markets,mathematics,numbers,21
economics,markets,medicine,bodies,21
economics,markets,meteorology,atmosphere,21
economics,markets,oceanography,oceans,21
economics,markets,pharmacology,drugs,21
economics,markets,philosophy,ideas,21
economics,markets,topography,maps,21
genealogy,family,geography,maps,21
genealogy,family,geology,earth,21
genealogy,family,history,past,21
genealogy,family,linguistics,languages,21
genealogy,family,mathematics,numbers,21
genealogy,family,medicine,bodies,21
genealogy,family,meteorology,atmosphere,21
genealogy,family,oceanography,oceans,21
genealogy,family,pharmacology,drugs,21
genealogy,family,philosophy,ideas,21
genealogy,family,topography,maps,21
geography,maps,geology,earth,21
geography,maps,history,past,21
geography,maps,linguistics,languages,21
geography,maps,mathematics,numbers,21
geography,maps,medicine,bodies,21
geography,maps,meteorology,atmosphere,21
geography,maps,oceanography,oceans,21
geography,maps,pharmacology,drugs,21
geography,maps,philosophy,ideas,21
geography,maps,topography,maps,21
geology,earth,history,past,21
geology,earth,linguistics,languages,21
geology,earth,mathematics,numbers,21
geology,earth,medicine,bodies,21
geology,earth,meteorology,atmosphere,21
geology,earth,oceanography,oceans,21
geology,earth,pharmacology,drugs,21
geology,earth,philosophy,ideas,21
geology,earth,topography,maps,21
history,past,linguistics,languages,21
history,past,mathematics,numbers,21
history,past,medicine,bodies,21
history,past,meteorology,atmosphere,21
history,past,oceanography,oceans,21
history,past,pharmacology,drugs,21
history,past,philosophy,ideas,21
history,past,topography,maps,21
linguistics,languages,mathematics,numbers,21
linguistics,languages,medicine,bodies,21
linguistics,languages,meteorology,atmosphere,21
linguistics,languages,oceanography,oceans,21
linguistics,languages,pharmacology,drugs,21
linguistics,languages,philosophy,ideas,21
linguistics,languages,topography,maps,21
mathematics,numbers,medicine,bodies,21
mathematics,numbers,meteorology,atmosphere,21
mathematics,numbers,oceanography,oceans,21
mathematics,numbers,pharmacology,drugs,21
mathematics,numbers,philosophy,ideas,21
mathematics,numbers,topography,maps,21
medicine,bodies,meteorology,atmosphere,21
medicine,bodies,oceanography,oceans,21
medicine,bodies,pharmacology,drugs,21
medicine,bodies,philosophy,ideas,21
medicine,bodies,topography,maps,21
meteorology,atmosphere,oceanography,oceans,21
meteorology,atmosphere,pharmacology,drugs,21
meteorology,atmosphere,philosophy,ideas,21
meteorology,atmosphere,topography,maps,21
oceanography,oceans,pharmacology,drugs,21
oceanography,oceans,philosophy,ideas,21
oceanography,oceans,topography,maps,21
pharmacology,drugs,philosophy,ideas,21
pharmacology,drugs,topography,maps,21
philosophy,ideas,topography,maps,21
