able,unable,acceptable,unacceptable
able,unable,affected,unaffected
able,unable,authorized,unauthorized
able,unable,authorized,unauthorised
able,unable,available,unavailable
able,unable,avoidable,unavoidable
able,unable,aware,unaware
able,unable,believable,unbelievable
able,unable,biased,unbiased
able,unable,certain,uncertain
able,unable,changed,unchanged
able,unable,comfortable,uncomfortable
able,unable,conditional,unconditional
able,unable,conscious,unconscious
able,unable,controlled,uncontrolled
able,unable,desirable,undesirable
able,unable,employed,unemployed
able,unable,expected,unexpected
able,unable,finished,unfinished
able,unable,forgettable,unforgettable
able,unable,fortunate,unfortunate
able,unable,happy,unhappy
able,unable,healthy,unhealthy
able,unable,identified,unidentified
able,unable,intended,unintended
able,unable,interrupted,uninterrupted
able,unable,known,unknown
able,unable,lawful,unlawful
able,unable,lucky,unlucky
able,unable,noticed,unnoticed
able,unable,paid,unpaid
able,unable,pleasant,unpleasant
able,unable,popular,unpopular
able,unable,predictable,unpredictable
able,unable,published,unpublished
able,unable,realistic,unrealistic
able,unable,reasonable,unreasonable
able,unable,related,unrelated
able,unable,reliable,unreliable
able,unable,resolved,unresolved
able,unable,restricted,unrestricted
able,unable,satisfactory,unsatisfactory
able,unable,specified,unspecified
able,unable,successful,unsuccessful
able,unable,suitable,unsuitable
able,unable,sustainable,unsustainable
able,unable,used,unused
able,unable,usual,unusual
able,unable,veiled,unveiled
able,unable,wanted,unwanted
acceptable,unacceptable,affected,unaffected
acceptable,unacceptable,authorized,unauthorized
acceptable,unacceptable,authorized,unauthorised
acceptable,unacceptable,available,unavailable
acceptable,unacceptable,avoidable,unavoidable
acceptable,unacceptable,aware,unaware
acceptable,unacceptable,believable,unbelievable
acceptable,unacceptable,biased,unbiased
acceptable,unacceptable,certain,uncertain
acceptable,unacceptable,changed,unchanged
acceptable,unacceptable,comfortable,uncomfortable
acceptable,unacceptable,conditional,unconditional
acceptable,unacceptable,conscious,unconscious
acceptable,unacceptable,controlled,uncontrolled
acceptable,unacceptable,desirable,undesirable
acceptable,unacceptable,employed,unemployed
acceptable,unacceptable,expected,unexpected
acceptable,unacceptable,finished,unfinished
acceptable,unacceptable,forgettable,unforgettable
acceptable,unacceptable,fortunate,unfortunate
acceptable,unacceptable,happy,unhappy
acceptable,unacceptable,healthy,unhealthy
acceptable,unacceptable,identified,unidentified
acceptable,unacceptable,intended,unintended
acceptable,unacceptable,interrupted,uninterrupted
acceptable,unacceptable,known,unknown
acceptable,unacceptable,lawful,unlawful
acceptable,unacceptable,lucky,unlucky
acceptable,unacceptable,noticed,unnoticed
acceptable,unacceptable,paid,unpaid
acceptable,unacceptable,pleasant,unpleasant
acceptable,unacceptable,popular,unpopular
acceptable,unacceptable,predictable,unpredictable
acceptable,unacceptable,published,unpublished
acceptable,unacceptable,realistic,unrealistic
acceptable,unacceptable,reasonable,unreasonable
acceptable,unacceptable,related,unrelated
acceptable,unacceptable,reliable,unreliable
acceptable,unacceptable,resolved,unresolved
acceptable,unacceptable,restricted,unrestricted
acceptable,unacceptable,satisfactory,unsatisfactory
acceptable,unacceptable,specified,unspecified
acceptable,unacceptable,successful,unsuccessful
acceptable,unacceptable,suitable,unsuitable
acceptable,unacceptable,sustainable,unsustainable
acceptable,unacceptable,used,unused
acceptable,unacceptable,usual,unusual
acceptable,unacceptable,veiled,unveiled
acceptable,unacceptable,wanted,unwanted
affected,unaffected,authorized,unauthorized
affected,unaffected,authorized,unauthorised
affected,unaffected,available,unavailable
affected,unaffected,avoidable,unavoidable
affected,unaffected,aware,unaware
affected,unaffected,believable,unbelievable
affected,unaffected,biased,unbiased
affected,unaffected,certain,uncertain
affected,unaffected,changed,unchanged
affected,unaffected,comfortable,uncomfortable
affected,unaffected,conditional,unconditional
affected,unaffected,conscious,unconscious
affected,unaffected,controlled,uncontrolled
affected,unaffected,desirable,undesirable
affected,unaffected,employed,unemployed
affected,unaffected,expected,unexpected
affected,unaffected,finished,unfinished
affected,unaffected,forgettable,unforgettable
affected,unaffected,fortunate,unfortunate
affected,unaffected,happy,unhappy
affected,unaffected,healthy,unhealthy
affected,unaffected,identified,unidentified
affected,unaffected,intended,unintended
affected,unaffected,interrupted,uninterrupted
affected,unaffected,known,unknown
affected,unaffected,lawful,unlawful
affected,unaffected,lucky,unlucky
affected,unaffected,noticed,unnoticed
affected,unaffected,paid,unpaid
affected,unaffected,pleasant,unpleasant
affected,unaffected,popular,unpopular
affected,unaffected,predictable,unpredictable
affected,unaffected,published,unpublished
affected,unaffected,realistic,unrealistic
affected,unaffected,reasonable,unreasonable
affected,unaffected,related,unrelated
affected,unaffected,reliable,unreliable
affected,unaffected,resolved,unresolved
affected,unaffected,restricted,unrestricted
affected,unaffected,satisfactory,unsatisfactory
affected,unaffected,specified,unspecified
affected,unaffected,successful,unsuccessful
affected,unaffected,suitable,unsuitable
affected,unaffected,sustainable,unsustainable
affected,unaffected,used,unused
affected,unaffected,usual,unusual
affected,unaffected,veiled,unveiled
affected,unaffected,wanted,unwanted
authorized,unauthorized,available,unavailable
authorized,unauthorized,avoidable,unavoidable
authorized,unauthorized,aware,unaware
authorized,unauthorized,believable,unbelievable
authorized,unauthorized,biased,unbiased
authorized,unauthorized,certain,uncertain
authorized,unauthorized,changed,unchanged
authorized,unauthorized,comfortable,uncomfortable
authorized,unauthorized,conditional,unconditional
authorized,unauthorized,conscious,unconscious
authorized,unauthorized,controlled,uncontrolled
authorized,unauthorized,desirable,undesirable
authorized,unauthorized,employed,unemployed
authorized,unauthorized,expected,unexpected
authorized,unauthorized,finished,unfinished
authorized,unauthorized,forgettable,unforgettable
authorized,unauthorized,fortunate,unfortunate
authorized,unauthorized,happy,unhappy
authorized,unauthorized,healthy,unhealthy
authorized,unauthorized,identified,unidentified
authorized,unauthorized,intended,unintended
authorized,unauthorized,interrupted,uninterrupted
authorized,unauthorized,known,unknown
authorized,unauthorized,lawful,unlawful
authorized,unauthorized,lucky,unlucky
authorized,unauthorized,noticed,unnoticed
authorized,unauthorized,paid,unpaid
authorized,unauthorized,pleasant,unpleasant
authorized,unauthorized,popular,unpopular
authorized,unauthorized,predictable,unpredictable
authorized,unauthorized,published,unpublished
authorized,unauthorized,realistic,unrealistic
authorized,unauthorized,reasonable,unreasonable
authorized,unauthorized,related,unrelated
authorized,unauthorized,reliable,unreliable
authorized,unauthorized,resolved,unresolved
authorized,unauthorized,restricted,unrestricted
authorized,unauthorized,satisfactory,unsatisfactory
authorized,unauthorized,specified,unspecified
authorized,unauthorized,successful,unsuccessful
authorized,unauthorized,suitable,unsuitable
authorized,unauthorized,sustainable,unsustainable
authorized,unauthorized,used,unused
authorized,unauthorized,usual,unusual
authorized,unauthorized,veiled,unveiled
authorized,unauthorized,wanted,unwanted
authorized,unauthorised,available,unavailable
authorized,unauthorised,avoidable,unavoidable
authorized,unauthorised,aware,unaware
authorized,unauthorised,believable,unbelievable
authorized,unauthorised,biased,unbiased
authorized,unauthorised,certain,uncertain
authorized,unauthorised,changed,unchanged
authorized,unauthorised,comfortable,uncomfortable
authorized,unauthorised,conditional,unconditional
authorized,unauthorised,conscious,unconscious
authorized,unauthorised,controlled,uncontrolled
authorized,unauthorised,desirable,undesirable
authorized,unauthorised,employed,unemployed
authorized,unauthorised,expected,unexpected
authorized,unauthorised,finished,unfinished
authorized,unauthorised,forgettable,unforgettable
authorized,unauthorised,fortunate,unfortunate
authorized,unauthorised,happy,unhappy
authorized,unauthorised,healthy,unhealthy
authorized,unauthorised,identified,unidentified
authorized,unauthorised,intended,unintended
authorized,unauthorised,interrupted,uninterrupted
authorized,unauthorised,known,unknown
authorized,unauthorised,lawful,unlawful
authorized,unauthorised,lucky,unlucky
authorized,unauthorised,noticed,unnoticed
authorized,unauthorised,paid,unpaid
authorized,unauthorised,pleasant,unpleasant
authorized,unauthorised,popular,unpopular
authorized,unauthorised,predictable,unpredictable
authorized,unauthorised,published,unpublished
authorized,unauthorised,realistic,unrealistic
authorized,unauthorised,reasonable,unreasonable
authorized,unauthorised,related,unrelated
authorized,unauthorised,reliable,unreliable
authorized,unauthorised,resolved,unresolved
authorized,unauthorised,restricted,unrestricted
authorized,unauthorised,satisfactory,unsatisfactory
authorized,unauthorised,specified,unspecified
authorized,unauthorised,successful,unsuccessful
authorized,unauthorised,suitable,unsuitable
authorized,unauthorised,sustainable,unsustainable
authorized,unauthorised,used,unused
authorized,unauthorised,usual,unusual
authorized,unauthorised,veiled,unveiled
authorized,unauthorised,wanted,unwanted
available,unavailable,avoidable,unavoidable
available,unavailable,aware,unaware
available,unavailable,believable,unbelievable
available,unavailable,biased,unbiased
available,unavailable,certain,uncertain
available,unavailable,changed,unchanged
available,unavailable,comfortable,uncomfortable
available,unavailable,conditional,unconditional
available,unavailable,conscious,unconscious
available,unavailable,controlled,uncontrolled
available,unavailable,desirable,undesirable
available,unavailable,employed,unemployed
available,unavailable,expected,unexpected
available,unavailable,finished,unfinished
available,unavailable,forgettable,unforgettable
available,unavailable,fortunate,unfortunate
available,unavailable,happy,unhappy
available,unavailable,healthy,unhealthy
available,unavailable,identified,unidentified
available,unavailable,intended,unintended
available,unavailable,interrupted,uninterrupted
available,unavailable,known,unknown
available,unavailable,lawful,unlawful
available,unavailable,lucky,unlucky
available,unavailable,noticed,unnoticed
available,unavailable,paid,unpaid
available,unavailable,pleasant,unpleasant
available,unavailable,popular,unpopular
available,unavailable,predictable,unpredictable
available,unavailable,published,unpublished
available,unavailable,realistic,unrealistic
available,unavailable,reasonable,unreasonable
available,unavailable,related,unrelated
available,unavailable,reliable,unreliable
available,unavailable,resolved,unresolved
available,unavailable,restricted,unrestricted
available,unavailable,satisfactory,unsatisfactory
available,unavailable,specified,unspecified
available,unavailable,successful,unsuccessful
available,unavailable,suitable,unsuitable
available,unavailable,sustainable,unsustainable
available,unavailable,used,unused
available,unavailable,usual,unusual
available,unavailable,veiled,unveiled
available,unavailable,wanted,unwanted
avoidable,unavoidable,aware,unaware
avoidable,unavoidable,believable,unbelievable
avoidable,unavoidable,biased,unbiased
avoidable,unavoidable,certain,uncertain
avoidable,unavoidable,changed,unchanged
avoidable,unavoidable,comfortable,uncomfortable
avoidable,unavoidable,conditional,unconditional
avoidable,unavoidable,conscious,unconscious
avoidable,unavoidable,controlled,uncontrolled
avoidable,unavoidable,desirable,undesirable
avoidable,unavoidable,employed,unemployed
avoidable,unavoidable,expected,unexpected
avoidable,unavoidable,finished,unfinished
avoidable,unavoidable,forgettable,unforgettable
avoidable,unavoidable,fortunate,unfortunate
avoidable,unavoidable,happy,unhappy
avoidable,unavoidable,healthy,unhealthy
avoidable,unavoidable,identified,unidentified
avoidable,unavoidable,intended,unintended
avoidable,unavoidable,interrupted,uninterrupted
avoidable,unavoidable,known,unknown
avoidable,unavoidable,lawful,unlawful
avoidable,unavoidable,lucky,unlucky
avoidable,unavoidable,noticed,unnoticed
avoidable,unavoidable,paid,unpaid
avoidable,unavoidable,pleasant,unpleasant
avoidable,unavoidable,popular,unpopular
avoidable,unavoidable,predictable,unpredictable
avoidable,unavoidable,published,unpublished
avoidable,unavoidable,realistic,unrealistic
avoidable,unavoidable,reasonable,unreasonable
avoidable,unavoidable,related,unrelated
avoidable,unavoidable,reliable,unreliable
avoidable,unavoidable,resolved,unresolved
avoidable,unavoidable,restricted,unrestricted
avoidable,unavoidable,satisfactory,unsatisfactory
avoidable,unavoidable,specified,unspecified
avoidable,unavoidable,successful,unsuccessful
avoidable,unavoidable,suitable,unsuitable
avoidable,unavoidable,sustainable,unsustainable
avoidable,unavoidable,used,unused
avoidable,unavoidable,usual,unusual
avoidable,unavoidable,veiled,unveiled
avoidable,unavoidable,wanted,unwanted
aware,unaware,believable,unbelievable
aware,unaware,biased,unbiased
aware,unaware,certain,uncertain
aware,unaware,changed,unchanged
aware,unaware,comfortable,uncomfortable
aware,unaware,conditional,unconditional
aware,unaware,conscious,unconscious
aware,unaware,controlled,uncontrolled
aware,unaware,desirable,undesirable
aware,unaware,employed,unemployed
aware,unaware,expected,unexpected
aware,unaware,finished,unfinished
aware,unaware,forgettable,unforgettable
aware,unaware,fortunate,unfortunate
aware,unaware,happy,unhappy
aware,unaware,healthy,unhealthy
aware,unaware,identified,unidentified
aware,unaware,intended,unintended
aware,unaware,interrupted,uninterrupted
aware,unaware,known,unknown
aware,unaware,lawful,unlawful
aware,unaware,lucky,unlucky
aware,unaware,noticed,unnoticed
aware,unaware,paid,unpaid
aware,unaware,pleasant,unpleasant
aware,unaware,popular,unpopular
aware,unaware,predictable,unpredictable
aware,unaware,published,unpublished
aware,unaware,realistic,unrealistic
aware,unaware,reasonable,unreasonable
aware,unaware,related,unrelated
aware,unaware,reliable,unreliable
aware,unaware,resolved,unresolved
aware,unaware,restricted,unrestricted
aware,unaware,satisfactory,unsatisfactory
aware,unaware,specified,unspecified
aware,unaware,successful,unsuccessful
aware,unaware,suitable,unsuitable
aware,unaware,sustainable,unsustainable
aware,unaware,used,unused
aware,unaware,usual,unusual
aware,unaware,veiled,unveiled
aware,unaware,wanted,unwanted
believable,unbelievable,biased,unbiased
believable,unbelievable,certain,uncertain
believable,unbelievable,changed,unchanged
believable,unbelievable,comfortable,uncomfortable
believable,unbelievable,conditional,unconditional
believable,unbelievable,conscious,unconscious
believable,unbelievable,controlled,uncontrolled
believable,unbelievable,desirable,undesirable
believable,unbelievable,employed,unemployed
believable,unbelievable,expected,unexpected
believable,unbelievable,finished,unfinished
believable,unbelievable,forgettable,unforgettable
believable,unbelievable,fortunate,unfortunate
believable,unbelievable,happy,unhappy
believable,unbelievable,healthy,unhealthy
believable,unbelievable,identified,unidentified
believable,unbelievable,intended,unintended
believable,unbelievable,interrupted,uninterrupted
believable,unbelievable,known,unknown
believable,unbelievable,lawful,unlawful
believable,unbelievable,lucky,unlucky
believable,unbelievable,noticed,unnoticed
believable,unbelievable,paid,unpaid
believable,unbelievable,pleasant,unpleasant
believable,unbelievable,popular,unpopular
believable,unbelievable,predictable,unpredictable
believable,unbelievable,published,unpublished
believable,unbelievable,realistic,unrealistic
believable,unbelievable,reasonable,unreasonable
believable,unbelievable,related,unrelated
believable,unbelievable,reliable,unreliable
believable,unbelievable,resolved,unresolved
believable,unbelievable,restricted,unrestricted
believable,unbelievable,satisfactory,unsatisfactory
believable,unbelievable,specified,unspecified
believable,unbelievable,successful,unsuccessful
believable,unbelievable,suitable,unsuitable
believable,unbelievable,sustainable,unsustainable
believable,unbelievable,used,unused
believable,unbelievable,usual,unusual
believable,unbelievable,veiled,unveiled
believable,unbelievable,wanted,unwanted
biased,unbiased,certain,uncertain
biased,unbiased,changed,unchanged
biased,unbiased,comfortable,uncomfortable
biased,unbiased,conditional,unconditional
biased,unbiased,conscious,unconscious
biased,unbiased,controlled,uncontrolled
biased,unbiased,desirable,undesirable
biased,unbiased,employed,unemployed
biased,unbiased,expected,unexpected
biased,unbiased,finished,unfinished
biased,unbiased,forgettable,unforgettable
biased,unbiased,fortunate,unfortunate
biased,unbiased,happy,unhappy
biased,unbiased,healthy,unhealthy
biased,unbiased,identified,unidentified
biased,unbiased,intended,unintended
biased,unbiased,interrupted,uninterrupted
biased,unbiased,known,unknown
biased,unbiased,lawful,unlawful
biased,unbiased,lucky,unlucky
biased,unbiased,noticed,unnoticed
biased,unbiased,paid,unpaid
biased,unbiased,pleasant,unpleasant
biased,unbiased,popular,unpopular
biased,unbiased,predictable,unpredictable
biased,unbiased,published,unpublished
biased,unbiased,realistic,unrealistic
biased,unbiased,reasonable,unreasonable
biased,unbiased,related,unrelated
biased,unbiased,reliable,unreliable
biased,unbiased,resolved,unresolved
biased,unbiased,restricted,unrestricted
biased,unbiased,satisfactory,unsatisfactory
biased,unbiased,specified,unspecified
biased,unbiased,successful,unsuccessful
biased,unbiased,suitable,unsuitable
biased,unbiased,sustainable,unsustainable
biased,unbiased,used,unused
biased,unbiased,usual,unusual
biased,unbiased,veiled,unveiled
biased,unbiased,wanted,unwanted
certain,uncertain,changed,unchanged
certain,uncertain,comfortable,uncomfortable
certain,uncertain,conditional,unconditional
certain,uncertain,conscious,unconscious
certain,uncertain,controlled,uncontrolled
certain,uncertain,desirable,undesirable
certain,uncertain,employed,unemployed
certain,uncertain,expected,unexpected
certain,uncertain,finished,unfinished
certain,uncertain,forgettable,unforgettable
certain,uncertain,fortunate,unfortunate
certain,uncertain,happy,unhappy
certain,uncertain,healthy,unhealthy
certain,uncertain,identified,unidentified
certain,uncertain,intended,unintended
certain,uncertain,interrupted,uninterrupted
certain,uncertain,known,unknown
certain,uncertain,lawful,unlawful
certain,uncertain,lucky,unlucky
certain,uncertain,noticed,unnoticed
certain,uncertain,paid,unpaid
certain,uncertain,pleasant,unpleasant
certain,uncertain,popular,unpopular
certain,uncertain,predictable,unpredictable
certain,uncertain,published,unpublished
certain,uncertain,realistic,unrealistic
certain,uncertain,reasonable,unreasonable
certain,uncertain,related,unrelated
certain,uncertain,reliable,unreliable
certain,uncertain,resolved,unresolved
certain,uncertain,restricted,unrestricted
certain,uncertain,satisfactory,unsatisfactory
certain,uncertain,specified,unspecified
certain,uncertain,successful,unsuccessful
certain,uncertain,suitable,unsuitable
certain,uncertain,sustainable,unsustainable
certain,uncertain,used,unused
certain,uncertain,usual,unusual
certain,uncertain,veiled,unveiled
certain,uncertain,wanted,unwanted
changed,unchanged,comfortable,uncomfortable
changed,unchanged,conditional,unconditional
changed,unchanged,conscious,unconscious
changed,unchanged,controlled,uncontrolled
changed,unchanged,desirable,undesirable
changed,unchanged,employed,unemployed
changed,unchanged,expected,unexpected
changed,unchanged,finished,unfinished
changed,unchanged,forgettable,unforgettable
changed,unchanged,fortunate,unfortunate
changed,unchanged,happy,unhappy
changed,unchanged,healthy,unhealthy
changed,unchanged,identified,unidentified
changed,unchanged,intended,unintended
changed,unchanged,interrupted,uninterrupted
changed,unchanged,known,unknown
changed,unchanged,lawful,unlawful
changed,unchanged,lucky,unlucky
changed,unchanged,noticed,unnoticed
changed,unchanged,paid,unpaid
changed,unchanged,pleasant,unpleasant
changed,unchanged,popular,unpopular
changed,unchanged,predictable,unpredictable
changed,unchanged,published,unpublished
changed,unchanged,realistic,unrealistic
changed,unchanged,reasonable,unreasonable
changed,unchanged,related,unrelated
changed,unchanged,reliable,unreliable
changed,unchanged,resolved,unresolved
changed,unchanged,restricted,unrestricted
changed,unchanged,satisfactory,unsatisfactory
changed,unchanged,specified,unspecified
changed,unchanged,successful,unsuccessful
changed,unchanged,suitable,unsuitable
changed,unchanged,sustainable,unsustainable
changed,unchanged,used,unused
changed,unchanged,usual,unusual
changed,unchanged,veiled,unveiled
changed,unchanged,wanted,unwanted
comfortable,uncomfortable,conditional,unconditional
comfortable,uncomfortable,conscious,unconscious
comfortable,uncomfortable,controlled,uncontrolled
comfortable,uncomfortable,desirable,undesirable
comfortable,uncomfortable,employed,unemployed
comfortable,uncomfortable,expected,unexpected
comfortable,uncomfortable,finished,unfinished
comfortable,uncomfortable,forgettable,unforgettable
comfortable,uncomfortable,fortunate,unfortunate
comfortable,uncomfortable,happy,unhappy
comfortable,uncomfortable,healthy,unhealthy
comfortable,uncomfortable,identified,unidentified
comfortable,uncomfortable,intended,unintended
comfortable,uncomfortable,interrupted,uninterrupted
comfortable,uncomfortable,known,unknown
comfortable,uncomfortable,lawful,unlawful
comfortable,uncomfortable,lucky,unlucky
comfortable,uncomfortable,noticed,unnoticed
comfortable,uncomfortable,paid,unpaid
comfortable,uncomfortable,pleasant,unpleasant
comfortable,uncomfortable,popular,unpopular
comfortable,uncomfortable,predictable,unpredictable
comfortable,uncomfortable,published,unpublished
comfortable,uncomfortable,realistic,unrealistic
comfortable,uncomfortable,reasonable,unreasonable
comfortable,uncomfortable,related,unrelated
comfortable,uncomfortable,reliable,unreliable
comfortable,uncomfortable,resolved,unresolved
comfortable,uncomfortable,restricted,unrestricted
comfortable,uncomfortable,satisfactory,unsatisfactory
comfortable,uncomfortable,specified,unspecified
comfortable,uncomfortable,successful,unsuccessful
comfortable,uncomfortable,suitable,unsuitable
comfortable,uncomfortable,sustainable,unsustainable
comfortable,uncomfortable,used,unused
comfortable,uncomfortable,usual,unusual
comfortable,uncomfortable,veiled,unveiled
comfortable,uncomfortable,wanted,unwanted
conditional,unconditional,conscious,unconscious
conditional,unconditional,controlled,uncontrolled
conditional,unconditional,desirable,undesirable
conditional,unconditional,employed,unemployed
conditional,unconditional,expected,unexpected
conditional,unconditional,finished,unfinished
conditional,unconditional,forgettable,unforgettable
conditional,unconditional,fortunate,unfortunate
conditional,unconditional,happy,unhappy
conditional,unconditional,healthy,unhealthy
conditional,unconditional,identified,unidentified
conditional,unconditional,intended,unintended
conditional,unconditional,interrupted,uninterrupted
conditional,unconditional,known,unknown
conditional,unconditional,lawful,unlawful
conditional,unconditional,lucky,unlucky
conditional,unconditional,noticed,unnoticed
conditional,unconditional,paid,unpaid
conditional,unconditional,pleasant,unpleasant
conditional,unconditional,popular,unpopular
conditional,unconditional,predictable,unpredictable
conditional,unconditional,published,unpublished
conditional,unconditional,realistic,unrealistic
conditional,unconditional,reasonable,unreasonable
conditional,unconditional,related,unrelated
conditional,unconditional,reliable,unreliable
conditional,unconditional,resolved,unresolved
conditional,unconditional,restricted,unrestricted
conditional,unconditional,satisfactory,unsatisfactory
conditional,unconditional,specified,unspecified
conditional,unconditional,successful,unsuccessful
conditional,unconditional,suitable,unsuitable
conditional,unconditional,sustainable,unsustainable
conditional,unconditional,used,unused
conditional,unconditional,usual,unusual
conditional,unconditional,veiled,unveiled
conditional,unconditional,wanted,unwanted
conscious,unconscious,controlled,uncontrolled
conscious,unconscious,desirable,undesirable
conscious,unconscious,employed,unemployed
conscious,unconscious,expected,unexpected
conscious,unconscious,finished,unfinished
conscious,unconscious,forgettable,unforgettable
conscious,unconscious,fortunate,unfortunate
conscious,unconscious,happy,unhappy
conscious,unconscious,healthy,unhealthy
conscious,unconscious,identified,unidentified
conscious,unconscious,intended,unintended
conscious,unconscious,interrupted,uninterrupted
conscious,unconscious,known,unknown
conscious,unconscious,lawful,unlawful
conscious,unconscious,lucky,unlucky
conscious,unconscious,noticed,unnoticed
conscious,unconscious,paid,unpaid
conscious,unconscious,pleasant,unpleasant
conscious,unconscious,popular,unpopular
conscious,unconscious,predictable,unpredictable
conscious,unconscious,published,unpublished
conscious,unconscious,realistic,unrealistic
conscious,unconscious,reasonable,unreasonable
conscious,unconscious,related,unrelated
conscious,unconscious,reliable,unreliable
conscious,unconscious,resolved,unresolved
conscious,unconscious,restricted,unrestricted
conscious,unconscious,satisfactory,unsatisfactory
conscious,unconscious,specified,unspecified
conscious,unconscious,successful,unsuccessful
conscious,unconscious,suitable,unsuitable
conscious,unconscious,sustainable,unsustainable
conscious,unconscious,used,unused
conscious,unconscious,usual,unusual
conscious,unconscious,veiled,unveiled
conscious,unconscious,wanted,unwanted
controlled,uncontrolled,desirable,undesirable
controlled,uncontrolled,employed,unemployed
controlled,uncontrolled,expected,unexpected
controlled,uncontrolled,finished,unfinished
controlled,uncontrolled,forgettable,unforgettable
controlled,uncontrolled,fortunate,unfortunate
controlled,uncontrolled,happy,unhappy
controlled,uncontrolled,healthy,unhealthy
controlled,uncontrolled,identified,unidentified
controlled,uncontrolled,intended,unintended
controlled,uncontrolled,interrupted,uninterrupted
controlled,uncontrolled,known,unknown
controlled,uncontrolled,lawful,unlawful
controlled,uncontrolled,lucky,unlucky
controlled,uncontrolled,noticed,unnoticed
controlled,uncontrolled,paid,unpaid
controlled,uncontrolled,pleasant,unpleasant
controlled,uncontrolled,popular,unpopular
controlled,uncontrolled,predictable,unpredictable
controlled,uncontrolled,published,unpublished
controlled,uncontrolled,realistic,unrealistic
controlled,uncontrolled,reasonable,unreasonable
controlled,uncontrolled,related,unrelated
controlled,uncontrolled,reliable,unreliable
controlled,uncontrolled,resolved,unresolved
controlled,uncontrolled,restricted,unrestricted
controlled,uncontrolled,satisfactory,unsatisfactory
controlled,uncontrolled,specified,unspecified
controlled,uncontrolled,successful,unsuccessful
controlled,uncontrolled,suitable,unsuitable
controlled,uncontrolled,sustainable,unsustainable
controlled,uncontrolled,used,unused
controlled,uncontrolled,usual,unusual
controlled,uncontrolled,veiled,unveiled
controlled,uncontrolled,wanted,unwanted
desirable,undesirable,employed,unemployed
desirable,undesirable,expected,unexpected
desirable,undesirable,finished,unfinished
desirable,undesirable,forgettable,unforgettable
desirable,undesirable,fortunate,unfortunate
desirable,undesirable,happy,unhappy
desirable,undesirable,healthy,unhealthy
desirable,undesirable,identified,unidentified
desirable,undesirable,intended,unintended
desirable,undesirable,interrupted,uninterrupted
desirable,undesirable,known,unknown
desirable,undesirable,lawful,unlawful
desirable,undesirable,lucky,unlucky
desirable,undesirable,noticed,unnoticed
desirable,undesirable,paid,unpaid
desirable,undesirable,pleasant,unpleasant
desirable,undesirable,popular,unpopular
desirable,undesirable,predictable,unpredictable
desirable,undesirable,published,unpublished
desirable,undesirable,realistic,unrealistic
desirable,undesirable,reasonable,unreasonable
desirable,undesirable,related,unrelated
desirable,undesirable,reliable,unreliable
desirable,undesirable,resolved,unresolved
desirable,undesirable,restricted,unrestricted
desirable,undesirable,satisfactory,unsatisfactory
desirable,undesirable,specified,unspecified
desirable,undesirable,successful,unsuccessful
desirable,undesirable,suitable,unsuitable
desirable,undesirable,sustainable,unsustainable
desirable,undesirable,used,unused
desirable,undesirable,usual,unusual
desirable,undesirable,veiled,unveiled
desirable,undesirable,wanted,unwanted
employed,unemployed,expected,unexpected
employed,unemployed,finished,unfinished
employed,unemployed,forgettable,unforgettable
employed,unemployed,fortunate,unfortunate
employed,unemployed,happy,unhappy
employed,unemployed,healthy,unhealthy
employed,unemployed,identified,unidentified
employed,unemployed,intended,unintended
employed,unemployed,interrupted,uninterrupted
employed,unemployed,known,unknown
employed,unemployed,lawful,unlawful
employed,unemployed,lucky,unlucky
employed,unemployed,noticed,unnoticed
employed,unemployed,paid,unpaid
employed,unemployed,pleasant,unpleasant
employed,unemployed,popular,unpopular
employed,unemployed,predictable,unpredictable
employed,unemployed,published,unpublished
employed,unemployed,realistic,unrealistic
employed,unemployed,reasonable,unreasonable
employed,unemployed,related,unrelated
employed,unemployed,reliable,unreliable
employed,unemployed,resolved,unresolved
employed,unemployed,restricted,unrestricted
employed,unemployed,satisfactory,unsatisfactory
employed,unemployed,specified,unspecified
employed,unemployed,successful,unsuccessful
employed,unemployed,suitable,unsuitable
employed,unemployed,sustainable,unsustainable
employed,unemployed,used,unused
employed,unemployed,usual,unusual
employed,unemployed,veiled,unveiled
employed,unemployed,wanted,unwanted
expected,unexpected,finished,unfinished
expected,unexpected,forgettable,unforgettable
expected,unexpected,fortunate,unfortunate
expected,unexpected,happy,unhappy
expected,unexpected,healthy,unhealthy
expected,unexpected,identified,unidentified
expected,unexpected,intended,unintended
expected,unexpected,interrupted,uninterrupted
expected,unexpected,known,unknown
expected,unexpected,lawful,unlawful
expected,unexpected,lucky,unlucky
expected,unexpected,noticed,unnoticed
expected,unexpected,paid,unpaid
expected,unexpected,pleasant,unpleasant
expected,unexpected,popular,unpopular
expected,unexpected,predictable,unpredictable
expected,unexpected,published,unpublished
expected,unexpected,realistic,unrealistic
expected,unexpected,reasonable,unreasonable
expected,unexpected,related,unrelated
expected,unexpected,reliable,unreliable
expected,unexpected,resolved,unresolved
expected,unexpected,restricted,unrestricted
expected,unexpected,satisfactory,unsatisfactory
expected,unexpected,specified,unspecified
expected,unexpected,successful,unsuccessful
expected,unexpected,suitable,unsuitable
expected,unexpected,sustainable,unsustainable
expected,unexpected,used,unused
expected,unexpected,usual,unusual
expected,unexpected,veiled,unveiled
expected,unexpected,wanted,unwanted
finished,unfinished,forgettable,unforgettable
finished,unfinished,fortunate,unfortunate
finished,unfinished,happy,unhappy
finished,unfinished,healthy,unhealthy
finished,unfinished,identified,unidentified
finished,unfinished,intended,unintended
finished,unfinished,interrupted,uninterrupted
finished,unfinished,known,unknown
finished,unfinished,lawful,unlawful
finished,unfinished,lucky,unlucky
finished,unfinished,noticed,unnoticed
finished,unfinished,paid,unpaid
finished,unfinished,pleasant,unpleasant
finished,unfinished,popular,unpopular
finished,unfinished,predictable,unpredictable
finished,unfinished,published,unpublished
finished,unfinished,realistic,unrealistic
finished,unfinished,reasonable,unreasonable
finished,unfinished,related,unrelated
finished,unfinished,reliable,unreliable
finished,unfinished,resolved,unresolved
finished,unfinished,restricted,unrestricted
finished,unfinished,satisfactory,unsatisfactory
finished,unfinished,specified,unspecified
finished,unfinished,successful,unsuccessful
finished,unfinished,suitable,unsuitable
finished,unfinished,sustainable,unsustainable
finished,unfinished,used,unused
finished,unfinished,usual,unusual
finished,unfinished,veiled,unveiled
finished,unfinished,wanted,unwanted
forgettable,unforgettable,fortunate,unfortunate
forgettable,unforgettable,happy,unhappy
forgettable,unforgettable,healthy,unhealthy
forgettable,unforgettable,identified,unidentified
forgettable,unforgettable,intended,unintended
forgettable,unforgettable,interrupted,uninterrupted
forgettable,unforgettable,known,unknown
forgettable,unforgettable,lawful,unlawful
forgettable,unforgettable,lucky,unlucky
forgettable,unforgettable,noticed,unnoticed
forgettable,unforgettable,paid,unpaid
forgettable,unforgettable,pleasant,unpleasant
forgettable,unforgettable,popular,unpopular
forgettable,unforgettable,predictable,unpredictable
forgettable,unforgettable,published,unpublished
forgettable,unforgettable,realistic,unrealistic
forgettable,unforgettable,reasonable,unreasonable
forgettable,unforgettable,related,unrelated
forgettable,unforgettable,reliable,unreliable
forgettable,unforgettable,resolved,unresolved
forgettable,unforgettable,restricted,unrestricted
forgettable,unforgettable,satisfactory,unsatisfactory
forgettable,unforgettable,specified,unspecified
forgettable,unforgettable,successful,unsuccessful
forgettable,unforgettable,suitable,unsuitable
forgettable,unforgettable,sustainable,unsustainable
forgettable,unforgettable,used,unused
forgettable,unforgettable,usual,unusual
forgettable,unforgettable,veiled,unveiled
forgettable,unforgettable,wanted,unwanted
fortunate,unfortunate,happy,unhappy
fortunate,unfortunate,healthy,unhealthy
fortunate,unfortunate,identified,unidentified
fortunate,unfortunate,intended,unintended
fortunate,unfortunate,interrupted,uninterrupted
fortunate,unfortunate,known,unknown
fortunate,unfortunate,lawful,unlawful
fortunate,unfortunate,lucky,unlucky
fortunate,unfortunate,noticed,unnoticed
fortunate,unfortunate,paid,unpaid
fortunate,unfortunate,pleasant,unpleasant
fortunate,unfortunate,popular,unpopular
fortunate,unfortunate,predictable,unpredictable
fortunate,unfortunate,published,unpublished
fortunate,unfortunate,realistic,unrealistic
fortunate,unfortunate,reasonable,unreasonable
fortunate,unfortunate,related,unrelated
fortunate,unfortunate,reliable,unreliable
fortunate,unfortunate,resolved,unresolved
fortunate,unfortunate,restricted,unrestricted
fortunate,unfortunate,satisfactory,unsatisfactory
fortunate,unfortunate,specified,unspecified
fortunate,unfortunate,successful,unsuccessful
fortunate,unfortunate,suitable,unsuitable
fortunate,unfortunate,sustainable,unsustainable
fortunate,unfortunate,used,unused
fortunate,unfortunate,usual,unusual
fortunate,unfortunate,veiled,unveiled
fortunate,unfortunate,wanted,unwanted
happy,unhappy,healthy,unhealthy
happy,unhappy,identified,unidentified
happy,unhappy,intended,unintended
happy,unhappy,interrupted,uninterrupted
happy,unhappy,known,unknown
happy,unhappy,lawful,unlawful
happy,unhappy,lucky,unlucky
happy,unhappy,noticed,unnoticed
happy,unhappy,paid,unpaid
happy,unhappy,pleasant,unpleasant
happy,unhappy,popular,unpopular
happy,unhappy,predictable,unpredictable
happy,unhappy,published,unpublished
happy,unhappy,realistic,unrealistic
happy,unhappy,reasonable,unreasonable
happy,unhappy,related,unrelated
happy,unhappy,reliable,unreliable
happy,unhappy,resolved,unresolved
happy,unhappy,restricted,unrestricted
happy,unhappy,satisfactory,unsatisfactory
happy,unhappy,specified,unspecified
happy,unhappy,successful,unsuccessful
happy,unhappy,suitable,unsuitable
happy,unhappy,sustainable,unsustainable
happy,unhappy,used,unused
happy,unhappy,usual,unusual
happy,unhappy,veiled,unveiled
happy,unhappy,wanted,unwanted
healthy,unhealthy,identified,unidentified
healthy,unhealthy,intended,unintended
healthy,unhealthy,interrupted,uninterrupted
healthy,unhealthy,known,unknown
healthy,unhealthy,lawful,unlawful
healthy,unhealthy,lucky,unlucky
healthy,unhealthy,noticed,unnoticed
healthy,unhealthy,paid,unpaid
healthy,unhealthy,pleasant,unpleasant
healthy,unhealthy,popular,unpopular
healthy,unhealthy,predictable,unpredictable
healthy,unhealthy,published,unpublished
healthy,unhealthy,realistic,unrealistic
healthy,unhealthy,reasonable,unreasonable
healthy,unhealthy,related,unrelated
healthy,unhealthy,reliable,unreliable
healthy,unhealthy,resolved,unresolved
healthy,unhealthy,restricted,unrestricted
healthy,unhealthy,satisfactory,unsatisfactory
healthy,unhealthy,specified,unspecified
healthy,unhealthy,successful,unsuccessful
healthy,unhealthy,suitable,unsuitable
healthy,unhealthy,sustainable,unsustainable
healthy,unhealthy,used,unused
healthy,unhealthy,usual,unusual
healthy,unhealthy,veiled,unveiled
healthy,unhealthy,wanted,unwanted
identified,unidentified,intended,unintended
identified,unidentified,interrupted,uninterrupted
identified,unidentified,known,unknown
identified,unidentified,lawful,unlawful
identified,unidentified,lucky,unlucky
identified,unidentified,noticed,unnoticed
identified,unidentified,paid,unpaid
identified,unidentified,pleasant,unpleasant
identified,unidentified,popular,unpopular
identified,unidentified,predictable,unpredictable
identified,unidentified,published,unpublished
identified,unidentified,realistic,unrealistic
identified,unidentified,reasonable,unreasonable
identified,unidentified,related,unrelated
identified,unidentified,reliable,unreliable
identified,unidentified,resolved,unresolved
identified,unidentified,restricted,unrestricted
identified,unidentified,satisfactory,unsatisfactory
identified,unidentified,specified,unspecified
identified,unidentified,successful,unsuccessful
identified,unidentified,suitable,unsuitable
identified,unidentified,sustainable,unsustainable
identified,unidentified,used,unused
identified,unidentified,usual,unusual
identified,unidentified,veiled,unveiled
identified,unidentified,wanted,unwanted
intended,unintended,interrupted,uninterrupted
intended,unintended,known,unknown
intended,unintended,lawful,unlawful
intended,unintended,lucky,unlucky
intended,unintended,noticed,unnoticed
intended,unintended,paid,unpaid
intended,unintended,pleasant,unpleasant
intended,unintended,popular,unpopular
intended,unintended,predictable,unpredictable
intended,unintended,published,unpublished
intended,unintended,realistic,unrealistic
intended,unintended,reasonable,unreasonable
intended,unintended,related,unrelated
intended,unintended,reliable,unreliable
intended,unintended,resolved,unresolved
intended,unintended,restricted,unrestricted
intended,unintended,satisfactory,unsatisfactory
intended,unintended,specified,unspecified
intended,unintended,successful,unsuccessful
intended,unintended,suitable,unsuitable
intended,unintended,sustainable,unsustainable
intended,unintended,used,unused
intended,unintended,usual,unusual
intended,unintended,veiled,unveiled
intended,unintended,wanted,unwanted
interrupted,uninterrupted,known,unknown
interrupted,uninterrupted,lawful,unlawful
interrupted,uninterrupted,lucky,unlucky
interrupted,uninterrupted,noticed,unnoticed
interrupted,uninterrupted,paid,unpaid
interrupted,uninterrupted,pleasant,unpleasant
interrupted,uninterrupted,popular,unpopular
interrupted,uninterrupted,predictable,unpredictable
interrupted,uninterrupted,published,unpublished
interrupted,uninterrupted,realistic,unrealistic
interrupted,uninterrupted,reasonable,unreasonable
interrupted,uninterrupted,related,unrelated
interrupted,uninterrupted,reliable,unreliable
interrupted,uninterrupted,resolved,unresolved
interrupted,uninterrupted,restricted,unrestricted
interrupted,uninterrupted,satisfactory,unsatisfactory
interrupted,uninterrupted,specified,unspecified
interrupted,uninterrupted,successful,unsuccessful
interrupted,uninterrupted,suitable,unsuitable
interrupted,uninterrupted,sustainable,unsustainable
interrupted,uninterrupted,used,unused
interrupted,uninterrupted,usual,unusual
interrupted,uninterrupted,veiled,unveiled
interrupted,uninterrupted,wanted,unwanted
known,unknown,lawful,unlawful
known,unknown,lucky,unlucky
known,unknown,noticed,unnoticed
known,unknown,paid,unpaid
known,unknown,pleasant,unpleasant
known,unknown,popular,unpopular
known,unknown,predictable,unpredictable
known,unknown,published,unpublished
known,unknown,realistic,unrealistic
known,unknown,reasonable,unreasonable
known,unknown,related,unrelated
known,unknown,reliable,unreliable
known,unknown,resolved,unresolved
known,unknown,restricted,unrestricted
known,unknown,satisfactory,unsatisfactory
known,unknown,specified,unspecified
known,unknown,successful,unsuccessful
known,unknown,suitable,unsuitable
known,unknown,sustainable,unsustainable
known,unknown,used,unused
known,unknown,usual,unusual
known,unknown,veiled,unveiled
known,unknown,wanted,unwanted
lawful,unlawful,lucky,unlucky
lawful,unlawful,noticed,unnoticed
lawful,unlawful,paid,unpaid
lawful,unlawful,pleasant,unpleasant
lawful,unlawful,popular,unpopular
lawful,unlawful,predictable,unpredictable
lawful,unlawful,published,unpublished
lawful,unlawful,realistic,unrealistic
lawful,unlawful,reasonable,unreasonable
lawful,unlawful,related,unrelated
lawful,unlawful,reliable,unreliable
lawful,unlawful,resolved,unresolved
lawful,unlawful,restricted,unrestricted
lawful,unlawful,satisfactory,unsatisfactory
lawful,unlawful,specified,unspecified
lawful,unlawful,successful,unsuccessful
lawful,unlawful,suitable,unsuitable
lawful,unlawful,sustainable,unsustainable
lawful,unlawful,used,unused
lawful,unlawful,usual,unusual
lawful,unlawful,veiled,unveiled
lawful,unlawful,wanted,unwanted
lucky,unlucky,noticed,unnoticed
lucky,unlucky,paid,unpaid
lucky,unlucky,pleasant,unpleasant
lucky,unlucky,popular,unpopular
lucky,unlucky,predictable,unpredictable
lucky,unlucky,published,unpublished
lucky,unlucky,realistic,unrealistic
lucky,unlucky,reasonable,unreasonable
lucky,unlucky,related,unrelated
lucky,unlucky,reliable,unreliable
lucky,unlucky,resolved,unresolved
lucky,unlucky,restricted,unrestricted
lucky,unlucky,satisfactory,unsatisfactory
lucky,unlucky,specified,unspecified
lucky,unlucky,successful,unsuccessful
lucky,unlucky,suitable,unsuitable
lucky,unlucky,sustainable,unsustainable
lucky,unlucky,used,unused
lucky,unlucky,usual,unusual
lucky,unlucky,veiled,unveiled
lucky,unlucky,wanted,unwanted
noticed,unnoticed,paid,unpaid
noticed,unnoticed,pleasant,unpleasant
noticed,unnoticed,popular,unpopular
noticed,unnoticed,predictable,unpredictable
noticed,unnoticed,published,unpublished
noticed,unnoticed,realistic,unrealistic
noticed,unnoticed,reasonable,unreasonable
noticed,unnoticed,related,unrelated
noticed,unnoticed,reliable,unreliable
noticed,unnoticed,resolved,unresolved
noticed,unnoticed,restricted,unrestricted
noticed,unnoticed,satisfactory,unsatisfactory
noticed,unnoticed,specified,unspecified
noticed,unnoticed,successful,unsuccessful
noticed,unnoticed,suitable,unsuitable
noticed,unnoticed,sustainable,unsustainable
noticed,unnoticed,used,unused
noticed,unnoticed,usual,unusual
noticed,unnoticed,veiled,unveiled
noticed,unnoticed,wanted,unwanted
paid,unpaid,pleasant,unpleasant
paid,unpaid,popular,unpopular
paid,unpaid,predictable,unpredictable
paid,unpaid,published,unpublished
paid,unpaid,realistic,unrealistic
paid,unpaid,reasonable,unreasonable
paid,unpaid,related,unrelated
paid,unpaid,reliable,unreliable
paid,unpaid,resolved,unresolved
paid,unpaid,restricted,unrestricted
paid,unpaid,satisfactory,unsatisfactory
paid,unpaid,specified,unspecified
paid,unpaid,successful,unsuccessful
paid,unpaid,suitable,unsuitable
paid,unpaid,sustainable,unsustainable
paid,unpaid,used,unused
paid,unpaid,usual,unusual
paid,unpaid,veiled,unveiled
paid,unpaid,wanted,unwanted
pleasant,unpleasant,popular,unpopular
pleasant,unpleasant,predictable,unpredictable
pleasant,unpleasant,published,unpublished
pleasant,unpleasant,realistic,unrealistic
pleasant,unpleasant,reasonable,unreasonable
pleasant,unpleasant,related,unrelated
pleasant,unpleasant,reliable,unreliable
pleasant,unpleasant,resolved,unresolved
pleasant,unpleasant,restricted,unrestricted
pleasant,unpleasant,satisfactory,unsatisfactory
pleasant,unpleasant,specified,unspecified
pleasant,unpleasant,successful,unsuccessful
pleasant,unpleasant,suitable,unsuitable
pleasant,unpleasant,sustainable,unsustainable
pleasant,unpleasant,used,unused
pleasant,unpleasant,usual,unusual
pleasant,unpleasant,veiled,unveiled
pleasant,unpleasant,wanted,unwanted
popular,unpopular,predictable,unpredictable
popular,unpopular,published,unpublished
popular,unpopular,realistic,unrealistic
popular,unpopular,reasonable,unreasonable
popular,unpopular,related,unrelated
popular,unpopular,reliable,unreliable
popular,unpopular,resolved,unresolved
popular,unpopular,restricted,unrestricted
popular,unpopular,satisfactory,unsatisfactory
popular,unpopular,specified,unspecified
popular,unpopular,successful,unsuccessful
popular,unpopular,suitable,unsuitable
popular,unpopular,sustainable,unsustainable
popular,unpopular,used,unused
popular,unpopular,usual,unusual
popular,unpopular,veiled,unveiled
popular,unpopular,wanted,unwanted
predictable,unpredictable,published,unpublished
predictable,unpredictable,realistic,unrealistic
predictable,unpredictable,reasonable,unreasonable
predictable,unpredictable,related,unrelated
predictable,unpredictable,reliable,unreliable
predictable,unpredictable,resolved,unresolved
predictable,unpredictable,restricted,unrestricted
predictable,unpredictable,satisfactory,unsatisfactory
predictable,unpredictable,specified,unspecified
predictable,unpredictable,successful,unsuccessful
predictable,unpredictable,suitable,unsuitable
predictable,unpredictable,sustainable,unsustainable
predictable,unpredictable,used,unused
predictable,unpredictable,usual,unusual
predictable,unpredictable,veiled,unveiled
predictable,unpredictable,wanted,unwanted
published,unpublished,realistic,unrealistic
published,unpublished,reasonable,unreasonable
published,unpublished,related,unrelated
published,unpublished,reliable,unreliable
published,unpublished,resolved,unresolved
published,unpublished,restricted,unrestricted
published,unpublished,satisfactory,unsatisfactory
published,unpublished,specified,unspecified
published,unpublished,successful,unsuccessful
published,unpublished,suitable,unsuitable
published,unpublished,sustainable,unsustainable
published,unpublished,used,unused
published,unpublished,usual,unusual
published,unpublished,veiled,unveiled
published,unpublished,wanted,unwanted
realistic,unrealistic,reasonable,unreasonable
realistic,unrealistic,related,unrelated
realistic,unrealistic,reliable,unreliable
realistic,unrealistic,resolved,unresolved
realistic,unrealistic,restricted,unrestricted
realistic,unrealistic,satisfactory,unsatisfactory
realistic,unrealistic,specified,unspecified
realistic,unrealistic,successful,unsuccessful
realistic,unrealistic,suitable,unsuitable
realistic,unrealistic,sustainable,unsustainable
realistic,unrealistic,used,unused
realistic,unrealistic,usual,unusual
realistic,unrealistic,veiled,unveiled
realistic,unrealistic,wanted,unwanted
reasonable,unreasonable,related,unrelated
reasonable,unreasonable,reliable,unreliable
reasonable,unreasonable,resolved,unresolved
reasonable,unreasonable,restricted,unrestricted
reasonable,unreasonable,satisfactory,unsatisfactory
reasonable,unreasonable,specified,unspecified
reasonable,unreasonable,successful,unsuccessful
reasonable,unreasonable,suitable,unsuitable
reasonable,unreasonable,sustainable,unsustainable
reasonable,unreasonable,used,unused
reasonable,unreasonable,usual,unusual
reasonable,unreasonable,veiled,unveiled
reasonable,unreasonable,wanted,unwanted
related,unrelated,reliable,unreliable
related,unrelated,resolved,unresolved
related,unrelated,restricted,unrestricted
related,unrelated,satisfactory,unsatisfactory
related,unrelated,specified,unspecified
related,unrelated,successful,unsuccessful
related,unrelated,suitable,unsuitable
related,unrelated,sustainable,unsustainable
related,unrelated,used,unused
related,unrelated,usual,unusual
related,unrelated,veiled,unveiled
related,unrelated,wanted,unwanted
reliable,unreliable,resolved,unresolved
reliable,unreliable,restricted,unrestricted
reliable,unreliable,satisfactory,unsatisfactory
reliable,unreliable,specified,unspecified
reliable,unreliable,successful,unsuccessful
reliable,unreliable,suitable,unsuitable
reliable,unreliable,sustainable,unsustainable
reliable,unreliable,used,unused
reliable,unreliable,usual,unusual
reliable,unreliable,veiled,unveiled
reliable,unreliable,wanted,unwanted
resolved,unresolved,restricted,unrestricted
resolved,unresolved,satisfactory,unsatisfactory
resolved,unresolved,specified,unspecified
resolved,unresolved,successful,unsuccessful
resolved,unresolved,suitable,unsuitable
resolved,unresolved,sustainable,unsustainable
resolved,unresolved,used,unused
resolved,unresolved,usual,unusual
resolved,unresolved,veiled,unveiled
resolved,unresolved,wanted,unwanted
restricted,unrestricted,satisfactory,unsatisfactory
restricted,unrestricted,specified,unspecified
restricted,unrestricted,successful,unsuccessful
restricted,unrestricted,suitable,unsuitable
restricted,unrestricted,sustainable,unsustainable
restricted,unrestricted,used,unused
restricted,unrestricted,usual,unusual
restricted,unrestricted,veiled,unveiled
restricted,unrestricted,wanted,unwanted
satisfactory,unsatisfactory,specified,unspecified
satisfactory,unsatisfactory,successful,unsuccessful
satisfactory,unsatisfactory,suitable,unsuitable
satisfactory,unsatisfactory,sustainable,unsustainable
satisfactory,unsatisfactory,used,unused
satisfactory,unsatisfactory,usual,unusual
satisfactory,unsatisfactory,veiled,unveiled
satisfactory,unsatisfactory,wanted,unwanted
specified,unspecified,successful,unsuccessful
specified,unspecified,suitable,unsuitable
specified,unspecified,sustainable,unsustainable
specified,unspecified,used,unused
specified,unspecified,usual,unusual
specified,unspecified,veiled,unveiled
specified,unspecified,wanted,unwanted
successful,unsuccessful,suitable,unsuitable
successful,unsuccessful,sustainable,unsustainable
successful,unsuccessful,used,unused
successful,unsuccessful,usual,unusual
successful,unsuccessful,veiled,unveiled
successful,unsuccessful,wanted,unwanted
suitable,unsuitable,sustainable,unsustainable
suitable,unsuitable,used,unused
suitable,unsuitable,usual,unusual
suitable,unsuitable,veiled,unveiled
suitable,unsuitable,wanted,unwanted
sustainable,unsustainable,used,unused
sustainable,unsustainable,usual,unusual
sustainable,unsustainable,veiled,unveiled
sustainable,unsustainable,wanted,unwanted
used,unused,usual,unusual
used,unused,veiled,unveiled
used,unused,wanted,unwanted
usual,unusual,veiled,unveiled
usual,unusual,wanted,unwanted
veiled,unveiled,wanted,unwanted
