acquire,reacquire,adjust,readjust
acquire,reacquire,appear,reappear
acquire,reacquire,apply,reapply
acquire,reacquire,appoint,reappoint
acquire,reacquire,arrange,rearrange
acquire,reacquire,assess,reassess
acquire,reacquire,assign,reassign
acquire,reacquire,assure,reassure
acquire,reacquire,calculate,recalculate
acquire,reacquire,commend,recommend
acquire,reacquire,configure,reconfigure
acquire,reacquire,confirm,reconfirm
acquire,reacquire,connect,reconnect
acquire,reacquire,consider,reconsider
acquire,reacquire,create,recreate
acquire,reacquire,decorate,redecorate
acquire,reacquire,deem,redeem
acquire,reacquire,define,redefine
acquire,reacquire,develop,redevelop
acquire,reacquire,discover,rediscover
acquire,reacquire,distribute,redistribute
acquire,reacquire,emerge,reemerge
acquire,reacquire,engage,reengage
acquire,reacquire,establish,reestablish
acquire,reacquire,evaluate,reevaluate
acquire,reacquire,examine,reexamine
acquire,reacquire,generate,regenerate
acquire,reacquire,grow,regrow
acquire,reacquire,install,reinstall
acquire,reacquire,integrate,reintegrate
acquire,reacquire,interpret,reinterpret
acquire,reacquire,introduce,reintroduce
acquire,reacquire,invest,reinvest
acquire,reacquire,investigate,reinvestigate
acquire,reacquire,learn,relearn
acquire,reacquire,locate,relocate
acquire,reacquire,marry,remarry
acquire,reacquire,negotiate,renegotiate
acquire,reacquire,occur,reoccur
acquire,reacquire,organize,reorganize
acquire,reacquire,organize,reorganise
acquire,reacquire,publish,republish
acquire,reacquire,send,resend
acquire,reacquire,solve,resolve
acquire,reacquire,submit,resubmit
acquire,reacquire,tell,retell
acquire,reacquire,unite,reunite
acquire,reacquire,write,rewrite
adjust,readjust,appear,reappear
adjust,readjust,apply,reapply
adjust,readjust,appoint,reappoint
adjust,readjust,arrange,rearrange
adjust,readjust,assess,reassess
adjust,readjust,assign,reassign
adjust,readjust,assure,reassure
adjust,readjust,calculate,recalculate
adjust,readjust,commend,recommend
adjust,readjust,configure,reconfigure
adjust,readjust,confirm,reconfirm
adjust,readjust,connect,reconnect
adjust,readjust,consider,reconsider
adjust,readjust,create,recreate
adjust,readjust,decorate,redecorate
adjust,readjust,deem,redeem
adjust,readjust,define,redefine
adjust,readjust,develop,redevelop
adjust,readjust,discover,rediscover
adjust,readjust,distribute,redistribute
adjust,readjust,emerge,reemerge
adjust,readjust,engage,reengage
adjust,readjust,establish,reestablish
adjust,readjust,evaluate,reevaluate
adjust,readjust,examine,reexamine
adjust,readjust,generate,regenerate
adjust,readjust,grow,regrow
adjust,readjust,install,reinstall
adjust,readjust,integrate,reintegrate
adjust,readjust,interpret,reinterpret
adjust,readjust,introduce,reintroduce
adjust,readjust,invest,reinvest
adjust,readjust,investigate,reinvestigate
adjust,readjust,learn,relearn
adjust,readjust,locate,relocate
adjust,readjust,marry,remarry
adjust,readjust,negotiate,renegotiate
adjust,readjust,occur,reoccur
adjust,readjust,organize,reorganize
adjust,readjust,organize,reorganise
adjust,readjust,publish,republish
adjust,readjust,send,resend
adjust,readjust,solve,resolve
adjust,readjust,submit,resubmit
adjust,readjust,tell,retell
adjust,readjust,unite,reunite
adjust,readjust,write,rewrite
appear,reappear,apply,reapply
appear,reappear,appoint,reappoint
appear,reappear,arrange,rearrange
appear,reappear,assess,reassess
appear,reappear,assign,reassign
appear,reappear,assure,reassure
appear,reappear,calculate,recalculate
appear,reappear,commend,recommend
appear,reappear,configure,reconfigure
appear,reappear,confirm,reconfirm
appear,reappear,connect,reconnect
appear,reappear,consider,reconsider
appear,reappear,create,recreate
appear,reappear,decorate,redecorate
appear,reappear,deem,redeem
appear,reappear,define,redefine
appear,reappear,develop,redevelop
appear,reappear,discover,rediscover
appear,reappear,distribute,redistribute
appear,reappear,emerge,reemerge
appear,reappear,engage,reengage
appear,reappear,establish,reestablish
appear,reappear,evaluate,reevaluate
appear,reappear,examine,reexamine
appear,reappear,generate,regenerate
appear,reappear,grow,regrow
appear,reappear,install,reinstall
appear,reappear,integrate,reintegrate
appear,reappear,interpret,reinterpret
appear,reappear,introduce,reintroduce
appear,reappear,invest,reinvest
appear,reappear,investigate,reinvestigate
appear,reappear,learn,relearn
appear,reappear,locate,relocate
appear,reappear,marry,remarry
appear,reappear,negotiate,renegotiate
appear,reappear,occur,reoccur
appear,reappear,organize,reorganize
appear,reappear,organize,reorganise
appear,reappear,publish,republish
appear,reappear,send,resend
appear,reappear,solve,resolve
appear,reappear,submit,resubmit
appear,reappear,tell,retell
appear,reappear,unite,reunite
appear,reappear,write,rewrite
apply,reapply,appoint,reappoint
apply,reapply,arrange,rearrange
apply,reapply,assess,reassess
apply,reapply,assign,reassign
apply,reapply,assure,reassure
apply,reapply,calculate,recalculate
apply,reapply,commend,recommend
apply,reapply,configure,reconfigure
apply,reapply,confirm,reconfirm
apply,reapply,connect,reconnect
apply,reapply,consider,reconsider
apply,reapply,create,recreate
apply,reapply,decorate,redecorate
apply,reapply,deem,redeem
apply,reapply,define,redefine
apply,reapply,develop,redevelop
apply,reapply,discover,rediscover
apply,reapply,distribute,redistribute
apply,reapply,emerge,reemerge
apply,reapply,engage,reengage
apply,reapply,establish,reestablish
apply,reapply,evaluate,reevaluate
apply,reapply,examine,reexamine
apply,reapply,generate,regenerate
apply,reapply,grow,regrow
apply,reapply,install,reinstall
apply,reapply,integrate,reintegrate
apply,reapply,interpret,reinterpret
apply,reapply,introduce,reintroduce
apply,reapply,invest,reinvest
apply,reapply,investigate,reinvestigate
apply,reapply,learn,relearn
apply,reapply,locate,relocate
apply,reapply,marry,remarry
apply,reapply,negotiate,renegotiate
apply,reapply,occur,reoccur
apply,reapply,organize,reorganize
apply,reapply,organize,reorganise
apply,reapply,publish,republish
apply,reapply,send,resend
apply,reapply,solve,resolve
apply,reapply,submit,resubmit
apply,reapply,tell,retell
apply,reapply,unite,reunite
apply,reapply,write,rewrite
appoint,reappoint,arrange,rearrange
appoint,reappoint,assess,reassess
appoint,reappoint,assign,reassign
appoint,reappoint,assure,reassure
appoint,reappoint,calculate,recalculate
appoint,reappoint,commend,recommend
appoint,reappoint,configure,reconfigure
appoint,reappoint,confirm,reconfirm
appoint,reappoint,connect,reconnect
appoint,reappoint,consider,reconsider
appoint,reappoint,create,recreate
appoint,reappoint,decorate,redecorate
appoint,reappoint,deem,redeem
appoint,reappoint,define,redefine
appoint,reappoint,develop,redevelop
appoint,reappoint,discover,rediscover
appoint,reappoint,distribute,redistribute
appoint,reappoint,emerge,reemerge
appoint,reappoint,engage,reengage
appoint,reappoint,establish,reestablish
appoint,reappoint,evaluate,reevaluate
appoint,reappoint,examine,reexamine
appoint,reappoint,generate,regenerate
appoint,reappoint,grow,regrow
appoint,reappoint,install,reinstall
appoint,reappoint,integrate,reintegrate
appoint,reappoint,interpret,reinterpret
appoint,reappoint,introduce,reintroduce
appoint,reappoint,invest,reinvest
appoint,reappoint,investigate,reinvestigate
appoint,reappoint,learn,relearn
appoint,reappoint,locate,relocate
appoint,reappoint,marry,remarry
appoint,reappoint,negotiate,renegotiate
appoint,reappoint,occur,reoccur
appoint,reappoint,organize,reorganize
appoint,reappoint,organize,reorganise
appoint,reappoint,publish,republish
appoint,reappoint,send,resend
appoint,reappoint,solve,resolve
appoint,reappoint,submit,resubmit
appoint,reappoint,tell,retell
appoint,reappoint,unite,reunite
appoint,reappoint,write,rewrite
arrange,rearrange,assess,reassess
arrange,rearrange,assign,reassign
arrange,rearrange,assure,reassure
arrange,rearrange,calculate,recalculate
arrange,rearrange,commend,recommend
arrange,rearrange,configure,reconfigure
arrange,rearrange,confirm,reconfirm
arrange,rearrange,connect,reconnect
arrange,rearrange,consider,reconsider
arrange,rearrange,create,recreate
arrange,rearrange,decorate,redecorate
arrange,rearrange,deem,redeem
arrange,rearrange,define,redefine
arrange,rearrange,develop,redevelop
arrange,rearrange,discover,rediscover
arrange,rearrange,distribute,redistribute
arrange,rearrange,emerge,reemerge
arrange,rearrange,engage,reengage
arrange,rearrange,establish,reestablish
arrange,rearrange,evaluate,reevaluate
arrange,rearrange,examine,reexamine
arrange,rearrange,generate,regenerate
arrange,rearrange,grow,regrow
arrange,rearrange,install,reinstall
arrange,rearrange,integrate,reintegrate
arrange,rearrange,interpret,reinterpret
arrange,rearrange,introduce,reintroduce
arrange,rearrange,invest,reinvest
arrange,rearrange,investigate,reinvestigate
arrange,rearrange,learn,relearn
arrange,rearrange,locate,relocate
arrange,rearrange,marry,remarry
arrange,rearrange,negotiate,renegotiate
arrange,rearrange,occur,reoccur
arrange,rearrange,organize,reorganize
arrange,rearrange,organize,reorganise
arrange,rearrange,publish,republish
arrange,rearrange,send,resend
arrange,rearrange,solve,resolve
arrange,rearrange,submit,resubmit
arrange,rearrange,tell,retell
arrange,rearrange,unite,reunite
arrange,rearrange,write,rewrite
assess,reassess,assign,reassign
assess,reassess,assure,reassure
assess,reassess,calculate,recalculate
assess,reassess,commend,recommend
assess,reassess,configure,reconfigure
assess,reassess,confirm,reconfirm
assess,reassess,connect,reconnect
assess,reassess,consider,reconsider
assess,reassess,create,recreate
assess,reassess,decorate,redecorate
assess,reassess,deem,redeem
assess,reassess,define,redefine
assess,reassess,develop,redevelop
assess,reassess,discover,rediscover
assess,reassess,distribute,redistribute
assess,reassess,emerge,reemerge
assess,reassess,engage,reengage
assess,reassess,establish,reestablish
assess,reassess,evaluate,reevaluate
assess,reassess,examine,reexamine
assess,reassess,generate,regenerate
assess,reassess,grow,regrow
assess,reassess,install,reinstall
assess,reassess,integrate,reintegrate
assess,reassess,interpret,reinterpret
assess,reassess,introduce,reintroduce
assess,reassess,invest,reinvest
assess,reassess,investigate,reinvestigate
assess,reassess,learn,relearn
assess,reassess,locate,relocate
assess,reassess,marry,remarry
assess,reassess,negotiate,renegotiate
assess,reassess,occur,reoccur
assess,reassess,organize,reorganize
assess,reassess,organize,reorganise
assess,reassess,publish,republish
assess,reassess,send,resend
assess,reassess,solve,resolve
assess,reassess,submit,resubmit
assess,reassess,tell,retell
assess,reassess,unite,reunite
assess,reassess,write,rewrite
assign,reassign,assure,reassure
assign,reassign,calculate,recalculate
assign,reassign,commend,recommend
assign,reassign,configure,reconfigure
assign,reassign,confirm,reconfirm
assign,reassign,connect,reconnect
assign,reassign,consider,reconsider
assign,reassign,create,recreate
assign,reassign,decorate,redecorate
assign,reassign,deem,redeem
assign,reassign,define,redefine
assign,reassign,develop,redevelop
assign,reassign,discover,rediscover
assign,reassign,distribute,redistribute
assign,reassign,emerge,reemerge
assign,reassign,engage,reengage
assign,reassign,establish,reestablish
assign,reassign,evaluate,reevaluate
assign,reassign,examine,reexamine
assign,reassign,generate,regenerate
assign,reassign,grow,regrow
assign,reassign,install,reinstall
assign,reassign,integrate,reintegrate
assign,reassign,interpret,reinterpret
assign,reassign,introduce,reintroduce
assign,reassign,invest,reinvest
assign,reassign,investigate,reinvestigate
assign,reassign,learn,relearn
assign,reassign,locate,relocate
assign,reassign,marry,remarry
assign,reassign,negotiate,renegotiate
assign,reassign,occur,reoccur
assign,reassign,organize,reorganize
assign,reassign,organize,reorganise
assign,reassign,publish,republish
assign,reassign,send,resend
assign,reassign,solve,resolve
assign,reassign,submit,resubmit
assign,reassign,tell,retell
assign,reassign,unite,reunite
assign,reassign,write,rewrite
assure,reassure,calculate,recalculate
assure,reassure,commend,recommend
assure,reassure,configure,reconfigure
assure,reassure,confirm,reconfirm
assure,reassure,connect,reconnect
assure,reassure,consider,reconsider
assure,reassure,create,recreate
assure,reassure,decorate,redecorate
assure,reassure,deem,redeem
assure,reassure,define,redefine
assure,reassure,develop,redevelop
assure,reassure,discover,rediscover
assure,reassure,distribute,redistribute
assure,reassure,emerge,reemerge
assure,reassure,engage,reengage
assure,reassure,establish,reestablish
assure,reassure,evaluate,reevaluate
assure,reassure,examine,reexamine
assure,reassure,generate,regenerate
assure,reassure,grow,regrow
assure,reassure,install,reinstall
assure,reassure,integrate,reintegrate
assure,reassure,interpret,reinterpret
assure,reassure,introduce,reintroduce
assure,reassure,invest,reinvest
assure,reassure,investigate,reinvestigate
assure,reassure,learn,relearn
assure,reassure,locate,relocate
assure,reassure,marry,remarry
assure,reassure,negotiate,renegotiate
assure,reassure,occur,reoccur
assure,reassure,organize,reorganize
assure,reassure,organize,reorganise
assure,reassure,publish,republish
assure,reassure,send,resend
assure,reassure,solve,resolve
assure,reassure,submit,resubmit
assure,reassure,tell,retell
assure,reassure,unite,reunite
assure,reassure,write,rewrite
calculate,recalculate,commend,recommend
calculate,recalculate,configure,reconfigure
calculate,recalculate,confirm,reconfirm
calculate,recalculate,connect,reconnect
calculate,recalculate,consider,reconsider
calculate,recalculate,create,recreate
calculate,recalculate,decorate,redecorate
calculate,recalculate,deem,redeem
calculate,recalculate,define,redefine
calculate,recalculate,develop,redevelop
calculate,recalculate,discover,rediscover
calculate,recalculate,distribute,redistribute
calculate,recalculate,emerge,reemerge
calculate,recalculate,engage,reengage
calculate,recalculate,establish,reestablish
calculate,recalculate,evaluate,reevaluate
calculate,recalculate,examine,reexamine
calculate,recalculate,generate,regenerate
calculate,recalculate,grow,regrow
calculate,recalculate,install,reinstall
calculate,recalculate,integrate,reintegrate
calculate,recalculate,interpret,reinterpret
calculate,recalculate,introduce,reintroduce
calculate,recalculate,invest,reinvest
calculate,recalculate,investigate,reinvestigate
calculate,recalculate,learn,relearn
calculate,recalculate,locate,relocate
calculate,recalculate,marry,remarry
calculate,recalculate,negotiate,renegotiate
calculate,recalculate,occur,reoccur
calculate,recalculate,organize,reorganize
calculate,recalculate,organize,reorganise
calculate,recalculate,publish,republish
calculate,recalculate,send,resend
calculate,recalculate,solve,resolve
calculate,recalculate,submit,resubmit
calculate,recalculate,tell,retell
calculate,recalculate,unite,reunite
calculate,recalculate,write,rewrite
commend,recommend,configure,reconfigure
commend,recommend,confirm,reconfirm
commend,recommend,connect,reconnect
commend,recommend,consider,reconsider
commend,recommend,create,recreate
commend,recommend,decorate,redecorate
commend,recommend,deem,redeem
commend,recommend,define,redefine
commend,recommend,develop,redevelop
commend,recommend,discover,rediscover
commend,recommend,distribute,redistribute
commend,recommend,emerge,reemerge
commend,recommend,engage,reengage
commend,recommend,establish,reestablish
commend,recommend,evaluate,reevaluate
commend,recommend,examine,reexamine
commend,recommend,generate,regenerate
commend,recommend,grow,regrow
commend,recommend,install,reinstall
commend,recommend,integrate,reintegrate
commend,recommend,interpret,reinterpret
commend,recommend,introduce,reintroduce
commend,recommend,invest,reinvest
commend,recommend,investigate,reinvestigate
commend,recommend,learn,relearn
commend,recommend,locate,relocate
commend,recommend,marry,remarry
commend,recommend,negotiate,renegotiate
commend,recommend,occur,reoccur
commend,recommend,organize,reorganize
commend,recommend,organize,reorganise
commend,recommend,publish,republish
commend,recommend,send,resend
commend,recommend,solve,resolve
commend,recommend,submit,resubmit
commend,recommend,tell,retell
commend,recommend,unite,reunite
commend,recommend,write,rewrite
configure,reconfigure,confirm,reconfirm
configure,reconfigure,connect,reconnect
configure,reconfigure,consider,reconsider
configure,reconfigure,create,recreate
configure,reconfigure,decorate,redecorate
configure,reconfigure,deem,redeem
configure,reconfigure,define,redefine
configure,reconfigure,develop,redevelop
configure,reconfigure,discover,rediscover
configure,reconfigure,distribute,redistribute
configure,reconfigure,emerge,reemerge
configure,reconfigure,engage,reengage
configure,reconfigure,establish,reestablish
configure,reconfigure,evaluate,reevaluate
configure,reconfigure,examine,reexamine
configure,reconfigure,generate,regenerate
configure,reconfigure,grow,regrow
configure,reconfigure,install,reinstall
configure,reconfigure,integrate,reintegrate
configure,reconfigure,interpret,reinterpret
configure,reconfigure,introduce,reintroduce
configure,reconfigure,invest,reinvest
configure,reconfigure,investigate,reinvestigate
configure,reconfigure,learn,relearn
configure,reconfigure,locate,relocate
configure,reconfigure,marry,remarry
configure,reconfigure,negotiate,renegotiate
configure,reconfigure,occur,reoccur
configure,reconfigure,organize,reorganize
configure,reconfigure,organize,reorganise
configure,reconfigure,publish,republish
configure,reconfigure,send,resend
configure,reconfigure,solve,resolve
configure,reconfigure,submit,resubmit
configure,reconfigure,tell,retell
configure,reconfigure,unite,reunite
configure,reconfigure,write,rewrite
confirm,reconfirm,connect,reconnect
confirm,reconfirm,consider,reconsider
confirm,reconfirm,create,recreate
confirm,reconfirm,decorate,redecorate
confirm,reconfirm,deem,redeem
confirm,reconfirm,define,redefine
confirm,reconfirm,develop,redevelop
confirm,reconfirm,discover,rediscover
confirm,reconfirm,distribute,redistribute
confirm,reconfirm,emerge,reemerge
confirm,reconfirm,engage,reengage
confirm,reconfirm,establish,reestablish
confirm,reconfirm,evaluate,reevaluate
confirm,reconfirm,examine,reexamine
confirm,reconfirm,generate,regenerate
confirm,reconfirm,grow,regrow
confirm,reconfirm,install,reinstall
confirm,reconfirm,integrate,reintegrate
confirm,reconfirm,interpret,reinterpret
confirm,reconfirm,introduce,reintroduce
confirm,reconfirm,invest,reinvest
confirm,reconfirm,investigate,reinvestigate
confirm,reconfirm,learn,relearn
confirm,reconfirm,locate,relocate
confirm,reconfirm,marry,remarry
confirm,reconfirm,negotiate,renegotiate
confirm,reconfirm,occur,reoccur
confirm,reconfirm,organize,reorganize
confirm,reconfirm,organize,reorganise
confirm,reconfirm,publish,republish
confirm,reconfirm,send,resend
confirm,reconfirm,solve,resolve
confirm,reconfirm,submit,resubmit
confirm,reconfirm,tell,retell
confirm,reconfirm,unite,reunite
confirm,reconfirm,write,rewrite
connect,reconnect,consider,reconsider
connect,reconnect,create,recreate
connect,reconnect,decorate,redecorate
connect,reconnect,deem,redeem
connect,reconnect,define,redefine
connect,reconnect,develop,redevelop
connect,reconnect,discover,rediscover
connect,reconnect,distribute,redistribute
connect,reconnect,emerge,reemerge
connect,reconnect,engage,reengage
connect,reconnect,establish,reestablish
connect,reconnect,evaluate,reevaluate
connect,reconnect,examine,reexamine
connect,reconnect,generate,regenerate
connect,reconnect,grow,regrow
connect,reconnect,install,reinstall
connect,reconnect,integrate,reintegrate
connect,reconnect,interpret,reinterpret
connect,reconnect,introduce,reintroduce
connect,reconnect,invest,reinvest
connect,reconnect,investigate,reinvestigate
connect,reconnect,learn,relearn
connect,reconnect,locate,relocate
connect,reconnect,marry,remarry
connect,reconnect,negotiate,renegotiate
connect,reconnect,occur,reoccur
connect,reconnect,organize,reorganize
connect,reconnect,organize,reorganise
connect,reconnect,publish,republish
connect,reconnect,send,resend
connect,reconnect,solve,resolve
connect,reconnect,submit,resubmit
connect,reconnect,tell,retell
connect,reconnect,unite,reunite
connect,reconnect,write,rewrite
consider,reconsider,create,recreate
consider,reconsider,decorate,redecorate
consider,reconsider,deem,redeem
consider,reconsider,define,redefine
consider,reconsider,develop,redevelop
consider,reconsider,discover,rediscover
consider,reconsider,distribute,redistribute
consider,reconsider,emerge,reemerge
consider,reconsider,engage,reengage
consider,reconsider,establish,reestablish
consider,reconsider,evaluate,reevaluate
consider,reconsider,examine,reexamine
consider,reconsider,generate,regenerate
consider,reconsider,grow,regrow
consider,reconsider,install,reinstall
consider,reconsider,integrate,reintegrate
consider,reconsider,interpret,reinterpret
consider,reconsider,introduce,reintroduce
consider,reconsider,invest,reinvest
consider,reconsider,investigate,reinvestigate
consider,reconsider,learn,relearn
consider,reconsider,locate,relocate
consider,reconsider,marry,remarry
consider,reconsider,negotiate,renegotiate
consider,reconsider,occur,reoccur
consider,reconsider,organize,reorganize
consider,reconsider,organize,reorganise
consider,reconsider,publish,republish
consider,reconsider,send,resend
consider,reconsider,solve,resolve
consider,reconsider,submit,resubmit
consider,reconsider,tell,retell
consider,reconsider,unite,reunite
consider,reconsider,write,rewrite
create,recreate,decorate,redecorate
create,recreate,deem,redeem
create,recreate,define,redefine
create,recreate,develop,redevelop
create,recreate,discover,rediscover
create,recreate,distribute,redistribute
create,recreate,emerge,reemerge
create,recreate,engage,reengage
create,recreate,establish,reestablish
create,recreate,evaluate,reevaluate
create,recreate,examine,reexamine
create,recreate,generate,regenerate
create,recreate,grow,regrow
create,recreate,install,reinstall
create,recreate,integrate,reintegrate
create,recreate,interpret,reinterpret
create,recreate,introduce,reintroduce
create,recreate,invest,reinvest
create,recreate,investigate,reinvestigate
create,recreate,learn,relearn
create,recreate,locate,relocate
create,recreate,marry,remarry
create,recreate,negotiate,renegotiate
create,recreate,occur,reoccur
create,recreate,organize,reorganize
create,recreate,organize,reorganise
create,recreate,publish,republish
create,recreate,send,resend
create,recreate,solve,resolve
create,recreate,submit,resubmit
create,recreate,tell,retell
create,recreate,unite,reunite
create,recreate,write,rewrite
decorate,redecorate,deem,redeem
decorate,redecorate,define,redefine
decorate,redecorate,develop,redevelop
decorate,redecorate,discover,rediscover
decorate,redecorate,distribute,redistribute
decorate,redecorate,emerge,reemerge
decorate,redecorate,engage,reengage
decorate,redecorate,establish,reestablish
decorate,redecorate,evaluate,reevaluate
decorate,redecorate,examine,reexamine
decorate,redecorate,generate,regenerate
decorate,redecorate,grow,regrow
decorate,redecorate,install,reinstall
decorate,redecorate,integrate,reintegrate
decorate,redecorate,interpret,reinterpret
decorate,redecorate,introduce,reintroduce
decorate,redecorate,invest,reinvest
decorate,redecorate,investigate,reinvestigate
decorate,redecorate,learn,relearn
decorate,redecorate,locate,relocate
decorate,redecorate,marry,remarry
decorate,redecorate,negotiate,renegotiate
decorate,redecorate,occur,reoccur
decorate,redecorate,organize,reorganize
decorate,redecorate,organize,reorganise
decorate,redecorate,publish,republish
decorate,redecorate,send,resend
decorate,redecorate,solve,resolve
decorate,redecorate,submit,resubmit
decorate,redecorate,tell,retell
decorate,redecorate,unite,reunite
decorate,redecorate,write,rewrite
deem,redeem,define,redefine
deem,redeem,develop,redevelop
deem,redeem,discover,rediscover
deem,redeem,distribute,redistribute
deem,redeem,emerge,reemerge
deem,redeem,engage,reengage
deem,redeem,establish,reestablish
deem,redeem,evaluate,reevaluate
deem,redeem,examine,reexamine
deem,redeem,generate,regenerate
deem,redeem,grow,regrow
deem,redeem,install,reinstall
deem,redeem,integrate,reintegrate
deem,redeem,interpret,reinterpret
deem,redeem,introduce,reintroduce
deem,redeem,invest,reinvest
deem,redeem,investigate,reinvestigate
deem,redeem,learn,relearn
deem,redeem,locate,relocate
deem,redeem,marry,remarry
deem,redeem,negotiate,renegotiate
deem,redeem,occur,reoccur
deem,redeem,organize,reorganize
deem,redeem,organize,reorganise
deem,redeem,publish,republish
deem,redeem,send,resend
deem,redeem,solve,resolve
deem,redeem,submit,resubmit
deem,redeem,tell,retell
deem,redeem,unite,reunite
deem,redeem,write,rewrite
define,redefine,develop,redevelop
define,redefine,discover,rediscover
define,redefine,distribute,redistribute
define,redefine,emerge,reemerge
define,redefine,engage,reengage
define,redefine,establish,reestablish
define,redefine,evaluate,reevaluate
define,redefine,examine,reexamine
define,redefine,generate,regenerate
define,redefine,grow,regrow
define,redefine,install,reinstall
define,redefine,integrate,reintegrate
define,redefine,interpret,reinterpret
define,redefine,introduce,reintroduce
define,redefine,invest,reinvest
define,redefine,investigate,reinvestigate
define,redefine,learn,relearn
define,redefine,locate,relocate
define,redefine,marry,remarry
define,redefine,negotiate,renegotiate
define,redefine,occur,reoccur
define,redefine,organize,reorganize
define,redefine,organize,reorganise
define,redefine,publish,republish
define,redefine,send,resend
define,redefine,solve,resolve
define,redefine,submit,resubmit
define,redefine,tell,retell
define,redefine,unite,reunite
define,redefine,write,rewrite
develop,redevelop,discover,rediscover
develop,redevelop,distribute,redistribute
develop,redevelop,emerge,reemerge
develop,redevelop,engage,reengage
develop,redevelop,establish,reestablish
develop,redevelop,evaluate,reevaluate
develop,redevelop,examine,reexamine
develop,redevelop,generate,regenerate
develop,redevelop,grow,regrow
develop,redevelop,install,reinstall
develop,redevelop,integrate,reintegrate
develop,redevelop,interpret,reinterpret
develop,redevelop,introduce,reintroduce
develop,redevelop,invest,reinvest
develop,redevelop,investigate,reinvestigate
develop,redevelop,learn,relearn
develop,redevelop,locate,relocate
develop,redevelop,marry,remarry
develop,redevelop,negotiate,renegotiate
develop,redevelop,occur,reoccur
develop,redevelop,organize,reorganize
develop,redevelop,organize,reorganise
develop,redevelop,publish,republish
develop,redevelop,send,resend
develop,redevelop,solve,resolve
develop,redevelop,submit,resubmit
develop,redevelop,tell,retell
develop,redevelop,unite,reunite
develop,redevelop,write,rewrite
discover,rediscover,distribute,redistribute
discover,rediscover,emerge,reemerge
discover,rediscover,engage,reengage
discover,rediscover,establish,reestablish
discover,rediscover,evaluate,reevaluate
discover,rediscover,examine,reexamine
discover,rediscover,generate,regenerate
discover,rediscover,grow,regrow
discover,rediscover,install,reinstall
discover,rediscover,integrate,reintegrate
discover,rediscover,interpret,reinterpret
discover,rediscover,introduce,reintroduce
discover,rediscover,invest,reinvest
discover,rediscover,investigate,reinvestigate
discover,rediscover,learn,relearn
discover,rediscover,locate,relocate
discover,rediscover,marry,remarry
discover,rediscover,negotiate,renegotiate
discover,rediscover,occur,reoccur
discover,rediscover,organize,reorganize
discover,rediscover,organize,reorganise
discover,rediscover,publish,republish
discover,rediscover,send,resend
discover,rediscover,solve,resolve
discover,rediscover,submit,resubmit
discover,rediscover,tell,retell
discover,rediscover,unite,reunite
discover,rediscover,write,rewrite
distribute,redistribute,emerge,reemerge
distribute,redistribute,engage,reengage
distribute,redistribute,establish,reestablish
distribute,redistribute,evaluate,reevaluate
distribute,redistribute,examine,reexamine
distribute,redistribute,generate,regenerate
distribute,redistribute,grow,regrow
distribute,redistribute,install,reinstall
distribute,redistribute,integrate,reintegrate
distribute,redistribute,interpret,reinterpret
distribute,redistribute,introduce,reintroduce
distribute,redistribute,invest,reinvest
distribute,redistribute,investigate,reinvestigate
distribute,redistribute,learn,relearn
distribute,redistribute,locate,relocate
distribute,redistribute,marry,remarry
distribute,redistribute,negotiate,renegotiate
distribute,redistribute,occur,reoccur
distribute,redistribute,organize,reorganize
distribute,redistribute,organize,reorganise
distribute,redistribute,publish,republish
distribute,redistribute,send,resend
distribute,redistribute,solve,resolve
distribute,redistribute,submit,resubmit
distribute,redistribute,tell,retell
distribute,redistribute,unite,reunite
distribute,redistribute,write,rewrite
emerge,reemerge,engage,reengage
emerge,reemerge,establish,reestablish
emerge,reemerge,evaluate,reevaluate
emerge,reemerge,examine,reexamine
emerge,reemerge,generate,regenerate
emerge,reemerge,grow,regrow
emerge,reemerge,install,reinstall
emerge,reemerge,integrate,reintegrate
emerge,reemerge,interpret,reinterpret
emerge,reemerge,introduce,reintroduce
emerge,reemerge,invest,reinvest
emerge,reemerge,investigate,reinvestigate
emerge,reemerge,learn,relearn
emerge,reemerge,locate,relocate
emerge,reemerge,marry,remarry
emerge,reemerge,negotiate,renegotiate
emerge,reemerge,occur,reoccur
emerge,reemerge,organize,reorganize
emerge,reemerge,organize,reorganise
emerge,reemerge,publish,republish
emerge,reemerge,send,resend
emerge,reemerge,solve,resolve
emerge,reemerge,submit,resubmit
emerge,reemerge,tell,retell
emerge,reemerge,unite,reunite
emerge,reemerge,write,rewrite
engage,reengage,establish,reestablish
engage,reengage,evaluate,reevaluate
engage,reengage,examine,reexamine
engage,reengage,generate,regenerate
engage,reengage,grow,regrow
engage,reengage,install,reinstall
engage,reengage,integrate,reintegrate
engage,reengage,interpret,reinterpret
engage,reengage,introduce,reintroduce
engage,reengage,invest,reinvest
engage,reengage,investigate,reinvestigate
engage,reengage,learn,relearn
engage,reengage,locate,relocate
engage,reengage,marry,remarry
engage,reengage,negotiate,renegotiate
engage,reengage,occur,reoccur
engage,reengage,organize,reorganize
engage,reengage,organize,reorganise
engage,reengage,publish,republish
engage,reengage,send,resend
engage,reengage,solve,resolve
engage,reengage,submit,resubmit
engage,reengage,tell,retell
engage,reengage,unite,reunite
engage,reengage,write,rewrite
establish,reestablish,evaluate,reevaluate
establish,reestablish,examine,reexamine
establish,reestablish,generate,regenerate
establish,reestablish,grow,regrow
establish,reestablish,install,reinstall
establish,reestablish,integrate,reintegrate
establish,reestablish,interpret,reinterpret
establish,reestablish,introduce,reintroduce
establish,reestablish,invest,reinvest
establish,reestablish,investigate,reinvestigate
establish,reestablish,learn,relearn
establish,reestablish,locate,relocate
establish,reestablish,marry,remarry
establish,reestablish,negotiate,renegotiate
establish,reestablish,occur,reoccur
establish,reestablish,organize,reorganize
establish,reestablish,organize,reorganise
establish,reestablish,publish,republish
establish,reestablish,send,resend
establish,reestablish,solve,resolve
establish,reestablish,submit,resubmit
establish,reestablish,tell,retell
establish,reestablish,unite,reunite
establish,reestablish,write,rewrite
evaluate,reevaluate,examine,reexamine
evaluate,reevaluate,generate,regenerate
evaluate,reevaluate,grow,regrow
evaluate,reevaluate,install,reinstall
evaluate,reevaluate,integrate,reintegrate
evaluate,reevaluate,interpret,reinterpret
evaluate,reevaluate,introduce,reintroduce
evaluate,reevaluate,invest,reinvest
evaluate,reevaluate,investigate,reinvestigate
evaluate,reevaluate,learn,relearn
evaluate,reevaluate,locate,relocate
evaluate,reevaluate,marry,remarry
evaluate,reevaluate,negotiate,renegotiate
evaluate,reevaluate,occur,reoccur
evaluate,reevaluate,organize,reorganize
evaluate,reevaluate,organize,reorganise
evaluate,reevaluate,publish,republish
evaluate,reevaluate,send,resend
evaluate,reevaluate,solve,resolve
evaluate,reevaluate,submit,resubmit
evaluate,reevaluate,tell,retell
evaluate,reevaluate,unite,reunite
evaluate,reevaluate,write,rewrite
examine,reexamine,generate,regenerate
examine,reexamine,grow,regrow
examine,reexamine,install,reinstall
examine,reexamine,integrate,reintegrate
examine,reexamine,interpret,reinterpret
examine,reexamine,introduce,reintroduce
examine,reexamine,invest,reinvest
examine,reexamine,investigate,reinvestigate
examine,reexamine,learn,relearn
examine,reexamine,locate,relocate
examine,reexamine,marry,remarry
examine,reexamine,negotiate,renegotiate
examine,reexamine,occur,reoccur
examine,reexamine,organize,reorganize
examine,reexamine,organize,reorganise
examine,reexamine,publish,republish
examine,reexamine,send,resend
examine,reexamine,solve,resolve
examine,reexamine,submit,resubmit
examine,reexamine,tell,retell
examine,reexamine,unite,reunite
examine,reexamine,write,rewrite
generate,regenerate,grow,regrow
generate,regenerate,install,reinstall
generate,regenerate,integrate,reintegrate
generate,regenerate,interpret,reinterpret
generate,regenerate,introduce,reintroduce
generate,regenerate,invest,reinvest
generate,regenerate,investigate,reinvestigate
generate,regenerate,learn,relearn
generate,regenerate,locate,relocate
generate,regenerate,marry,remarry
generate,regenerate,negotiate,renegotiate
generate,regenerate,occur,reoccur
generate,regenerate,organize,reorganize
generate,regenerate,organize,reorganise
generate,regenerate,publish,republish
generate,regenerate,send,resend
generate,regenerate,solve,resolve
generate,regenerate,submit,resubmit
generate,regenerate,tell,retell
generate,regenerate,unite,reunite
generate,regenerate,write,rewrite
grow,regrow,install,reinstall
grow,regrow,integrate,reintegrate
grow,regrow,interpret,reinterpret
grow,regrow,introduce,reintroduce
grow,regrow,invest,reinvest
grow,regrow,investigate,reinvestigate
grow,regrow,learn,relearn
grow,regrow,locate,relocate
grow,regrow,marry,remarry
grow,regrow,negotiate,renegotiate
grow,regrow,occur,reoccur
grow,regrow,organize,reorganize
grow,regrow,organize,reorganise
grow,regrow,publish,republish
grow,regrow,send,resend
grow,regrow,solve,resolve
grow,regrow,submit,resubmit
grow,regrow,tell,retell
grow,regrow,unite,reunite
grow,regrow,write,rewrite
install,reinstall,integrate,reintegrate
install,reinstall,interpret,reinterpret
install,reinstall,introduce,reintroduce
install,reinstall,invest,reinvest
install,reinstall,investigate,reinvestigate
install,reinstall,learn,relearn
install,reinstall,locate,relocate
install,reinstall,marry,remarry
install,reinstall,negotiate,renegotiate
install,reinstall,occur,reoccur
install,reinstall,organize,reorganize
install,reinstall,organize,reorganise
install,reinstall,publish,republish
install,reinstall,send,resend
install,reinstall,solve,resolve
install,reinstall,submit,resubmit
install,reinstall,tell,retell
install,reinstall,unite,reunite
install,reinstall,write,rewrite
integrate,reintegrate,interpret,reinterpret
integrate,reintegrate,introduce,reintroduce
integrate,reintegrate,invest,reinvest
integrate,reintegrate,investigate,reinvestigate
integrate,reintegrate,learn,relearn
integrate,reintegrate,locate,relocate
integrate,reintegrate,marry,remarry
integrate,reintegrate,negotiate,renegotiate
integrate,reintegrate,occur,reoccur
integrate,reintegrate,organize,reorganize
integrate,reintegrate,organize,reorganise
integrate,reintegrate,publish,republish
integrate,reintegrate,send,resend
integrate,reintegrate,solve,resolve
integrate,reintegrate,submit,resubmit
integrate,reintegrate,tell,retell
integrate,reintegrate,unite,reunite
integrate,reintegrate,write,rewrite
interpret,reinterpret,introduce,reintroduce
interpret,reinterpret,invest,reinvest
interpret,reinterpret,investigate,reinvestigate
interpret,reinterpret,learn,relearn
interpret,reinterpret,locate,relocate
interpret,reinterpret,marry,remarry
interpret,reinterpret,negotiate,renegotiate
interpret,reinterpret,occur,reoccur
interpret,reinterpret,organize,reorganize
interpret,reinterpret,organize,reorganise
interpret,reinterpret,publish,republish
interpret,reinterpret,send,resend
interpret,reinterpret,solve,resolve
interpret,reinterpret,submit,resubmit
interpret,reinterpret,tell,retell
interpret,reinterpret,unite,reunite
interpret,reinterpret,write,rewrite
introduce,reintroduce,invest,reinvest
introduce,reintroduce,investigate,reinvestigate
introduce,reintroduce,learn,relearn
introduce,reintroduce,locate,relocate
introduce,reintroduce,marry,remarry
introduce,reintroduce,negotiate,renegotiate
introduce,reintroduce,occur,reoccur
introduce,reintroduce,organize,reorganize
introduce,reintroduce,organize,reorganise
introduce,reintroduce,publish,republish
introduce,reintroduce,send,resend
introduce,reintroduce,solve,resolve
introduce,reintroduce,submit,resubmit
introduce,reintroduce,tell,retell
introduce,reintroduce,unite,reunite
introduce,reintroduce,write,rewrite
invest,reinvest,investigate,reinvestigate
invest,reinvest,learn,relearn
invest,reinvest,locate,relocate
invest,reinvest,marry,remarry
invest,reinvest,negotiate,renegotiate
invest,reinvest,occur,reoccur
invest,reinvest,organize,reorganize
invest,reinvest,organize,reorganise
invest,reinvest,publish,republish
invest,reinvest,send,resend
invest,reinvest,solve,resolve
invest,reinvest,submit,resubmit
invest,reinvest,tell,retell
invest,reinvest,unite,reunite
invest,reinvest,write,rewrite
investigate,reinvestigate,learn,relearn
investigate,reinvestigate,locate,relocate
investigate,reinvestigate,marry,remarry
investigate,reinvestigate,negotiate,renegotiate
investigate,reinvestigate,occur,reoccur
investigate,reinvestigate,organize,reorganize
investigate,reinvestigate,organize,reorganise
investigate,reinvestigate,publish,republish
investigate,reinvestigate,send,resend
investigate,reinvestigate,solve,resolve
investigate,reinvestigate,submit,resubmit
investigate,reinvestigate,tell,retell
investigate,reinvestigate,unite,reunite
investigate,reinvestigate,write,rewrite
learn,relearn,locate,relocate
learn,relearn,marry,remarry
learn,relearn,negotiate,renegotiate
learn,relearn,occur,reoccur
learn,relearn,organize,reorganize
learn,relearn,organize,reorganise
learn,relearn,publish,republish
learn,relearn,send,resend
learn,relearn,solve,resolve
learn,relearn,submit,resubmit
learn,relearn,tell,retell
learn,relearn,unite,reunite
learn,relearn,write,rewrite
locate,relocate,marry,remarry
locate,relocate,negotiate,renegotiate
locate,relocate,occur,reoccur
locate,relocate,organize,reorganize
locate,relocate,organize,reorganise
locate,relocate,publish,republish
locate,relocate,send,resend
locate,relocate,solve,resolve
locate,relocate,submit,resubmit
locate,relocate,tell,retell
locate,relocate,unite,reunite
locate,relocate,write,rewrite
marry,remarry,negotiate,renegotiate
marry,remarry,occur,reoccur
marry,remarry,organize,reorganize
marry,remarry,organize,reorganise
marry,remarry,publish,republish
marry,remarry,send,resend
marry,remarry,solve,resolve
marry,remarry,submit,resubmit
marry,remarry,tell,retell
marry,remarry,unite,reunite
marry,remarry,write,rewrite
negotiate,renegotiate,occur,reoccur
negotiate,renegotiate,organize,reorganize
negotiate,renegotiate,organize,reorganise
negotiate,renegotiate,publish,republish
negotiate,renegotiate,send,resend
negotiate,renegotiate,solve,resolve
negotiate,renegotiate,submit,resubmit
negotiate,renegotiate,tell,retell
negotiate,renegotiate,unite,reunite
negotiate,renegotiate,write,rewrite
occur,reoccur,organize,reorganize
occur,reoccur,organize,reorganise
occur,reoccur,publish,republish
occur,reoccur,send,resend
occur,reoccur,solve,resolve
occur,reoccur,submit,resubmit
occur,reoccur,tell,retell
occur,reoccur,unite,reunite
occur,reoccur,write,rewrite
organize,reorganize,publish,republish
organize,reorganize,send,resend
organize,reorganize,solve,resolve
organize,reorganize,submit,resubmit
organize,reorganize,tell,retell
organize,reorganize,unite,reunite
organize,reorganize,write,rewrite
organize,reorganise,publish,republish
organize,reorganise,send,resend
organize,reorganise,solve,resolve
organize,reorganise,submit,resubmit
organize,reorganise,tell,retell
organize,reorganise,unite,reunite
organize,reorganise,write,rewrite
publish,republish,send,resend
publish,republish,solve,resolve
publish,republish,submit,resubmit
publish,republish,tell,retell
publish,republish,unite,reunite
publish,republish,write,rewrite
send,resend,solve,resolve
send,resend,submit,resubmit
send,resend,tell,retell
send,resend,unite,reunite
send,resend,write,rewrite
solve,resolve,submit,resubmit
solve,resolve,tell,retell
solve,resolve,unite,reunite
solve,resolve,write,rewrite
submit,resubmit,tell,retell
submit,resubmit,unite,reunite
submit,resubmit,write,rewrite
tell,retell,unite,reunite
tell,retell,write,rewrite
unite,reunite,write,rewrite
