accept,acceptable,achieve,achievable
accept,acceptable,adapt,adaptable
accept,acceptable,adjust,adjustable
accept,acceptable,admire,admirable
accept,acceptable,adore,adorable
accept,acceptable,advise,advisable
accept,acceptable,afford,affordable
accept,acceptable,avoid,avoidable
accept,acceptable,believe,believable
accept,acceptable,believe,believable
accept,acceptable,consider,considerable
accept,acceptable,contain,containable
accept,acceptable,define,definable
accept,acceptable,deliver,deliverable
accept,acceptable,discover,discoverable
accept,acceptable,dispose,disposable
accept,acceptable,download,downloadable
accept,acceptable,edit,editable
accept,acceptable,enjoy,enjoyable
accept,acceptable,execute,executable
accept,acceptable,expand,expandable
accept,acceptable,expect,expectable
accept,acceptable,explain,explainable
accept,acceptable,extend,extendable
accept,acceptable,foresee,foreseeable
accept,acceptable,identify,identifiable
accept,acceptable,imagine,imaginable
accept,acceptable,inflate,inflatable
accept,acceptable,learn,learnable
accept,acceptable,maintain,maintainable
accept,acceptable,manage,manageable
accept,acceptable,observe,observable
accept,acceptable,perform,performable
accept,acceptable,predict,predictable
accept,acceptable,prefer,preferable
accept,acceptable,prevent,preventable
accept,acceptable,protect,protectable
accept,acceptable,publish,publishable
accept,acceptable,recognize,recognizable
accept,acceptable,recognize,recognisable
accept,acceptable,recommend,recommendable
accept,acceptable,rely,reliable
accept,acceptable,renew,renewable
accept,acceptable,replace,replaceable
accept,acceptable,represent,representable
accept,acceptable,survive,survivable
accept,acceptable,sustain,sustainable
accept,acceptable,understand,understandable
accept,acceptable,vary,variable
accept,acceptable,write,writeable
accept,acceptable,write,writable
achieve,achievable,adapt,adaptable
achieve,achievable,adjust,adjustable
achieve,achievable,admire,admirable
achieve,achievable,adore,adorable
achieve,achievable,advise,advisable
achieve,achievable,afford,affordable
achieve,achievable,avoid,avoidable
achieve,achievable,believe,believable
achieve,achievable,believe,believable
achieve,achievable,consider,considerable
achieve,achievable,contain,containable
achieve,achievable,define,definable
achieve,achievable,deliver,deliverable
achieve,achievable,discover,discoverable
achieve,achievable,dispose,disposable
achieve,achievable,download,downloadable
achieve,achievable,edit,editable
achieve,achievable,enjoy,enjoyable
achieve,achievable,execute,executable
achieve,achievable,expand,expandable
achieve,achievable,expect,expectable
achieve,achievable,explain,explainable
achieve,achievable,extend,extendable
achieve,achievable,foresee,foreseeable
achieve,achievable,identify,identifiable
achieve,achievable,imagine,imaginable
achieve,achievable,inflate,inflatable
achieve,achievable,learn,learnable
achieve,achievable,maintain,maintainable
achieve,achievable,manage,manageable
achieve,achievable,observe,observable
achieve,achievable,perform,performable
achieve,achievable,predict,predictable
achieve,achievable,prefer,preferable
achieve,achievable,prevent,preventable
achieve,achievable,protect,protectable
achieve,achievable,publish,publishable
achieve,achievable,recognize,recognizable
achieve,achievable,recognize,recognisable
achieve,achievable,recommend,recommendable
achieve,achievable,rely,reliable
achieve,achievable,renew,renewable
achieve,achievable,replace,replaceable
achieve,achievable,represent,representable
achieve,achievable,survive,survivable
achieve,achievable,sustain,sustainable
achieve,achievable,understand,understandable
achieve,achievable,vary,variable
achieve,achievable,write,writeable
achieve,achievable,write,writable
adapt,adaptable,adjust,adjustable
adapt,adaptable,admire,admirable
adapt,adaptable,adore,adorable
adapt,adaptable,advise,advisable
adapt,adaptable,afford,affordable
adapt,adaptable,avoid,avoidable
adapt,adaptable,believe,believable
adapt,adaptable,believe,believable
adapt,adaptable,consider,considerable
adapt,adaptable,contain,containable
adapt,adaptable,define,definable
adapt,adaptable,deliver,deliverable
adapt,adaptable,discover,discoverable
adapt,adaptable,dispose,disposable
adapt,adaptable,download,downloadable
adapt,adaptable,edit,editable
adapt,adaptable,enjoy,enjoyable
adapt,adaptable,execute,executable
adapt,adaptable,expand,expandable
adapt,adaptable,expect,expectable
adapt,adaptable,explain,explainable
adapt,adaptable,extend,extendable
adapt,adaptable,foresee,foreseeable
adapt,adaptable,identify,identifiable
adapt,adaptable,imagine,imaginable
adapt,adaptable,inflate,inflatable
adapt,adaptable,learn,learnable
adapt,adaptable,maintain,maintainable
adapt,adaptable,manage,manageable
adapt,adaptable,observe,observable
adapt,adaptable,perform,performable
adapt,adaptable,predict,predictable
adapt,adaptable,prefer,preferable
adapt,adaptable,prevent,preventable
adapt,adaptable,protect,protectable
adapt,adaptable,publish,publishable
adapt,adaptable,recognize,recognizable
adapt,adaptable,recognize,recognisable
adapt,adaptable,recommend,recommendable
adapt,adaptable,rely,reliable
adapt,adaptable,renew,renewable
adapt,adaptable,replace,replaceable
adapt,adaptable,represent,representable
adapt,adaptable,survive,survivable
adapt,adaptable,sustain,sustainable
adapt,adaptable,understand,understandable
adapt,adaptable,vary,variable
adapt,adaptable,write,writeable
adapt,adaptable,write,writable
adjust,adjustable,admire,admirable
adjust,adjustable,adore,adorable
adjust,adjustable,advise,advisable
adjust,adjustable,afford,affordable
adjust,adjustable,avoid,avoidable
adjust,adjustable,believe,believable
adjust,adjustable,believe,believable
adjust,adjustable,consider,considerable
adjust,adjustable,contain,containable
adjust,adjustable,define,definable
adjust,adjustable,deliver,deliverable
adjust,adjustable,discover,discoverable
adjust,adjustable,dispose,disposable
adjust,adjustable,download,downloadable
adjust,adjustable,edit,editable
adjust,adjustable,enjoy,enjoyable
adjust,adjustable,execute,executable
adjust,adjustable,expand,expandable
adjust,adjustable,expect,expectable
adjust,adjustable,explain,explainable
adjust,adjustable,extend,extendable
adjust,adjustable,foresee,foreseeable
adjust,adjustable,identify,identifiable
adjust,adjustable,imagine,imaginable
adjust,adjustable,inflate,inflatable
adjust,adjustable,learn,learnable
adjust,adjustable,maintain,maintainable
adjust,adjustable,manage,manageable
adjust,adjustable,observe,observable
adjust,adjustable,perform,performable
adjust,adjustable,predict,predictable
adjust,adjustable,prefer,preferable
adjust,adjustable,prevent,preventable
adjust,adjustable,protect,protectable
adjust,adjustable,publish,publishable
adjust,adjustable,recognize,recognizable
adjust,adjustable,recognize,recognisable
adjust,adjustable,recommend,recommendable
adjust,adjustable,rely,reliable
adjust,adjustable,renew,renewable
adjust,adjustable,replace,replaceable
adjust,adjustable,represent,representable
adjust,adjustable,survive,survivable
adjust,adjustable,sustain,sustainable
adjust,adjustable,understand,understandable
adjust,adjustable,vary,variable
adjust,adjustable,write,writeable
adjust,adjustable,write,writable
admire,admirable,adore,adorable
admire,admirable,advise,advisable
admire,admirable,afford,affordable
admire,admirable,avoid,avoidable
admire,admirable,believe,believable
admire,admirable,believe,believable
admire,admirable,consider,considerable
admire,admirable,contain,containable
admire,admirable,define,definable
admire,admirable,deliver,deliverable
admire,admirable,discover,discoverable
admire,admirable,dispose,disposable
admire,admirable,download,downloadable
admire,admirable,edit,editable
admire,admirable,enjoy,enjoyable
admire,admirable,execute,executable
admire,admirable,expand,expandable
admire,admirable,expect,expectable
admire,admirable,explain,explainable
admire,admirable,extend,extendable
admire,admirable,foresee,foreseeable
admire,admirable,identify,identifiable
admire,admirable,imagine,imaginable
admire,admirable,inflate,inflatable
admire,admirable,learn,learnable
admire,admirable,maintain,maintainable
admire,admirable,manage,manageable
admire,admirable,observe,observable
admire,admirable,perform,performable
admire,admirable,predict,predictable
admire,admirable,prefer,preferable
admire,admirable,prevent,preventable
admire,admirable,protect,protectable
admire,admirable,publish,publishable
admire,admirable,recognize,recognizable
admire,admirable,recognize,recognisable
admire,admirable,recommend,recommendable
admire,admirable,rely,reliable
admire,admirable,renew,renewable
admire,admirable,replace,replaceable
admire,admirable,represent,representable
admire,admirable,survive,survivable
admire,admirable,sustain,sustainable
admire,admirable,understand,understandable
admire,admirable,vary,variable
admire,admirable,write,writeable
admire,admirable,write,writable
adore,adorable,advise,advisable
adore,adorable,afford,affordable
adore,adorable,avoid,avoidable
adore,adorable,believe,believable
adore,adorable,believe,believable
adore,adorable,consider,considerable
adore,adorable,contain,containable
adore,adorable,define,definable
adore,adorable,deliver,deliverable
adore,adorable,discover,discoverable
adore,adorable,dispose,disposable
adore,adorable,download,downloadable
adore,adorable,edit,editable
adore,adorable,enjoy,enjoyable
adore,adorable,execute,executable
adore,adorable,expand,expandable
adore,adorable,expect,expectable
adore,adorable,explain,explainable
adore,adorable,extend,extendable
adore,adorable,foresee,foreseeable
adore,adorable,identify,identifiable
adore,adorable,imagine,imaginable
adore,adorable,inflate,inflatable
adore,adorable,learn,learnable
adore,adorable,maintain,maintainable
adore,adorable,manage,manageable
adore,adorable,observe,observable
adore,adorable,perform,performable
adore,adorable,predict,predictable
adore,adorable,prefer,preferable
adore,adorable,prevent,preventable
adore,adorable,protect,protectable
adore,adorable,publish,publishable
adore,adorable,recognize,recognizable
adore,adorable,recognize,recognisable
adore,adorable,recommend,recommendable
adore,adorable,rely,reliable
adore,adorable,renew,renewable
adore,adorable,replace,replaceable
adore,adorable,represent,representable
adore,adorable,survive,survivable
adore,adorable,sustain,sustainable
adore,adorable,understand,understandable
adore,adorable,vary,variable
adore,adorable,write,writeable
adore,adorable,write,writable
advise,advisable,afford,affordable
advise,advisable,avoid,avoidable
advise,advisable,believe,believable
advise,advisable,believe,believable
advise,advisable,consider,considerable
advise,advisable,contain,containable
advise,advisable,define,definable
advise,advisable,deliver,deliverable
advise,advisable,discover,discoverable
advise,advisable,dispose,disposable
advise,advisable,download,downloadable
advise,advisable,edit,editable
advise,advisable,enjoy,enjoyable
advise,advisable,execute,executable
advise,advisable,expand,expandable
advise,advisable,expect,expectable
advise,advisable,explain,explainable
advise,advisable,extend,extendable
advise,advisable,foresee,foreseeable
advise,advisable,identify,identifiable
advise,advisable,imagine,imaginable
advise,advisable,inflate,inflatable
advise,advisable,learn,learnable
advise,advisable,maintain,maintainable
advise,advisable,manage,manageable
advise,advisable,observe,observable
advise,advisable,perform,performable
advise,advisable,predict,predictable
advise,advisable,prefer,preferable
advise,advisable,prevent,preventable
advise,advisable,protect,protectable
advise,advisable,publish,publishable
advise,advisable,recognize,recognizable
advise,advisable,recognize,recognisable
advise,advisable,recommend,recommendable
advise,advisable,rely,reliable
advise,advisable,renew,renewable
advise,advisable,replace,replaceable
advise,advisable,represent,representable
advise,advisable,survive,survivable
advise,advisable,sustain,sustainable
advise,advisable,understand,understandable
advise,advisable,vary,variable
advise,advisable,write,writeable
advise,advisable,write,writable
afford,affordable,avoid,avoidable
afford,affordable,believe,believable
afford,affordable,believe,believable
afford,affordable,consider,considerable
afford,affordable,contain,containable
afford,affordable,define,definable
afford,affordable,deliver,deliverable
afford,affordable,discover,discoverable
afford,affordable,dispose,disposable
afford,affordable,download,downloadable
afford,affordable,edit,editable
afford,affordable,enjoy,enjoyable
afford,affordable,execute,executable
afford,affordable,expand,expandable
afford,affordable,expect,expectable
afford,affordable,explain,explainable
afford,affordable,extend,extendable
afford,affordable,foresee,foreseeable
afford,affordable,identify,identifiable
afford,affordable,imagine,imaginable
afford,affordable,inflate,inflatable
afford,affordable,learn,learnable
afford,affordable,maintain,maintainable
afford,affordable,manage,manageable
afford,affordable,observe,observable
afford,affordable,perform,performable
afford,affordable,predict,predictable
afford,affordable,prefer,preferable
afford,affordable,prevent,preventable
afford,affordable,protect,protectable
afford,affordable,publish,publishable
afford,affordable,recognize,recognizable
afford,affordable,recognize,recognisable
afford,affordable,recommend,recommendable
afford,affordable,rely,reliable
afford,affordable,renew,renewable
afford,affordable,replace,replaceable
afford,affordable,represent,representable
afford,affordable,survive,survivable
afford,affordable,sustain,sustainable
afford,affordable,understand,understandable
afford,affordable,vary,variable
afford,affordable,write,writeable
afford,affordable,write,writable
avoid,avoidable,believe,believable
avoid,avoidable,believe,believable
avoid,avoidable,consider,considerable
avoid,avoidable,contain,containable
avoid,avoidable,define,definable
avoid,avoidable,deliver,deliverable
avoid,avoidable,discover,discoverable
avoid,avoidable,dispose,disposable
avoid,avoidable,download,downloadable
avoid,avoidable,edit,editable
avoid,avoidable,enjoy,enjoyable
avoid,avoidable,execute,executable
avoid,avoidable,expand,expandable
avoid,avoidable,expect,expectable
avoid,avoidable,explain,explainable
avoid,avoidable,extend,extendable
avoid,avoidable,foresee,foreseeable
avoid,avoidable,identify,identifiable
avoid,avoidable,imagine,imaginable
avoid,avoidable,inflate,inflatable
avoid,avoidable,learn,learnable
avoid,avoidable,maintain,maintainable
avoid,avoidable,manage,manageable
avoid,avoidable,observe,observable
avoid,avoidable,perform,performable
avoid,avoidable,predict,predictable
avoid,avoidable,prefer,preferable
avoid,avoidable,prevent,preventable
avoid,avoidable,protect,protectable
avoid,avoidable,publish,publishable
avoid,avoidable,recognize,recognizable
avoid,avoidable,recognize,recognisable
avoid,avoidable,recommend,recommendable
avoid,avoidable,rely,reliable
avoid,avoidable,renew,renewable
avoid,avoidable,replace,replaceable
avoid,avoidable,represent,representable
avoid,avoidable,survive,survivable
avoid,avoidable,sustain,sustainable
avoid,avoidable,understand,understandable
avoid,avoidable,vary,variable
avoid,avoidable,write,writeable
avoid,avoidable,write,writable
believe,believable,consider,considerable
believe,believable,contain,containable
believe,believable,define,definable
believe,believable,deliver,deliverable
believe,believable,discover,discoverable
believe,believable,dispose,disposable
believe,believable,download,downloadable
believe,believable,edit,editable
believe,believable,enjoy,enjoyable
believe,believable,execute,executable
believe,believable,expand,expandable
believe,believable,expect,expectable
believe,believable,explain,explainable
believe,believable,extend,extendable
believe,believable,foresee,foreseeable
believe,believable,identify,identifiable
believe,believable,imagine,imaginable
believe,believable,inflate,inflatable
believe,believable,learn,learnable
believe,believable,maintain,maintainable
believe,believable,manage,manageable
believe,believable,observe,observable
believe,believable,perform,performable
believe,believable,predict,predictable
believe,believable,prefer,preferable
believe,believable,prevent,preventable
believe,believable,protect,protectable
believe,believable,publish,publishable
believe,believable,recognize,recognizable
believe,believable,recognize,recognisable
believe,believable,recommend,recommendable
believe,believable,rely,reliable
believe,believable,renew,renewable
believe,believable,replace,replaceable
believe,believable,represent,representable
believe,believable,survive,survivable
believe,believable,sustain,sustainable
believe,believable,understand,understandable
believe,believable,vary,variable
believe,believable,write,writeable
believe,believable,write,writable
believe,believable,consider,considerable
believe,believable,contain,containable
believe,believable,define,definable
believe,believable,deliver,deliverable
believe,believable,discover,discoverable
believe,believable,dispose,disposable
believe,believable,download,downloadable
believe,believable,edit,editable
believe,believable,enjoy,enjoyable
believe,believable,execute,executable
believe,believable,expand,expandable
believe,believable,expect,expectable
believe,believable,explain,explainable
believe,believable,extend,extendable
believe,believable,foresee,foreseeable
believe,believable,identify,identifiable
believe,believable,imagine,imaginable
believe,believable,inflate,inflatable
believe,believable,learn,learnable
believe,believable,maintain,maintainable
believe,believable,manage,manageable
believe,believable,observe,observable
believe,believable,perform,performable
believe,believable,predict,predictable
believe,believable,prefer,preferable
believe,believable,prevent,preventable
believe,believable,protect,protectable
believe,believable,publish,publishable
believe,believable,recognize,recognizable
believe,believable,recognize,recognisable
believe,believable,recommend,recommendable
believe,believable,rely,reliable
believe,believable,renew,renewable
believe,believable,replace,replaceable
believe,believable,represent,representable
believe,believable,survive,survivable
believe,believable,sustain,sustainable
believe,believable,understand,understandable
believe,believable,vary,variable
believe,believable,write,writeable
believe,believable,write,writable
consider,considerable,contain,containable
consider,considerable,define,definable
consider,considerable,deliver,deliverable
consider,considerable,discover,discoverable
consider,considerable,dispose,disposable
consider,considerable,download,downloadable
consider,considerable,edit,editable
consider,considerable,enjoy,enjoyable
consider,considerable,execute,executable
consider,considerable,expand,expandable
consider,considerable,expect,expectable
consider,considerable,explain,explainable
consider,considerable,extend,extendable
consider,considerable,foresee,foreseeable
consider,considerable,identify,identifiable
consider,considerable,imagine,imaginable
consider,considerable,inflate,inflatable
consider,considerable,learn,learnable
consider,considerable,maintain,maintainable
consider,considerable,manage,manageable
consider,considerable,observe,observable
consider,considerable,perform,performable
consider,considerable,predict,predictable
consider,considerable,prefer,preferable
consider,considerable,prevent,preventable
consider,considerable,protect,protectable
consider,considerable,publish,publishable
consider,considerable,recognize,recognizable
consider,considerable,recognize,recognisable
consider,considerable,recommend,recommendable
consider,considerable,rely,reliable
consider,considerable,renew,renewable
consider,considerable,replace,replaceable
consider,considerable,represent,representable
consider,considerable,survive,survivable
consider,considerable,sustain,sustainable
consider,considerable,understand,understandable
consider,considerable,vary,variable
consider,considerable,write,writeable
consider,considerable,write,writable
contain,containable,define,definable
contain,containable,deliver,deliverable
contain,containable,discover,discoverable
contain,containable,dispose,disposable
contain,containable,download,downloadable
contain,containable,edit,editable
contain,containable,enjoy,enjoyable
contain,containable,execute,executable
contain,containable,expand,expandable
contain,containable,expect,expectable
contain,containable,explain,explainable
contain,containable,extend,extendable
contain,containable,foresee,foreseeable
contain,containable,identify,identifiable
contain,containable,imagine,imaginable
contain,containable,inflate,inflatable
contain,containable,learn,learnable
contain,containable,maintain,maintainable
contain,containable,manage,manageable
contain,containable,observe,observable
contain,containable,perform,performable
contain,containable,predict,predictable
contain,containable,prefer,preferable
contain,containable,prevent,preventable
contain,containable,protect,protectable
contain,containable,publish,publishable
contain,containable,recognize,recognizable
contain,containable,recognize,recognisable
contain,containable,recommend,recommendable
contain,containable,rely,reliable
contain,containable,renew,renewable
contain,containable,replace,replaceable
contain,containable,represent,representable
contain,containable,survive,survivable
contain,containable,sustain,sustainable
contain,containable,understand,understandable
contain,containable,vary,variable
contain,containable,write,writeable
contain,containable,write,writable
define,definable,deliver,deliverable
define,definable,discover,discoverable
define,definable,dispose,disposable
define,definable,download,downloadable
define,definable,edit,editable
define,definable,enjoy,enjoyable
define,definable,execute,executable
define,definable,expand,expandable
define,definable,expect,expectable
define,definable,explain,explainable
define,definable,extend,extendable
define,definable,foresee,foreseeable
define,definable,identify,identifiable
define,definable,imagine,imaginable
define,definable,inflate,inflatable
define,definable,learn,learnable
define,definable,maintain,maintainable
define,definable,manage,manageable
define,definable,observe,observable
define,definable,perform,performable
define,definable,predict,predictable
define,definable,prefer,preferable
define,definable,prevent,preventable
define,definable,protect,protectable
define,definable,publish,publishable
define,definable,recognize,recognizable
define,definable,recognize,recognisable
define,definable,recommend,recommendable
define,definable,rely,reliable
define,definable,renew,renewable
define,definable,replace,replaceable
define,definable,represent,representable
define,definable,survive,survivable
define,definable,sustain,sustainable
define,definable,understand,understandable
define,definable,vary,variable
define,definable,write,writeable
define,definable,write,writable
deliver,deliverable,discover,discoverable
deliver,deliverable,dispose,disposable
deliver,deliverable,download,downloadable
deliver,deliverable,edit,editable
deliver,deliverable,enjoy,enjoyable
deliver,deliverable,execute,executable
deliver,deliverable,expand,expandable
deliver,deliverable,expect,expectable
deliver,deliverable,explain,explainable
deliver,deliverable,extend,extendable
deliver,deliverable,foresee,foreseeable
deliver,deliverable,identify,identifiable
deliver,deliverable,imagine,imaginable
deliver,deliverable,inflate,inflatable
deliver,deliverable,learn,learnable
deliver,deliverable,maintain,maintainable
deliver,deliverable,manage,manageable
deliver,deliverable,observe,observable
deliver,deliverable,perform,performable
deliver,deliverable,predict,predictable
deliver,deliverable,prefer,preferable
deliver,deliverable,prevent,preventable
deliver,deliverable,protect,protectable
deliver,deliverable,publish,publishable
deliver,deliverable,recognize,recognizable
deliver,deliverable,recognize,recognisable
deliver,deliverable,recommend,recommendable
deliver,deliverable,rely,reliable
deliver,deliverable,renew,renewable
deliver,deliverable,replace,replaceable
deliver,deliverable,represent,representable
deliver,deliverable,survive,survivable
deliver,deliverable,sustain,sustainable
deliver,deliverable,understand,understandable
deliver,deliverable,vary,variable
deliver,deliverable,write,writeable
deliver,deliverable,write,writable
discover,discoverable,dispose,disposable
discover,discoverable,download,downloadable
discover,discoverable,edit,editable
discover,discoverable,enjoy,enjoyable
discover,discoverable,execute,executable
discover,discoverable,expand,expandable
discover,discoverable,expect,expectable
discover,discoverable,explain,explainable
discover,discoverable,extend,extendable
discover,discoverable,foresee,foreseeable
discover,discoverable,identify,identifiable
discover,discoverable,imagine,imaginable
discover,discoverable,inflate,inflatable
discover,discoverable,learn,learnable
discover,discoverable,maintain,maintainable
discover,discoverable,manage,manageable
discover,discoverable,observe,observable
discover,discoverable,perform,performable
discover,discoverable,predict,predictable
discover,discoverable,prefer,preferable
discover,discoverable,prevent,preventable
discover,discoverable,protect,protectable
discover,discoverable,publish,publishable
discover,discoverable,recognize,recognizable
discover,discoverable,recognize,recognisable
discover,discoverable,recommend,recommendable
discover,discoverable,rely,reliable
discover,discoverable,renew,renewable
discover,discoverable,replace,replaceable
discover,discoverable,represent,representable
discover,discoverable,survive,survivable
discover,discoverable,sustain,sustainable
discover,discoverable,understand,understandable
discover,discoverable,vary,variable
discover,discoverable,write,writeable
discover,discoverable,write,writable
dispose,disposable,download,downloadable
dispose,disposable,edit,editable
dispose,disposable,enjoy,enjoyable
dispose,disposable,execute,executable
dispose,disposable,expand,expandable
dispose,disposable,expect,expectable
dispose,disposable,explain,explainable
dispose,disposable,extend,extendable
dispose,disposable,foresee,foreseeable
dispose,disposable,identify,identifiable
dispose,disposable,imagine,imaginable
dispose,disposable,inflate,inflatable
dispose,disposable,learn,learnable
dispose,disposable,maintain,maintainable
dispose,disposable,manage,manageable
dispose,disposable,observe,observable
dispose,disposable,perform,performable
dispose,disposable,predict,predictable
dispose,disposable,prefer,preferable
dispose,disposable,prevent,preventable
dispose,disposable,protect,protectable
dispose,disposable,publish,publishable
dispose,disposable,recognize,recognizable
dispose,disposable,recognize,recognisable
dispose,disposable,recommend,recommendable
dispose,disposable,rely,reliable
dispose,disposable,renew,renewable
dispose,disposable,replace,replaceable
dispose,disposable,represent,representable
dispose,disposable,survive,survivable
dispose,disposable,sustain,sustainable
dispose,disposable,understand,understandable
dispose,disposable,vary,variable
dispose,disposable,write,writeable
dispose,disposable,write,writable
download,downloadable,edit,editable
download,downloadable,enjoy,enjoyable
download,downloadable,execute,executable
download,downloadable,expand,expandable
download,downloadable,expect,expectable
download,downloadable,explain,explainable
download,downloadable,extend,extendable
download,downloadable,foresee,foreseeable
download,downloadable,identify,identifiable
download,downloadable,imagine,imaginable
download,downloadable,inflate,inflatable
download,downloadable,learn,learnable
download,downloadable,maintain,maintainable
download,downloadable,manage,manageable
download,downloadable,observe,observable
download,downloadable,perform,performable
download,downloadable,predict,predictable
download,downloadable,prefer,preferable
download,downloadable,prevent,preventable
download,downloadable,protect,protectable
download,downloadable,publish,publishable
download,downloadable,recognize,recognizable
download,downloadable,recognize,recognisable
download,downloadable,recommend,recommendable
download,downloadable,rely,reliable
download,downloadable,renew,renewable
download,downloadable,replace,replaceable
download,downloadable,represent,representable
download,downloadable,survive,survivable
download,downloadable,sustain,sustainable
download,downloadable,understand,understandable
download,downloadable,vary,variable
download,downloadable,write,writeable
download,downloadable,write,writable
edit,editable,enjoy,enjoyable
edit,editable,execute,executable
edit,editable,expand,expandable
edit,editable,expect,expectable
edit,editable,explain,explainable
edit,editable,extend,extendable
edit,editable,foresee,foreseeable
edit,editable,identify,identifiable
edit,editable,imagine,imaginable
edit,editable,inflate,inflatable
edit,editable,learn,learnable
edit,editable,maintain,maintainable
edit,editable,manage,manageable
edit,editable,observe,observable
edit,editable,perform,performable
edit,editable,predict,predictable
edit,editable,prefer,preferable
edit,editable,prevent,preventable
edit,editable,protect,protectable
edit,editable,publish,publishable
edit,editable,recognize,recognizable
edit,editable,recognize,recognisable
edit,editable,recommend,recommendable
edit,editable,rely,reliable
edit,editable,renew,renewable
edit,editable,replace,replaceable
edit,editable,represent,representable
edit,editable,survive,survivable
edit,editable,sustain,sustainable
edit,editable,understand,understandable
edit,editable,vary,variable
edit,editable,write,writeable
edit,editable,write,writable
enjoy,enjoyable,execute,executable
enjoy,enjoyable,expand,expandable
enjoy,enjoyable,expect,expectable
enjoy,enjoyable,explain,explainable
enjoy,enjoyable,extend,extendable
enjoy,enjoyable,foresee,foreseeable
enjoy,enjoyable,identify,identifiable
enjoy,enjoyable,imagine,imaginable
enjoy,enjoyable,inflate,inflatable
enjoy,enjoyable,learn,learnable
enjoy,enjoyable,maintain,maintainable
enjoy,enjoyable,manage,manageable
enjoy,enjoyable,observe,observable
enjoy,enjoyable,perform,performable
enjoy,enjoyable,predict,predictable
enjoy,enjoyable,prefer,preferable
enjoy,enjoyable,prevent,preventable
enjoy,enjoyable,protect,protectable
enjoy,enjoyable,publish,publishable
enjoy,enjoyable,recognize,recognizable
enjoy,enjoyable,recognize,recognisable
enjoy,enjoyable,recommend,recommendable
enjoy,enjoyable,rely,reliable
enjoy,enjoyable,renew,renewable
enjoy,enjoyable,replace,replaceable
enjoy,enjoyable,represent,representable
enjoy,enjoyable,survive,survivable
enjoy,enjoyable,sustain,sustainable
enjoy,enjoyable,understand,understandable
enjoy,enjoyable,vary,variable
enjoy,enjoyable,write,writeable
enjoy,enjoyable,write,writable
execute,executable,expand,expandable
execute,executable,expect,expectable
execute,executable,explain,explainable
execute,executable,extend,extendable
execute,executable,foresee,foreseeable
execute,executable,identify,identifiable
execute,executable,imagine,imaginable
execute,executable,inflate,inflatable
execute,executable,learn,learnable
execute,executable,maintain,maintainable
execute,executable,manage,manageable
execute,executable,observe,observable
execute,executable,perform,performable
execute,executable,predict,predictable
execute,executable,prefer,preferable
execute,executable,prevent,preventable
execute,executable,protect,protectable
execute,executable,publish,publishable
execute,executable,recognize,recognizable
execute,executable,recognize,recognisable
execute,executable,recommend,recommendable
execute,executable,rely,reliable
execute,executable,renew,renewable
execute,executable,replace,replaceable
execute,executable,represent,representable
execute,executable,survive,survivable
execute,executable,sustain,sustainable
execute,executable,understand,understandable
execute,executable,vary,variable
execute,executable,write,writeable
execute,executable,write,writable
expand,expandable,expect,expectable
expand,expandable,explain,explainable
expand,expandable,extend,extendable
expand,expandable,foresee,foreseeable
expand,expandable,identify,identifiable
expand,expandable,imagine,imaginable
expand,expandable,inflate,inflatable
expand,expandable,learn,learnable
expand,expandable,maintain,maintainable
expand,expandable,manage,manageable
expand,expandable,observe,observable
expand,expandable,perform,performable
expand,expandable,predict,predictable
expand,expandable,prefer,preferable
expand,expandable,prevent,preventable
expand,expandable,protect,protectable
expand,expandable,publish,publishable
expand,expandable,recognize,recognizable
expand,expandable,recognize,recognisable
expand,expandable,recommend,recommendable
expand,expandable,rely,reliable
expand,expandable,renew,renewable
expand,expandable,replace,replaceable
expand,expandable,represent,representable
expand,expandable,survive,survivable
expand,expandable,sustain,sustainable
expand,expandable,understand,understandable
expand,expandable,vary,variable
expand,expandable,write,writeable
expand,expandable,write,writable
expect,expectable,explain,explainable
expect,expectable,extend,extendable
expect,expectable,foresee,foreseeable
expect,expectable,identify,identifiable
expect,expectable,imagine,imaginable
expect,expectable,inflate,inflatable
expect,expectable,learn,learnable
expect,expectable,maintain,maintainable
expect,expectable,manage,manageable
expect,expectable,observe,observable
expect,expectable,perform,performable
expect,expectable,predict,predictable
expect,expectable,prefer,preferable
expect,expectable,prevent,preventable
expect,expectable,protect,protectable
expect,expectable,publish,publishable
expect,expectable,recognize,recognizable
expect,expectable,recognize,recognisable
expect,expectable,recommend,recommendable
expect,expectable,rely,reliable
expect,expectable,renew,renewable
expect,expectable,replace,replaceable
expect,expectable,represent,representable
expect,expectable,survive,survivable
expect,expectable,sustain,sustainable
expect,expectable,understand,understandable
expect,expectable,vary,variable
expect,expectable,write,writeable
expect,expectable,write,writable
explain,explainable,extend,extendable
explain,explainable,foresee,foreseeable
explain,explainable,identify,identifiable
explain,explainable,imagine,imaginable
explain,explainable,inflate,inflatable
explain,explainable,learn,learnable
explain,explainable,maintain,maintainable
explain,explainable,manage,manageable
explain,explainable,observe,observable
explain,explainable,perform,performable
explain,explainable,predict,predictable
explain,explainable,prefer,preferable
explain,explainable,prevent,preventable
explain,explainable,protect,protectable
explain,explainable,publish,publishable
explain,explainable,recognize,recognizable
explain,explainable,recognize,recognisable
explain,explainable,recommend,recommendable
explain,explainable,rely,reliable
explain,explainable,renew,renewable
explain,explainable,replace,replaceable
explain,explainable,represent,representable
explain,explainable,survive,survivable
explain,explainable,sustain,sustainable
explain,explainable,understand,understandable
explain,explainable,vary,variable
explain,explainable,write,writeable
explain,explainable,write,writable
extend,extendable,foresee,foreseeable
extend,extendable,identify,identifiable
extend,extendable,imagine,imaginable
extend,extendable,inflate,inflatable
extend,extendable,learn,learnable
extend,extendable,maintain,maintainable
extend,extendable,manage,manageable
extend,extendable,observe,observable
extend,extendable,perform,performable
extend,extendable,predict,predictable
extend,extendable,prefer,preferable
extend,extendable,prevent,preventable
extend,extendable,protect,protectable
extend,extendable,publish,publishable
extend,extendable,recognize,recognizable
extend,extendable,recognize,recognisable
extend,extendable,recommend,recommendable
extend,extendable,rely,reliable
extend,extendable,renew,renewable
extend,extendable,replace,replaceable
extend,extendable,represent,representable
extend,extendable,survive,survivable
extend,extendable,sustain,sustainable
extend,extendable,understand,understandable
extend,extendable,vary,variable
extend,extendable,write,writeable
extend,extendable,write,writable
foresee,foreseeable,identify,identifiable
foresee,foreseeable,imagine,imaginable
foresee,foreseeable,inflate,inflatable
foresee,foreseeable,learn,learnable
foresee,foreseeable,maintain,maintainable
foresee,foreseeable,manage,manageable
foresee,foreseeable,observe,observable
foresee,foreseeable,perform,performable
foresee,foreseeable,predict,predictable
foresee,foreseeable,prefer,preferable
foresee,foreseeable,prevent,preventable
foresee,foreseeable,protect,protectable
foresee,foreseeable,publish,publishable
foresee,foreseeable,recognize,recognizable
foresee,foreseeable,recognize,recognisable
foresee,foreseeable,recommend,recommendable
foresee,foreseeable,rely,reliable
foresee,foreseeable,renew,renewable
foresee,foreseeable,replace,replaceable
foresee,foreseeable,represent,representable
foresee,foreseeable,survive,survivable
foresee,foreseeable,sustain,sustainable
foresee,foreseeable,understand,understandable
foresee,foreseeable,vary,variable
foresee,foreseeable,write,writeable
foresee,foreseeable,write,writable
identify,identifiable,imagine,imaginable
identify,identifiable,inflate,inflatable
identify,identifiable,learn,learnable
identify,identifiable,maintain,maintainable
identify,identifiable,manage,manageable
identify,identifiable,observe,observable
identify,identifiable,perform,performable
identify,identifiable,predict,predictable
identify,identifiable,prefer,preferable
identify,identifiable,prevent,preventable
identify,identifiable,protect,protectable
identify,identifiable,publish,publishable
identify,identifiable,recognize,recognizable
identify,identifiable,recognize,recognisable
identify,identifiable,recommend,recommendable
identify,identifiable,rely,reliable
identify,identifiable,renew,renewable
identify,identifiable,replace,replaceable
identify,identifiable,represent,representable
identify,identifiable,survive,survivable
identify,identifiable,sustain,sustainable
identify,identifiable,understand,understandable
identify,identifiable,vary,variable
identify,identifiable,write,writeable
identify,identifiable,write,writable
imagine,imaginable,inflate,inflatable
imagine,imaginable,learn,learnable
imagine,imaginable,maintain,maintainable
imagine,imaginable,manage,manageable
imagine,imaginable,observe,observable
imagine,imaginable,perform,performable
imagine,imaginable,predict,predictable
imagine,imaginable,prefer,preferable
imagine,imaginable,prevent,preventable
imagine,imaginable,protect,protectable
imagine,imaginable,publish,publishable
imagine,imaginable,recognize,recognizable
imagine,imaginable,recognize,recognisable
imagine,imaginable,recommend,recommendable
imagine,imaginable,rely,reliable
imagine,imaginable,renew,renewable
imagine,imaginable,replace,replaceable
imagine,imaginable,represent,representable
imagine,imaginable,survive,survivable
imagine,imaginable,sustain,sustainable
imagine,imaginable,understand,understandable
imagine,imaginable,vary,variable
imagine,imaginable,write,writeable
imagine,imaginable,write,writable
inflate,inflatable,learn,learnable
inflate,inflatable,maintain,maintainable
inflate,inflatable,manage,manageable
inflate,inflatable,observe,observable
inflate,inflatable,perform,performable
inflate,inflatable,predict,predictable
inflate,inflatable,prefer,preferable
inflate,inflatable,prevent,preventable
inflate,inflatable,protect,protectable
inflate,inflatable,publish,publishable
inflate,inflatable,recognize,recognizable
inflate,inflatable,recognize,recognisable
inflate,inflatable,recommend,recommendable
inflate,inflatable,rely,reliable
inflate,inflatable,renew,renewable
inflate,inflatable,replace,replaceable
inflate,inflatable,represent,representable
inflate,inflatable,survive,survivable
inflate,inflatable,sustain,sustainable
inflate,inflatable,understand,understandable
inflate,inflatable,vary,variable
inflate,inflatable,write,writeable
inflate,inflatable,write,writable
learn,learnable,maintain,maintainable
learn,learnable,manage,manageable
learn,learnable,observe,observable
learn,learnable,perform,performable
learn,learnable,predict,predictable
learn,learnable,prefer,preferable
learn,learnable,prevent,preventable
learn,learnable,protect,protectable
learn,learnable,publish,publishable
learn,learnable,recognize,recognizable
learn,learnable,recognize,recognisable
learn,learnable,recommend,recommendable
learn,learnable,rely,reliable
learn,learnable,renew,renewable
learn,learnable,replace,replaceable
learn,learnable,represent,representable
learn,learnable,survive,survivable
learn,learnable,sustain,sustainable
learn,learnable,understand,understandable
learn,learnable,vary,variable
learn,learnable,write,writeable
learn,learnable,write,writable
maintain,maintainable,manage,manageable
maintain,maintainable,observe,observable
maintain,maintainable,perform,performable
maintain,maintainable,predict,predictable
maintain,maintainable,prefer,preferable
maintain,maintainable,prevent,preventable
maintain,maintainable,protect,protectable
maintain,maintainable,publish,publishable
maintain,maintainable,recognize,recognizable
maintain,maintainable,recognize,recognisable
maintain,maintainable,recommend,recommendable
maintain,maintainable,rely,reliable
maintain,maintainable,renew,renewable
maintain,maintainable,replace,replaceable
maintain,maintainable,represent,representable
maintain,maintainable,survive,survivable
maintain,maintainable,sustain,sustainable
maintain,maintainable,understand,understandable
maintain,maintainable,vary,variable
maintain,maintainable,write,writeable
maintain,maintainable,write,writable
manage,manageable,observe,observable
manage,manageable,perform,performable
manage,manageable,predict,predictable
manage,manageable,prefer,preferable
manage,manageable,prevent,preventable
manage,manageable,protect,protectable
manage,manageable,publish,publishable
manage,manageable,recognize,recognizable
manage,manageable,recognize,recognisable
manage,manageable,recommend,recommendable
manage,manageable,rely,reliable
manage,manageable,renew,renewable
manage,manageable,replace,replaceable
manage,manageable,represent,representable
manage,manageable,survive,survivable
manage,manageable,sustain,sustainable
manage,manageable,understand,understandable
manage,manageable,vary,variable
manage,manageable,write,writeable
manage,manageable,write,writable
observe,observable,perform,performable
observe,observable,predict,predictable
observe,observable,prefer,preferable
observe,observable,prevent,preventable
observe,observable,protect,protectable
observe,observable,publish,publishable
observe,observable,recognize,recognizable
observe,observable,recognize,recognisable
observe,observable,recommend,recommendable
observe,observable,rely,reliable
observe,observable,renew,renewable
observe,observable,replace,replaceable
observe,observable,represent,representable
observe,observable,survive,survivable
observe,observable,sustain,sustainable
observe,observable,understand,understandable
observe,observable,vary,variable
observe,observable,write,writeable
observe,observable,write,writable
perform,performable,predict,predictable
perform,performable,prefer,preferable
perform,performable,prevent,preventable
perform,performable,protect,protectable
perform,performable,publish,publishable
perform,performable,recognize,recognizable
perform,performable,recognize,recognisable
perform,performable,recommend,recommendable
perform,performable,rely,reliable
perform,performable,renew,renewable
perform,performable,replace,replaceable
perform,performable,represent,representable
perform,performable,survive,survivable
perform,performable,sustain,sustainable
perform,performable,understand,understandable
perform,performable,vary,variable
perform,performable,write,writeable
perform,performable,write,writable
predict,predictable,prefer,preferable
predict,predictable,prevent,preventable
predict,predictable,protect,protectable
predict,predictable,publish,publishable
predict,predictable,recognize,recognizable
predict,predictable,recognize,recognisable
predict,predictable,recommend,recommendable
predict,predictable,rely,reliable
predict,predictable,renew,renewable
predict,predictable,replace,replaceable
predict,predictable,represent,representable
predict,predictable,survive,survivable
predict,predictable,sustain,sustainable
predict,predictable,understand,understandable
predict,predictable,vary,variable
predict,predictable,write,writeable
predict,predictable,write,writable
prefer,preferable,prevent,preventable
prefer,preferable,protect,protectable
prefer,preferable,publish,publishable
prefer,preferable,recognize,recognizable
prefer,preferable,recognize,recognisable
prefer,preferable,recommend,recommendable
prefer,preferable,rely,reliable
prefer,preferable,renew,renewable
prefer,preferable,replace,replaceable
prefer,preferable,represent,representable
prefer,preferable,survive,survivable
prefer,preferable,sustain,sustainable
prefer,preferable,understand,understandable
prefer,preferable,vary,variable
prefer,preferable,write,writeable
prefer,preferable,write,writable
prevent,preventable,protect,protectable
prevent,preventable,publish,publishable
prevent,preventable,recognize,recognizable
prevent,preventable,recognize,recognisable
prevent,preventable,recommend,recommendable
prevent,preventable,rely,reliable
prevent,preventable,renew,renewable
prevent,preventable,replace,replaceable
prevent,preventable,represent,representable
prevent,preventable,survive,survivable
prevent,preventable,sustain,sustainable
prevent,preventable,understand,understandable
prevent,preventable,vary,variable
prevent,preventable,write,writeable
prevent,preventable,write,writable
protect,protectable,publish,publishable
protect,protectable,recognize,recognizable
protect,protectable,recognize,recognisable
protect,protectable,recommend,recommendable
protect,protectable,rely,reliable
protect,protectable,renew,renewable
protect,protectable,replace,replaceable
protect,protectable,represent,representable
protect,protectable,survive,survivable
protect,protectable,sustain,sustainable
protect,protectable,understand,understandable
protect,protectable,vary,variable
protect,protectable,write,writeable
protect,protectable,write,writable
publish,publishable,recognize,recognizable
publish,publishable,recognize,recognisable
publish,publishable,recommend,recommendable
publish,publishable,rely,reliable
publish,publishable,renew,renewable
publish,publishable,replace,replaceable
publish,publishable,represent,representable
publish,publishable,survive,survivable
publish,publishable,sustain,sustainable
publish,publishable,understand,understandable
publish,publishable,vary,variable
publish,publishable,write,writeable
publish,publishable,write,writable
recognize,recognizable,recommend,recommendable
recognize,recognizable,rely,reliable
recognize,recognizable,renew,renewable
recognize,recognizable,replace,replaceable
recognize,recognizable,represent,representable
recognize,recognizable,survive,survivable
recognize,recognizable,sustain,sustainable
recognize,recognizable,understand,understandable
recognize,recognizable,vary,variable
recognize,recognizable,write,writeable
recognize,recognizable,write,writable
recognize,recognisable,recommend,recommendable
recognize,recognisable,rely,reliable
recognize,recognisable,renew,renewable
recognize,recognisable,replace,replaceable
recognize,recognisable,represent,representable
recognize,recognisable,survive,survivable
recognize,recognisable,sustain,sustainable
recognize,recognisable,understand,understandable
recognize,recognisable,vary,variable
recognize,recognisable,write,writeable
recognize,recognisable,write,writable
recommend,recommendable,rely,reliable
recommend,recommendable,renew,renewable
recommend,recommendable,replace,replaceable
recommend,recommendable,represent,representable
recommend,recommendable,survive,survivable
recommend,recommendable,sustain,sustainable
recommend,recommendable,understand,understandable
recommend,recommendable,vary,variable
recommend,recommendable,write,writeable
recommend,recommendable,write,writable
rely,reliable,renew,renewable
rely,reliable,replace,replaceable
rely,reliable,represent,representable
rely,reliable,survive,survivable
rely,reliable,sustain,sustainable
rely,reliable,understand,understandable
rely,reliable,vary,variable
rely,reliable,write,writeable
rely,reliable,write,writable
renew,renewable,replace,replaceable
renew,renewable,represent,representable
renew,renewable,survive,survivable
renew,renewable,sustain,sustainable
renew,renewable,understand,understandable
renew,renewable,vary,variable
renew,renewable,write,writeable
renew,renewable,write,writable
replace,replaceable,represent,representable
replace,replaceable,survive,survivable
replace,replaceable,sustain,sustainable
replace,replaceable,understand,understandable
replace,replaceable,vary,variable
replace,replaceable,write,writeable
replace,replaceable,write,writable
represent,representable,survive,survivable
represent,representable,sustain,sustainable
represent,representable,understand,understandable
represent,representable,vary,variable
represent,representable,write,writeable
represent,representable,write,writable
survive,survivable,sustain,sustainable
survive,survivable,understand,understandable
survive,survivable,vary,variable
survive,survivable,write,writeable
survive,survivable,write,writable
sustain,sustainable,understand,understandable
sustain,sustainable,vary,variable
sustain,sustainable,write,writeable
sustain,sustainable,write,writable
understand,understandable,vary,variable
understand,understandable,write,writeable
understand,understandable,write,writable
vary,variable,write,writeable
vary,variable,write,writable
