decrease,decreases,describe,describes,14
decrease,eat,decreases,eats,14
decrease,decreases,enhance,enhances,14
decrease,estimate,decreases,estimates,14
decrease,decreases,find,finds,14
decrease,generate,decreases,generates,14
decrease,decreases,go,goes,14
decrease,implement,decreases,implements,14
decrease,decreases,increase,increases,14
decrease,listen,decreases,listens,14
decrease,decreases,play,plays,14
decrease,predict,decreases,predicts,14
decrease,decreases,provide,provides,14
decrease,say,decreases,says,14
decrease,decreases,scream,screams,14
decrease,search,decreases,searches,14
decrease,decreases,see,sees,14
decrease,shuffle,decreases,shuffles,14
decrease,decreases,sing,sings,14
decrease,sit,decreases,sits,14
decrease,decreases,slow,slows,14
decrease,speak,decreases,speaks,14
decrease,decreases,swim,swims,14
decrease,talk,decreases,talks,14
decrease,decreases,think,thinks,14
decrease,vanish,decreases,vanishes,14
decrease,decreases,walk,walks,14
decrease,work,decreases,works,14
decrease,decreases,write,writes,14
describe,eat,describes,eats,14
describe,describes,enhance,enhances,14
describe,estimate,describes,estimates,14
describe,describes,find,finds,14
describe,generate,describes,generates,14
describe,describes,go,goes,14
describe,implement,describes,implements,14
describe,describes,increase,increases,14
describe,listen,describes,listens,14
describe,describes,play,plays,14
describe,predict,describes,predicts,14
describe,describes,provide,provides,14
describe,say,describes,says,14
describe,describes,scream,screams,14
describe,search,describes,searches,14
describe,describes,see,sees,14
describe,shuffle,describes,shuffles,14
describe,describes,sing,sings,14
describe,sit,describes,sits,14
describe,describes,slow,slows,14
describe,speak,describes,speaks,14
describe,describes,swim,swims,14
describe,talk,describes,talks,14
describe,describes,think,thinks,14
describe,vanish,describes,vanishes,14
describe,describes,walk,walks,14
describe,work,describes,works,14
describe,describes,write,writes,14
eat,enhance,eats,enhances,14
eat,eats,estimate,estimates,14
eat,find,eats,finds,14
eat,eats,generate,generates,14
eat,go,eats,goes,14
eat,eats,implement,implements,14
eat,increase,eats,increases,14
eat,eats,listen,listens,14
eat,play,eats,plays,14
eat,eats,predict,predicts,14
eat,provide,eats,provides,14
eat,eats,say,says,14
eat,scream,eats,screams,14
eat,eats,search,searches,14
eat,see,eats,sees,14
eat,eats,shuffle,shuffles,14
eat,sing,eats,sings,14
eat,eats,sit,sits,14
eat,slow,eats,slows,14
eat,eats,speak,speaks,14
eat,swim,eats,swims,14
eat,eats,talk,talks,14
eat,think,eats,thinks,14
eat,eats,vanish,vanishes,14
eat,walk,eats,walks,14
eat,eats,work,works,14
eat,write,eats,writes,14
enhance,enhances,estimate,estimates,14
enhance,find,enhances,finds,14
enhance,enhances,generate,generates,14
enhance,go,enhances,goes,14
enhance,enhances,implement,implements,14
enhance,increase,enhances,increases,14
enhance,enhances,listen,listens,14
enhance,play,enhances,plays,14
enhance,enhances,predict,predicts,14
enhance,provide,enhances,provides,14
enhance,enhances,say,says,14
enhance,scream,enhances,screams,14
enhance,enhances,search,searches,14
enhance,see,enhances,sees,14
enhance,enhances,shuffle,shuffles,14
enhance,sing,enhances,sings,14
enhance,enhances,sit,sits,14
enhance,slow,enhances,slows,14
enhance,enhances,speak,speaks,14
enhance,swim,enhances,swims,14
enhance,enhances,talk,talks,14
enhance,think,enhances,thinks,14
enhance,enhances,vanish,vanishes,14
enhance,walk,enhances,walks,14
enhance,enhances,work,works,14
enhance,write,enhances,writes,14
estimate,estimates,find,finds,14
estimate,generate,estimates,generates,14
estimate,estimates,go,goes,14
estimate,implement,estimates,implements,14
estimate,estimates,increase,increases,14
estimate,listen,estimates,listens,14
estimate,estimates,play,plays,14
estimate,predict,estimates,predicts,14
estimate,estimates,provide,provides,14
estimate,say,estimates,says,14
estimate,estimates,scream,screams,14
estimate,search,estimates,searches,14
estimate,estimates,see,sees,14
estimate,shuffle,estimates,shuffles,14
estimate,estimates,sing,sings,14
estimate,sit,estimates,sits,14
estimate,estimates,slow,slows,14
estimate,speak,estimates,speaks,14
estimate,estimates,swim,swims,14
estimate,talk,estimates,talks,14
estimate,estimates,think,thinks,14
estimate,vanish,estimates,vanishes,14
estimate,estimates,walk,walks,14
estimate,work,estimates,works,14
estimate,estimates,write,writes,14
find,generate,finds,generates,14
find,finds,go,goes,14
find,implement,finds,implements,14
find,finds,increase,increases,14
find,listen,finds,listens,14
find,finds,play,plays,14
find,predict,finds,predicts,14
find,finds,provide,provides,14
find,say,finds,says,14
find,finds,scream,screams,14
find,search,finds,searches,14
find,finds,see,sees,14
find,shuffle,finds,shuffles,14
find,finds,sing,sings,14
find,sit,finds,sits,14
find,finds,slow,slows,14
find,speak,finds,speaks,14
find,finds,swim,swims,14
find,talk,finds,talks,14
find,finds,think,thinks,14
find,vanish,finds,vanishes,14
find,finds,walk,walks,14
find,work,finds,works,14
find,finds,write,writes,14
generate,go,generates,goes,14
generate,generates,implement,implements,14
generate,increase,generates,increases,14
generate,generates,listen,listens,14
generate,play,generates,plays,14
generate,generates,predict,predicts,14
generate,provide,generates,provides,14
generate,generates,say,says,14
generate,scream,generates,screams,14
generate,generates,search,searches,14
generate,see,generates,sees,14
generate,generates,shuffle,shuffles,14
generate,sing,generates,sings,14
generate,generates,sit,sits,14
generate,slow,generates,slows,14
generate,generates,speak,speaks,14
generate,swim,generates,swims,14
generate,generates,talk,talks,14
generate,think,generates,thinks,14
generate,generates,vanish,vanishes,14
generate,walk,generates,walks,14
generate,generates,work,works,14
generate,write,generates,writes,14
go,goes,implement,implements,14
go,increase,goes,increases,14
go,goes,listen,listens,14
go,play,goes,plays,14
go,goes,predict,predicts,14
go,provide,goes,provides,14
go,goes,say,says,14
go,scream,goes,screams,14
go,goes,search,searches,14
go,see,goes,sees,14
go,goes,shuffle,shuffles,14
go,sing,goes,sings,14
go,goes,sit,sits,14
go,slow,goes,slows,14
go,goes,speak,speaks,14
go,swim,goes,swims,14
go,goes,talk,talks,14
go,think,goes,thinks,14
go,goes,vanish,vanishes,14
go,walk,goes,walks,14
go,goes,work,works,14
go,write,goes,writes,14
implement,implements,increase,increases,14
implement,listen,implements,listens,14
implement,implements,play,plays,14
implement,predict,implements,predicts,14
implement,implements,provide,provides,14
implement,say,implements,says,14
implement,implements,scream,screams,14
implement,search,implements,searches,14
implement,implements,see,sees,14
implement,shuffle,implements,shuffles,14
implement,implements,sing,sings,14
implement,sit,implements,sits,14
implement,implements,slow,slows,14
implement,speak,implements,speaks,14
implement,implements,swim,swims,14
implement,talk,implements,talks,14
implement,implements,think,thinks,14
implement,vanish,implements,vanishes,14
implement,implements,walk,walks,14
implement,work,implements,works,14
implement,implements,write,writes,14
increase,listen,increases,listens,14
increase,increases,play,plays,14
increase,predict,increases,predicts,14
increase,increases,provide,provides,14
increase,say,increases,says,14
increase,increases,scream,screams,14
increase,search,increases,searches,14
increase,increases,see,sees,14
increase,shuffle,increases,shuffles,14
increase,increases,sing,sings,14
increase,sit,increases,sits,14
increase,increases,slow,slows,14
increase,speak,increases,speaks,14
increase,increases,swim,swims,14
increase,talk,increases,talks,14
increase,increases,think,thinks,14
increase,vanish,increases,vanishes,14
increase,increases,walk,walks,14
increase,work,increases,works,14
increase,increases,write,writes,14
listen,play,listens,plays,14
listen,listens,predict,predicts,14
listen,provide,listens,provides,14
listen,listens,say,says,14
listen,scream,listens,screams,14
listen,listens,search,searches,14
listen,see,listens,sees,14
listen,listens,shuffle,shuffles,14
listen,sing,listens,sings,14
listen,listens,sit,sits,14
listen,slow,listens,slows,14
listen,listens,speak,speaks,14
listen,swim,listens,swims,14
listen,listens,talk,talks,14
listen,think,listens,thinks,14
listen,listens,vanish,vanishes,14
listen,walk,listens,walks,14
listen,listens,work,works,14
listen,write,listens,writes,14
play,plays,predict,predicts,14
play,provide,plays,provides,14
play,plays,say,says,14
play,scream,plays,screams,14
play,plays,search,searches,14
play,see,plays,sees,14
play,plays,shuffle,shuffles,14
play,sing,plays,sings,14
play,plays,sit,sits,14
play,slow,plays,slows,14
play,plays,speak,speaks,14
play,swim,plays,swims,14
play,plays,talk,talks,14
play,think,plays,thinks,14
play,plays,vanish,vanishes,14
play,walk,plays,walks,14
play,plays,work,works,14
play,write,plays,writes,14
predict,predicts,provide,provides,14
predict,say,predicts,says,14
predict,predicts,scream,screams,14
predict,search,predicts,searches,14
predict,predicts,see,sees,14
predict,shuffle,predicts,shuffles,14
predict,predicts,sing,sings,14
predict,sit,predicts,sits,14
predict,predicts,slow,slows,14
predict,speak,predicts,speaks,14
predict,predicts,swim,swims,14
predict,talk,predicts,talks,14
predict,predicts,think,thinks,14
predict,vanish,predicts,vanishes,14
predict,predicts,walk,walks,14
predict,work,predicts,works,14
predict,predicts,write,writes,14
provide,say,provides,says,14
provide,provides,scream,screams,14
provide,search,provides,searches,14
provide,provides,see,sees,14
provide,shuffle,provides,shuffles,14
provide,provides,sing,sings,14
provide,sit,provides,sits,14
provide,provides,slow,slows,14
provide,speak,provides,speaks,14
provide,provides,swim,swims,14
provide,talk,provides,talks,14
provide,provides,think,thinks,14
provide,vanish,provides,vanishes,14
provide,provides,walk,walks,14
provide,work,provides,works,14
provide,provides,write,writes,14
say,scream,says,screams,14
say,says,search,searches,14
say,see,says,sees,14
say,says,shuffle,shuffles,14
say,sing,says,sings,14
say,says,sit,sits,14
say,slow,says,slows,14
say,says,speak,speaks,14
say,swim,says,swims,14
say,says,talk,talks,14
say,think,says,thinks,14
say,says,vanish,vanishes,14
say,walk,says,walks,14
say,says,work,works,14
say,write,says,writes,14
scream,screams,search,searches,14
scream,see,screams,sees,14
scream,screams,shuffle,shuffles,14
scream,sing,screams,sings,14
scream,screams,sit,sits,14
scream,slow,screams,slows,14
scream,screams,speak,speaks,14
scream,swim,screams,swims,14
scream,screams,talk,talks,14
scream,think,screams,thinks,14
scream,screams,vanish,vanishes,14
scream,walk,screams,walks,14
scream,screams,work,works,14
scream,write,screams,writes,14
search,searches,see,sees,14
search,shuffle,searches,shuffles,14
search,searches,sing,sings,14
search,sit,searches,sits,14
search,searches,slow,slows,14
search,speak,searches,speaks,14
search,searches,swim,swims,14
search,talk,searches,talks,14
search,searches,think,thinks,14
search,vanish,searches,vanishes,14
search,searches,walk,walks,14
search,work,searches,works,14
search,searches,write,writes,14
see,shuffle,sees,shuffles,14
see,sees,sing,sings,14
see,sit,sees,sits,14
see,sees,slow,slows,14
see,speak,sees,speaks,14
see,sees,swim,swims,14
see,talk,sees,talks,14
see,sees,think,thinks,14
see,vanish,sees,vanishes,14
see,sees,walk,walks,14
see,work,sees,works,14
see,sees,write,writes,14
shuffle,sing,shuffles,sings,14
shuffle,shuffles,sit,sits,14
shuffle,slow,shuffles,slows,14
shuffle,shuffles,speak,speaks,14
shuffle,swim,shuffles,swims,14
shuffle,shuffles,talk,talks,14
shuffle,think,shuffles,thinks,14
shuffle,shuffles,vanish,vanishes,14
shuffle,walk,shuffles,walks,14
shuffle,shuffles,work,works,14
shuffle,write,shuffles,writes,14
sing,sings,sit,sits,14
sing,slow,sings,slows,14
sing,sings,speak,speaks,14
sing,swim,sings,swims,14
sing,sings,talk,talks,14
sing,think,sings,thinks,14
sing,sings,vanish,vanishes,14
sing,walk,sings,walks,14
sing,sings,work,works,14
sing,write,sings,writes,14
sit,sits,slow,slows,14
sit,speak,sits,speaks,14
sit,sits,swim,swims,14
sit,talk,sits,talks,14
sit,sits,think,thinks,14
sit,vanish,sits,vanishes,14
sit,sits,walk,walks,14
sit,work,sits,works,14
sit,sits,write,writes,14
slow,speak,slows,speaks,14
slow,slows,swim,swims,14
slow,talk,slows,talks,14
slow,slows,think,thinks,14
slow,vanish,slows,vanishes,14
slow,slows,walk,walks,14
slow,work,slows,works,14
slow,slows,write,writes,14
speak,swim,speaks,swims,14
speak,speaks,talk,talks,14
speak,think,speaks,thinks,14
speak,speaks,vanish,vanishes,14
speak,walk,speaks,walks,14
speak,speaks,work,works,14
speak,write,speaks,writes,14
swim,swims,talk,talks,14
swim,think,swims,thinks,14
swim,swims,vanish,vanishes,14
swim,walk,swims,walks,14
swim,swims,work,works,14
swim,write,swims,writes,14
talk,talks,think,thinks,14
talk,vanish,talks,vanishes,14
talk,talks,walk,walks,14
talk,work,talks,works,14
talk,talks,write,writes,14
think,vanish,thinks,vanishes,14
think,thinks,walk,walks,14
think,work,thinks,works,14
think,thinks,write,writes,14
vanish,walk,vanishes,walks,14
vanish,vanishes,work,works,14
vanish,write,vanishes,writes,14
walk,walks,work,works,14
walk,write,walks,writes,14
work,works,write,writes,14
